run_tag,symbol,deal_ticket,position_id,signal_bar_open_time,signal_bar_close_time,entry_bar_open_time,entry_time,exit_time,z_score,ema48,residual,sigma48,atr14,atr_p20,atr_p80,xau_bar_time,xau_open,xau_close,xau_return,cross_asset_filter_enabled,cross_asset_filter_pass,alignment_exact,trade_direction,spread_at_entry_points,initial_sl_distance_points,initial_tp_distance_points,spread_over_sl,spread_over_tp,risk_budget,actual_initial_sl_risk,ocp_expected_pl,deal_profit,swap,commission,net,formula_value,formula_diff,close_type,exit_reason,server_utc_offset
DS260914_XAMR30_V1_TRAIN,USDJPYm,3,2,2018.01.02 10:00:00,2018.01.02 10:30:00,2018.01.02 10:30:00,2018.01.02 10:30:00,2018.01.02 10:59:57,-3.76489,112.606,-0.338,0.090,0.068,0.051,0.079,2018.01.02 10:00,1312.202,1310.974,-0.000936,1,1,1,long,11.0,67.6,54.1,0.16262,0.20327,7.50,7.23,-7.2800,-7.2800,0.00,0.00,-7.28,-7.2719,0.0081,full,sl,0
DS260914_XAMR30_V1_TRAIN,USDJPYm,5,4,2018.01.04 02:00:00,2018.01.04 02:30:00,2018.01.04 02:30:00,2018.01.04 02:30:00,2018.01.04 06:29:58,1.89237,112.442,0.225,0.119,0.067,0.051,0.076,2018.01.04 02:00,1307.107,1307.545,0.000335,1,1,1,short,9.0,66.9,53.5,0.13462,0.16827,7.39,7.15,5.6500,5.6500,0.00,0.00,5.65,5.6477,0.0023,full,tp,0
DS260914_XAMR30_V1_TRAIN,USDJPYm,7,6,2018.01.05 03:00:00,2018.01.05 03:30:00,2018.01.05 03:30:00,2018.01.05 03:30:00,2018.01.05 04:59:57,1.74171,112.703,0.104,0.060,0.051,0.050,0.076,2018.01.05 03:00,1321.045,1321.855,0.000613,1,1,1,short,9.0,51.4,41.1,0.17524,0.21905,7.48,7.31,-7.2300,-7.2300,0.00,0.00,-7.23,-7.2304,0.0004,full,sl,0
DS260914_XAMR30_V1_TRAIN,USDJPYm,9,8,2018.01.11 20:30:00,2018.01.11 21:00:00,2018.01.11 21:00:00,2018.01.11 21:00:00,2018.01.11 23:59:58,-1.55545,111.489,-0.280,0.180,0.098,0.057,0.102,2018.01.11 20:30,1322.385,1321.803,-0.000440,1,1,1,long,23.0,97.7,78.2,0.23538,0.29423,7.37,6.93,5.6000,5.6000,0.00,0.00,5.60,5.6060,0.0060,full,tp,0
DS260914_XAMR30_V1_TRAIN,USDJPYm,11,10,2018.01.12 09:30:00,2018.01.12 10:00:00,2018.01.12 10:00:00,2018.01.12 10:00:00,2018.01.12 10:59:58,-1.82373,111.323,-0.220,0.120,0.099,0.058,0.103,2018.01.12 09:30,1331.427,1330.839,-0.000442,1,1,1,long,13.0,98.5,78.8,0.13198,0.16497,7.45,7.08,-7.0600,-7.0600,0.00,0.00,-7.06,-7.0619,0.0019,full,sl,0
DS260914_XAMR30_V1_TRAIN,USDJPYm,13,12,2018.01.15 10:30:00,2018.01.15 11:00:00,2018.01.15 11:00:00,2018.01.15 11:00:00,2018.01.15 13:59:58,-1.67184,110.908,-0.276,0.165,0.113,0.060,0.114,2018.01.15 10:30,1343.342,1343.055,-0.000214,1,1,1,long,12.0,113.4,90.7,0.10586,0.13233,7.35,7.14,-7.1600,-7.1600,0.00,0.00,-7.16,-7.1563,0.0037,full,sl,0
DS260914_XAMR30_V1_TRAIN,USDJPYm,15,14,2018.01.16 02:00:00,2018.01.16 02:30:00,2018.01.16 02:30:00,2018.01.16 02:30:00,2018.01.16 02:59:57,1.67649,110.684,0.237,0.141,0.096,0.061,0.114,2018.01.16 02:00,1340.584,1340.894,0.000231,1,1,1,short,10.0,95.7,76.6,0.10448,0.13060,7.24,6.93,5.5600,5.5600,0.00,0.00,5.56,5.5574,0.0026,full,tp,0
DS260914_XAMR30_V1_TRAIN,USDJPYm,17,16,2018.01.18 04:00:00,2018.01.18 04:30:00,2018.01.18 04:30:00,2018.01.18 04:30:00,2018.01.18 05:29:58,2.26069,111.007,0.397,0.176,0.112,0.070,0.122,2018.01.18 04:00,1325.530,1326.395,0.000653,1,1,1,short,10.0,111.6,89.3,0.08957,0.11196,7.32,7.06,5.6000,5.6000,0.00,0.00,5.60,5.5967,0.0033,full,tp,0
DS260914_XAMR30_V1_TRAIN,USDJPYm,19,18,2018.01.19 06:30:00,2018.01.19 07:00:00,2018.01.19 07:00:00,2018.01.19 07:00:00,2018.01.19 07:59:58,-1.55647,110.995,-0.217,0.139,0.114,0.078,0.126,2018.01.19 06:30,1332.547,1332.082,-0.000349,1,1,1,long,12.0,114.1,91.3,0.10513,0.13141,7.41,7.19,-7.2100,-7.2100,0.00,0.00,-7.21,-7.2101,0.0001,full,sl,0
DS260914_XAMR30_V1_TRAIN,USDJPYm,21,20,2018.01.22 17:00:00,2018.01.22 17:30:00,2018.01.22 17:30:00,2018.01.22 17:30:00,2018.01.22 18:29:58,3.36696,110.794,0.327,0.097,0.100,0.090,0.127,2018.01.22 17:00,1331.844,1331.908,0.000048,1,1,1,short,12.0,99.8,79.8,0.12026,0.15032,7.30,7.21,5.7600,5.7600,0.00,0.00,5.76,5.7637,0.0037,full,tp,0
DS260914_XAMR30_V1_TRAIN,USDJPYm,23,22,2018.01.23 03:00:00,2018.01.23 03:30:00,2018.01.23 03:30:00,2018.01.23 03:30:00,2018.01.23 04:29:58,-1.68385,110.875,-0.167,0.099,0.102,0.091,0.127,2018.01.23 03:00,1336.266,1335.878,-0.000290,1,1,1,long,11.0,102.1,81.7,0.10777,0.13471,7.38,7.36,5.9200,5.9200,0.00,0.00,5.92,5.9206,0.0006,full,tp,0
DS260914_XAMR30_V1_TRAIN,USDJPYm,25,24,2018.01.24 02:00:00,2018.01.24 02:30:00,2018.01.24 02:30:00,2018.01.24 02:30:00,2018.01.24 02:59:58,-2.74960,110.435,-0.418,0.152,0.101,0.095,0.130,2018.01.24 02:00,1340.897,1340.806,-0.000068,1,1,1,long,10.0,101.1,80.9,0.09887,0.12359,7.47,7.30,-7.3500,-7.3500,0.00,0.00,-7.35,-7.3503,0.0003,full,sl,0
DS260914_XAMR30_V1_TRAIN,USDJPYm,27,26,2018.01.25 04:30:00,2018.01.25 05:00:00,2018.01.25 05:00:00,2018.01.25 05:00:00,2018.01.25 06:29:58,-2.35733,109.388,-0.386,0.164,0.125,0.096,0.133,2018.01.25 04:30,1363.945,1363.462,-0.000354,1,1,1,long,10.0,125.4,100.3,0.07977,0.09972,7.36,6.84,-6.9000,-6.9000,0.00,0.00,-6.90,-6.8879,0.0121,full,sl,0
DS260914_XAMR30_V1_TRAIN,USDJPYm,29,28,2018.01.29 17:00:00,2018.01.29 17:30:00,2018.01.29 17:30:00,2018.01.29 17:30:00,2018.01.29 18:29:57,1.61133,108.857,0.294,0.183,0.129,0.100,0.148,2018.01.29 17:00,1339.995,1341.138,0.000853,1,1,1,short,12.0,128.9,103.1,0.09313,0.11641,7.26,7.11,5.6700,5.6700,0.00,0.00,5.67,5.6672,0.0028,full,tp,0
DS260914_XAMR30_V1_TRAIN,USDJPYm,31,30,2018.01.30 05:30:00,2018.01.30 06:00:00,2018.01.30 06:00:00,2018.01.30 06:00:00,2018.01.30 06:59:58,-1.71814,108.887,-0.205,0.119,0.140,0.101,0.148,2018.01.30 05:30,1336.856,1335.056,-0.001346,1,1,1,long,10.0,139.5,111.6,0.07168,0.08961,7.34,6.39,5.1500,5.1500,0.00,0.00,5.15,5.1470,0.0030,full,tp,0
DS260914_XAMR30_V1_TRAIN,USDJPYm,33,32,2018.01.31 13:30:00,2018.01.31 14:00:00,2018.01.31 14:00:00,2018.01.31 14:00:00,2018.02.02 12:30:00,1.51672,108.784,0.148,0.098,0.104,0.102,0.150,2018.01.31 13:30,1342.611,1343.266,0.000488,1,1,1,short,11.0,103.5,82.8,0.10628,0.13285,7.42,6.66,-6.6300,-6.6300,-3.41,0.00,-10.04,-6.6768,0.0468,full,sl,0
DS260914_XAMR30_V1_TRAIN,USDJPYm,35,34,2018.02.07 07:30:00,2018.02.07 08:00:00,2018.02.07 08:00:00,2018.02.07 08:00:00,2018.02.07 08:29:57,-1.53058,109.301,-0.263,0.172,0.112,0.107,0.171,2018.02.07 07:30,1331.243,1329.896,-0.001012,1,1,1,long,12.0,111.8,89.4,0.10735,0.13419,7.27,7.12,-7.2000,-7.2000,0.00,0.00,-7.20,-7.1970,0.0030,full,sl,0
DS260914_XAMR30_V1_TRAIN,USDJPYm,37,36,2018.02.08 05:00:00,2018.02.08 05:30:00,2018.02.08 05:30:00,2018.02.08 05:30:00,2018.02.08 06:59:58,1.84158,109.347,0.286,0.155,0.125,0.116,0.185,2018.02.08 05:00,1311.092,1311.636,0.000415,1,1,1,short,10.0,125.1,100.1,0.07991,0.09989,7.16,6.90,-6.8300,-6.8300,0.00,0.00,-6.83,-6.8332,0.0032,full,sl,0
DS260914_XAMR30_V1_TRAIN,USDJPYm,39,38,2018.02.09 16:00:00,2018.02.09 16:30:00,2018.02.09 16:30:00,2018.02.09 16:30:00,2018.02.09 16:59:58,-1.52352,108.987,-0.360,0.237,0.176,0.120,0.194,2018.02.09 16:00,1315.525,1314.705,-0.000623,1,1,1,long,13.0,176.3,141.0,0.07374,0.09218,7.06,6.42,-6.4900,-6.4900,0.00,0.00,-6.49,-6.4907,0.0007,full,sl,0
DS260914_XAMR30_V1_TRAIN,USDJPYm,41,40,2018.02.13 06:30:00,2018.02.13 07:00:00,2018.02.13 07:00:00,2018.02.13 07:00:00,2018.02.13 07:29:58,-3.74539,108.585,-0.442,0.118,0.117,0.109,0.194,2018.02.13 06:30,1326.471,1325.732,-0.000557,1,1,1,long,11.0,116.5,93.2,0.09442,0.11803,6.96,6.45,-6.4500,-6.4500,0.00,0.00,-6.45,-6.4421,0.0079,full,sl,0
DS260914_XAMR30_V1_TRAIN,USDJPYm,43,42,2018.02.14 04:00:00,2018.02.14 04:30:00,2018.02.14 04:30:00,2018.02.14 04:30:00,2018.02.14 04:59:58,-3.21495,107.735,-0.783,0.244,0.143,0.105,0.180,2018.02.14 04:00,1336.196,1334.787,-0.001054,1,1,1,long,11.0,142.6,114.1,0.07715,0.09644,6.87,6.60,5.3200,5.3200,0.00,0.00,5.32,5.3233,0.0033,full,tp,0
DS260914_XAMR30_V1_TRAIN,USDJPYm,45,44,2018.02.15 00:00:00,2018.02.15 00:30:00,2018.02.15 00:30:00,2018.02.15 00:30:00,2018.02.15 00:59:57,-3.06924,107.169,-0.584,0.190,0.165,0.105,0.189,2018.02.15 00:00,1353.797,1353.641,-0.000115,1,1,1,long,11.0,165.0,132.0,0.06667,0.08333,6.95,6.16,4.9400,4.9400,0.00,0.00,4.94,4.9470,0.0070,full,tp,0
DS260914_XAMR30_V1_TRAIN,USDJPYm,47,46,2018.02.16 00:00:00,2018.02.16 00:30:00,2018.02.16 00:30:00,2018.02.16 00:30:00,2018.02.16 01:29:57,-1.58389,106.464,-0.268,0.169,0.144,0.109,0.194,2018.02.16 00:00,1353.847,1353.400,-0.000330,1,1,1,long,10.0,143.9,115.1,0.06951,0.08689,7.02,6.73,5.4100,5.4100,0.00,0.00,5.41,5.4083,0.0017,full,tp,0
DS260914_XAMR30_V1_TRAIN,USDJPYm,49,48,2018.02.19 06:00:00,2018.02.19 06:30:00,2018.02.19 06:30:00,2018.02.19 06:30:00,2018.02.19 07:29:57,2.22877,106.253,0.304,0.137,0.113,0.112,0.192,2018.02.19 06:00,1346.494,1346.883,0.000289,1,1,1,short,10.0,112.6,90.1,0.08883,0.11104,7.10,6.35,5.0700,5.0700,0.00,0.00,5.07,5.0720,0.0020,full,tp,0
DS260914_XAMR30_V1_TRAIN,USDJPYm,51,50,2018.02.20 09:30:00,2018.02.20 10:00:00,2018.02.20 10:00:00,2018.02.20 10:00:00,2018.02.20 10:29:57,4.79895,106.725,0.452,0.094,0.100,0.100,0.189,2018.02.20 09:30,1337.187,1337.462,0.000206,1,1,1,short,12.0,100.4,80.3,0.11949,0.14936,7.18,6.60,5.2300,5.2300,0.00,0.00,5.23,5.2289,0.0011,full,tp,0
DS260914_XAMR30_V1_TRAIN,USDJPYm,53,52,2018.02.21 03:30:00,2018.02.21 04:00:00,2018.02.21 04:00:00,2018.02.21 04:00:00,2018.02.21 04:29:58,4.97744,107.244,0.539,0.108,0.100,0.097,0.176,2018.02.21 03:30,1326.022,1326.423,0.000302,1,1,1,short,10.0,99.7,79.8,0.10029,0.12536,7.26,6.52,5.2000,5.2000,0.00,0.00,5.20,5.1995,0.0005,full,tp,0
DS260914_XAMR30_V1_TRAIN,USDJPYm,55,54,2018.02.22 14:30:00,2018.02.22 15:00:00,2018.02.22 15:00:00,2018.02.22 15:00:00,2018.02.22 15:29:57,-2.38764,107.331,-0.480,0.201,0.131,0.097,0.170,2018.02.22 14:30,1327.373,1327.290,-0.000063,1,1,1,long,12.0,130.8,104.6,0.09175,0.11469,7.33,7.29,-7.3700,-7.3700,0.00,0.00,-7.37,-7.3642,0.0058,full,sl,0
DS260914_XAMR30_V1_TRAIN,USDJPYm,57,56,2018.02.23 16:00:00,2018.02.23 16:30:00,2018.02.23 16:30:00,2018.02.23 16:30:00,2018.02.23 19:59:58,-1.59941,106.880,-0.246,0.154,0.109,0.096,0.161,2018.02.23 16:00,1328.935,1328.550,-0.000290,1,1,1,long,9.0,108.5,86.8,0.08295,0.10369,7.22,7.12,5.7100,5.7100,0.00,0.00,5.71,5.7060,0.0040,full,tp,0
DS260914_XAMR30_V1_TRAIN,USDJPYm,59,58,2018.02.26 03:30:00,2018.02.26 04:00:00,2018.02.26 04:00:00,2018.02.26 04:00:00,2018.02.26 07:29:58,-1.51785,106.817,-0.243,0.160,0.152,0.096,0.159,2018.02.26 03:30,1337.118,1336.809,-0.000231,1,1,1,long,8.0,152.2,121.8,0.05256,0.06570,7.31,7.13,-7.1400,-7.1400,0.00,0.00,-7.14,-7.1408,0.0008,full,sl,0
DS260914_XAMR30_V1_TRAIN,USDJPYm,61,60,2018.02.27 08:00:00,2018.02.27 08:30:00,2018.02.27 08:30:00,2018.02.27 08:30:00,2018.02.27 11:29:58,1.62797,106.890,0.171,0.105,0.109,0.100,0.155,2018.02.27 08:00,1333.725,1333.925,0.000150,1,1,1,short,9.0,109.1,87.3,0.08251,0.10314,7.20,7.18,5.6900,5.6900,0.00,0.00,5.69,5.6929,0.0029,full,tp,0
DS260914_XAMR30_V1_TRAIN,USDJPYm,63,62,2018.02.28 17:30:00,2018.02.28 18:00:00,2018.02.28 18:00:00,2018.02.28 18:00:00,2018.02.28 23:29:58,-1.63235,107.040,-0.314,0.192,0.134,0.099,0.153,2018.02.28 17:30,1320.240,1319.241,-0.000757,1,1,1,long,8.0,134.1,107.3,0.05967,0.07459,7.29,6.27,-6.2900,-6.2900,0.00,0.00,-6.29,-6.2852,0.0048,full,sl,0
DS260914_XAMR30_V1_TRAIN,USDJPYm,65,64,2018.03.01 23:00:00,2018.03.01 23:30:00,2018.03.01 23:30:00,2018.03.01 23:30:00,2018.03.02 00:29:58,-2.46789,106.629,-0.510,0.207,0.140,0.097,0.143,2018.03.01 23:00,1316.948,1316.798,-0.000114,1,1,1,long,12.0,139.6,111.7,0.08593,0.10742,7.19,6.55,5.2700,5.2700,0.00,0.00,5.27,5.2709,0.0009,full,tp,0
DS260914_XAMR30_V1_TRAIN,USDJPYm,67,66,2018.03.02 00:00:00,2018.03.02 00:30:00,2018.03.02 00:30:00,2018.03.02 00:30:00,2018.03.02 01:29:58,-1.68674,106.595,-0.365,0.216,0.139,0.097,0.143,2018.03.02 00:00,1317.002,1316.719,-0.000215,1,1,1,long,8.0,138.9,111.1,0.05758,0.07198,7.27,6.54,-6.5500,-6.5500,0.00,0.00,-6.55,-6.5505,0.0005,full,sl,0
DS260914_XAMR30_V1_TRAIN,USDJPYm,69,68,2018.03.05 16:00:00,2018.03.05 16:30:00,2018.03.05 16:30:00,2018.03.05 16:30:00,2018.03.05 16:59:57,1.70341,105.646,0.237,0.139,0.101,0.097,0.138,2018.03.05 16:00,1321.515,1322.039,0.000397,1,1,1,short,9.0,101.3,81.0,0.08886,0.11107,7.17,6.68,-6.6700,-6.6700,0.00,0.00,-6.67,-6.6708,0.0008,full,sl,0
DS260914_XAMR30_V1_TRAIN,USDJPYm,71,70,2018.03.06 11:30:00,2018.03.06 12:00:00,2018.03.06 12:00:00,2018.03.06 12:00:00,2018.03.06 13:29:58,1.50024,106.072,0.277,0.185,0.123,0.098,0.138,2018.03.06 11:30,1324.899,1327.656,0.002081,1,1,1,short,9.0,123.1,98.5,0.07313,0.09141,7.07,6.96,5.5400,5.5400,0.00,0.00,5.54,5.5340,0.0060,full,tp,0
DS260914_XAMR30_V1_TRAIN,USDJPYm,73,72,2018.03.08 19:30:00,2018.03.08 20:00:00,2018.03.08 20:00:00,2018.03.08 20:00:00,2018.03.08 20:59:57,2.25814,106.066,0.161,0.071,0.105,0.097,0.141,2018.03.08 19:30,1320.792,1322.053,0.000955,1,1,1,short,7.0,105.4,84.3,0.06640,0.08299,7.16,6.95,5.5400,5.5400,0.00,0.00,5.54,5.5396,0.0004,full,tp,0
DS260914_XAMR30_V1_TRAIN,USDJPYm,75,74,2018.03.09 02:00:00,2018.03.09 02:30:00,2018.03.09 02:30:00,2018.03.09 02:30:00,2018.03.09 03:29:58,3.42483,106.236,0.503,0.147,0.133,0.096,0.140,2018.03.09 02:00,1317.342,1318.056,0.000542,1,1,1,short,8.0,132.8,106.2,0.06025,0.07531,7.24,6.26,4.9700,4.9700,0.00,0.00,4.97,4.9705,0.0005,full,tp,0
DS260914_XAMR30_V1_TRAIN,USDJPYm,77,76,2018.03.12 00:30:00,2018.03.12 01:00:00,2018.03.12 01:00:00,2018.03.12 01:00:00,2018.03.12 01:29:59,1.54750,106.740,0.179,0.115,0.108,0.095,0.139,2018.03.12 00:30,1321.800,1322.370,0.000431,1,1,1,short,7.0,107.9,86.3,0.06490,0.08113,7.31,7.08,5.6400,5.6400,0.00,0.00,5.64,5.6349,0.0051,full,tp,0
DS260914_XAMR30_V1_TRAIN,USDJPYm,79,78,2018.03.13 05:00:00,2018.03.13 05:30:00,2018.03.13 05:30:00,2018.03.13 05:30:00,2018.03.13 06:59:58,2.47338,106.507,0.229,0.093,0.098,0.090,0.138,2018.03.13 05:00,1319.015,1319.899,0.000670,1,1,1,short,7.0,97.7,78.2,0.07164,0.08955,7.40,7.32,-7.3300,-7.3300,0.00,0.00,-7.33,-7.3385,0.0085,full,sl,0
DS260914_XAMR30_V1_TRAIN,USDJPYm,81,80,2018.03.14 15:00:00,2018.03.14 15:30:00,2018.03.14 15:30:00,2018.03.14 15:30:00,2018.03.14 15:59:58,-4.06975,106.535,-0.303,0.074,0.119,0.092,0.139,2018.03.14 15:00,1323.957,1323.508,-0.000339,1,1,1,long,9.0,119.1,95.3,0.07558,0.09448,7.29,6.68,-6.7300,-6.7300,0.00,0.00,-6.73,-6.7279,0.0021,full,sl,0
DS260914_XAMR30_V1_TRAIN,USDJPYm,83,82,2018.03.15 01:30:00,2018.03.15 02:00:00,2018.03.15 02:00:00,2018.03.15 02:00:00,2018.03.15 02:59:58,-3.48588,106.325,-0.400,0.115,0.093,0.091,0.139,2018.03.15 01:30,1326.963,1326.730,-0.000176,1,1,1,long,7.0,93.4,74.7,0.07498,0.09373,7.19,7.04,5.6600,5.6600,0.00,0.00,5.66,5.6601,0.0001,full,tp,0
DS260914_XAMR30_V1_TRAIN,USDJPYm,85,84,2018.03.16 09:30:00,2018.03.16 10:00:00,2018.03.16 10:00:00,2018.03.16 10:00:00,2018.03.16 11:29:58,-1.79346,106.002,-0.296,0.165,0.101,0.092,0.137,2018.03.16 09:30,1319.977,1319.850,-0.000096,1,1,1,long,8.0,100.6,80.5,0.07955,0.09943,7.27,6.64,-6.6900,-6.6900,0.00,0.00,-6.69,-6.6942,0.0042,full,sl,0
DS260914_XAMR30_V1_TRAIN,USDJPYm,87,86,2018.03.19 12:00:00,2018.03.19 12:30:00,2018.03.19 12:30:00,2018.03.19 12:30:00,2018.03.19 12:59:58,2.49477,105.950,0.342,0.137,0.100,0.090,0.127,2018.03.19 12:00,1309.994,1312.072,0.001586,1,1,1,short,8.0,99.9,79.9,0.08006,0.10007,7.17,6.63,5.2700,5.2700,0.00,0.00,5.27,5.2724,0.0024,full,tp,0
DS260914_XAMR30_V1_TRAIN,USDJPYm,89,88,2018.03.20 05:30:00,2018.03.20 06:00:00,2018.03.20 06:00:00,2018.03.20 06:00:00,2018.03.20 07:29:58,1.58408,106.080,0.208,0.131,0.097,0.090,0.130,2018.03.20 05:30,1315.008,1315.242,0.000178,1,1,1,short,7.0,96.9,77.5,0.07227,0.09034,7.25,6.39,-6.3800,-6.3800,0.00,0.00,-6.38,-6.3824,0.0024,full,sl,0
DS260914_XAMR30_V1_TRAIN,USDJPYm,91,90,2018.03.22 01:30:00,2018.03.22 02:00:00,2018.03.22 02:00:00,2018.03.22 02:00:00,2018.03.22 05:29:58,-2.90971,106.127,-0.451,0.155,0.124,0.088,0.126,2018.03.22 01:30,1331.954,1330.859,-0.000822,1,1,1,long,8.0,123.9,99.1,0.06459,0.08074,7.16,6.98,5.6100,5.6100,0.00,0.00,5.61,5.6152,0.0052,full,tp,0
DS260914_XAMR30_V1_TRAIN,USDJPYm,93,92,2018.03.23 07:00:00,2018.03.23 07:30:00,2018.03.23 07:30:00,2018.03.23 07:30:00,2018.03.23 07:59:58,-1.66252,105.207,-0.304,0.183,0.126,0.091,0.133,2018.03.23 07:00,1342.867,1342.428,-0.000327,1,1,1,long,9.0,126.3,101.0,0.07127,0.08908,7.24,7.16,5.7700,5.7700,0.00,0.00,5.77,5.7708,0.0008,full,tp,0
DS260914_XAMR30_V1_TRAIN,USDJPYm,95,94,2018.03.26 20:00:00,2018.03.26 20:30:00,2018.03.26 20:30:00,2018.03.26 20:30:00,2018.03.26 22:29:58,2.12865,105.096,0.322,0.151,0.103,0.092,0.135,2018.03.26 20:00,1352.781,1353.359,0.000427,1,1,1,short,8.0,102.7,82.2,0.07789,0.09736,7.33,6.85,-6.8300,-6.8300,0.00,0.00,-6.83,-6.8327,0.0027,full,sl,0
DS260914_XAMR30_V1_TRAIN,USDJPYm,97,96,2018.03.27 01:00:00,2018.03.27 01:30:00,2018.03.27 01:30:00,2018.03.27 01:30:00,2018.03.27 01:59:58,3.02739,105.234,0.401,0.133,0.096,0.092,0.135,2018.03.27 01:00,1351.118,1352.508,0.001029,1,1,1,short,8.0,95.9,76.7,0.08340,0.10424,7.22,6.37,-6.3500,-6.3500,0.00,0.00,-6.35,-6.3559,0.0059,full,sl,0
DS260914_XAMR30_V1_TRAIN,USDJPYm,99,98,2018.03.28 11:30:00,2018.03.28 12:00:00,2018.03.28 12:00:00,2018.03.28 12:00:00,2018.03.28 12:29:58,2.67415,105.603,0.405,0.152,0.124,0.094,0.132,2018.03.28 11:30,1336.853,1336.864,0.000008,1,1,1,short,8.0,124.3,99.4,0.06437,0.08046,7.13,7.05,-7.0000,-7.0000,0.00,0.00,-7.00,-7.0101,0.0101,full,sl,0
DS260914_XAMR30_V1_TRAIN,USDJPYm,101,100,2018.03.28 23:30:00,2018.03.29 00:00:00,2018.03.29 00:00:00,2018.03.29 00:00:00,2018.03.29 01:29:58,1.66259,106.267,0.536,0.322,0.133,0.094,0.137,2018.03.28 23:30,1326.211,1326.499,0.000217,1,1,1,short,7.0,132.8,106.2,0.05272,0.06590,7.02,6.25,4.9700,4.9700,0.00,0.00,4.97,4.9673,0.0027,full,tp,0
DS260914_XAMR30_V1_TRAIN,USDJPYm,103,102,2018.04.02 18:00:00,2018.04.02 18:30:00,2018.04.02 18:30:00,2018.04.02 18:30:00,2018.04.02 19:29:58,-3.28587,106.201,-0.421,0.128,0.122,0.083,0.135,2018.04.02 18:00,1344.403,1342.811,-0.001184,1,1,1,long,9.0,121.6,97.3,0.07399,0.09248,7.10,6.84,5.5000,5.5000,0.00,0.00,5.50,5.4966,0.0034,full,tp,0
DS260914_XAMR30_V1_TRAIN,USDJPYm,105,104,2018.04.03 15:00:00,2018.04.03 15:30:00,2018.04.03 15:30:00,2018.04.03 15:30:00,2018.04.03 16:29:58,1.60354,106.149,0.375,0.234,0.109,0.082,0.133,2018.04.03 15:00,1329.401,1330.978,0.001186,1,1,1,short,9.0,108.5,86.8,0.08295,0.10369,7.18,7.18,5.7200,5.7200,0.00,0.00,5.72,5.7219,0.0019,full,tp,0
DS260914_XAMR30_V1_TRAIN,USDJPYm,107,106,2018.04.04 06:30:00,2018.04.04 07:00:00,2018.04.04 07:00:00,2018.04.04 07:00:00,2018.04.04 07:29:57,1.88041,106.431,0.219,0.116,0.086,0.082,0.129,2018.04.04 06:30,1333.993,1334.316,0.000242,1,1,1,short,8.0,86.2,69.0,0.09279,0.11599,7.27,6.49,5.1800,5.1800,0.00,0.00,5.18,5.1793,0.0007,full,tp,0
DS260914_XAMR30_V1_TRAIN,USDJPYm,109,108,2018.04.05 07:00:00,2018.04.05 07:30:00,2018.04.05 07:30:00,2018.04.05 07:30:00,2018.04.05 09:59:57,1.66109,106.726,0.362,0.218,0.098,0.085,0.133,2018.04.05 07:00,1326.328,1326.704,0.000283,1,1,1,short,8.0,98.4,78.7,0.08128,0.10160,7.34,6.47,5.1700,5.1700,0.00,0.00,5.17,5.1678,0.0022,full,tp,0
DS260914_XAMR30_V1_TRAIN,USDJPYm,111,110,2018.04.09 19:00:00,2018.04.09 19:30:00,2018.04.09 19:30:00,2018.04.09 19:30:00,2018.04.09 19:59:58,-2.36369,107.004,-0.245,0.104,0.084,0.082,0.117,2018.04.09 19:00,1337.308,1336.416,-0.000667,1,1,1,long,6.0,83.9,67.1,0.07149,0.08936,7.42,7.06,-7.0900,-7.0900,0.00,0.00,-7.09,-7.0865,0.0035,full,sl,0
DS260914_XAMR30_V1_TRAIN,USDJPYm,113,112,2018.04.10 00:30:00,2018.04.10 01:00:00,2018.04.10 01:00:00,2018.04.10 01:00:00,2018.04.10 01:29:58,-1.99757,106.900,-0.219,0.110,0.086,0.082,0.117,2018.04.10 00:30,1337.970,1337.762,-0.000155,1,1,1,long,6.0,85.6,68.5,0.07006,0.08757,7.32,7.23,5.8100,5.8100,0.00,0.00,5.81,5.8169,0.0069,full,tp,0
DS260914_XAMR30_V1_TRAIN,USDJPYm,115,114,2018.04.11 11:30:00,2018.04.11 12:00:00,2018.04.11 12:00:00,2018.04.11 12:00:00,2018.04.11 12:29:57,-1.61296,107.034,-0.189,0.117,0.089,0.081,0.117,2018.04.11 11:30,1350.671,1348.817,-0.001373,1,1,1,long,8.0,89.1,71.3,0.08974,0.11218,7.40,6.67,-6.6700,-6.6700,0.00,0.00,-6.67,-6.6689,0.0011,full,sl,0
DS260914_XAMR30_V1_TRAIN,USDJPYm,117,116,2018.04.12 00:00:00,2018.04.12 00:30:00,2018.04.12 00:30:00,2018.04.12 00:30:00,2018.04.12 00:59:58,-1.79304,106.896,-0.138,0.077,0.092,0.081,0.118,2018.04.12 00:00,1352.870,1352.187,-0.000505,1,1,1,long,6.0,92.4,73.9,0.06497,0.08121,7.30,6.92,5.5400,5.5400,0.00,0.00,5.54,5.5412,0.0012,full,tp,0
DS260914_XAMR30_V1_TRAIN,USDJPYm,119,118,2018.04.13 07:00:00,2018.04.13 07:30:00,2018.04.13 07:30:00,2018.04.13 07:30:00,2018.04.13 09:29:58,3.39672,107.277,0.353,0.104,0.085,0.077,0.114,2018.04.13 07:00,1337.228,1339.293,0.001544,1,1,1,short,8.0,84.8,67.8,0.09436,0.11794,7.39,7.14,5.6900,5.6900,0.00,0.00,5.69,5.6897,0.0003,full,tp,0
DS260914_XAMR30_V1_TRAIN,USDJPYm,121,120,2018.04.16 16:30:00,2018.04.16 17:00:00,2018.04.16 17:00:00,2018.04.16 17:00:00,2018.04.16 18:29:57,-2.06509,107.293,-0.181,0.088,0.082,0.079,0.114,2018.04.16 16:30,1348.721,1347.906,-0.000604,1,1,1,long,8.0,82.3,65.8,0.09722,0.12153,7.47,6.89,-6.9000,-6.9000,0.00,0.00,-6.90,-6.8947,0.0053,full,sl,0
DS260914_XAMR30_V1_TRAIN,USDJPYm,123,122,2018.04.19 05:00:00,2018.04.19 05:30:00,2018.04.19 05:30:00,2018.04.19 05:30:00,2018.04.19 06:59:58,1.68902,107.291,0.134,0.079,0.069,0.069,0.105,2018.04.19 05:00,1351.618,1351.850,0.000172,1,1,1,short,7.0,69.2,55.4,0.10114,0.12642,7.37,7.11,5.6300,5.6300,0.00,0.00,5.63,5.6348,0.0048,full,tp,0
DS260914_XAMR30_V1_TRAIN,USDJPYm,125,124,2018.04.20 01:30:00,2018.04.20 02:00:00,2018.04.20 02:00:00,2018.04.20 02:00:00,2018.04.20 02:29:58,4.82070,107.390,0.324,0.067,0.083,0.067,0.104,2018.04.20 01:30,1342.180,1342.457,0.000206,1,1,1,short,6.0,83.1,66.5,0.07216,0.09021,7.45,6.97,5.6000,5.6000,0.00,0.00,5.60,5.6016,0.0016,full,tp,0
DS260914_XAMR30_V1_TRAIN,USDJPYm,127,126,2018.04.22 23:00:00,2018.04.22 23:30:00,2018.04.22 23:30:00,2018.04.22 23:30:00,2018.04.22 23:59:57,1.80231,107.608,0.152,0.085,0.095,0.067,0.100,2018.04.22 23:00,1332.970,1334.141,0.000878,1,1,1,short,7.0,94.6,75.7,0.07396,0.09245,7.54,7.03,-7.0400,-7.0400,0.00,0.00,-7.04,-7.0465,0.0065,full,sl,0
DS260914_XAMR30_V1_TRAIN,USDJPYm,129,128,2018.04.23 00:00:00,2018.04.23 00:30:00,2018.04.23 00:30:00,2018.04.23 00:30:00,2018.04.23 01:29:58,1.63775,107.625,0.140,0.086,0.098,0.067,0.099,2018.04.23 00:00,1332.891,1333.717,0.000620,1,1,1,short,7.0,98.1,78.5,0.07132,0.08916,7.43,7.28,-7.2700,-7.2700,0.00,0.00,-7.27,-7.2685,0.0015,full,sl,0
DS260914_XAMR30_V1_TRAIN,USDJPYm,131,130,2018.04.23 23:30:00,2018.04.24 00:00:00,2018.04.24 00:00:00,2018.04.24 00:00:00,2018.04.24 01:29:57,2.52455,108.334,0.437,0.173,0.068,0.067,0.098,2018.04.23 23:30,1324.206,1324.506,0.000227,1,1,1,short,7.0,67.9,54.3,0.10305,0.12881,7.32,6.92,5.4600,5.4600,0.00,0.00,5.46,5.4638,0.0038,full,tp,0
DS260914_XAMR30_V1_TRAIN,USDJPYm,133,132,2018.04.25 05:30:00,2018.04.25 06:00:00,2018.04.25 06:00:00,2018.04.25 06:00:00,2018.04.25 06:29:58,1.55894,108.839,0.220,0.141,0.089,0.066,0.095,2018.04.25 05:30,1326.028,1326.822,0.000599,1,1,1,short,6.0,89.2,71.4,0.06725,0.08407,7.40,7.39,-7.3400,-7.3400,0.00,0.00,-7.34,-7.3387,0.0013,full,sl,0
DS260914_XAMR30_V1_TRAIN,USDJPYm,135,134,2018.04.26 00:00:00,2018.04.26 00:30:00,2018.04.26 00:30:00,2018.04.26 00:30:00,2018.04.26 00:59:58,1.65434,109.201,0.112,0.068,0.069,0.066,0.095,2018.04.26 00:00,1322.634,1323.144,0.000386,1,1,1,short,8.0,69.4,55.5,0.11535,0.14418,7.29,6.99,-6.9400,-6.9400,0.00,0.00,-6.94,-6.9390,0.0010,full,sl,0
DS260914_XAMR30_V1_TRAIN,USDJPYm,137,136,2018.04.27 02:00:00,2018.04.27 02:30:00,2018.04.27 02:30:00,2018.04.27 02:30:00,2018.04.27 03:29:57,-1.63460,109.270,-0.120,0.073,0.071,0.066,0.094,2018.04.27 02:00,1318.072,1317.633,-0.000333,1,1,1,long,8.0,70.9,56.7,0.11279,0.14099,7.19,7.13,5.7400,5.7400,0.00,0.00,5.74,5.7410,0.0010,full,tp,0
DS260914_XAMR30_V1_TRAIN,USDJPYm,139,138,2018.05.01 12:00:00,2018.05.01 12:30:00,2018.05.01 12:30:00,2018.05.01 12:30:00,2018.05.01 12:59:58,2.23366,109.406,0.206,0.092,0.066,0.064,0.095,2018.05.01 12:00,1308.407,1308.763,0.000272,1,1,1,short,8.0,65.7,52.6,0.12174,0.15217,7.27,7.22,-7.2200,-7.2200,0.00,0.00,-7.22,-7.2212,0.0012,full,sl,0
DS260914_XAMR30_V1_TRAIN,USDJPYm,141,140,2018.05.02 15:00:00,2018.05.02 15:30:00,2018.05.02 15:30:00,2018.05.02 15:30:00,2018.05.02 16:29:57,1.67033,109.763,0.140,0.084,0.067,0.065,0.096,2018.05.02 15:00,1305.965,1306.337,0.000285,1,1,1,short,9.0,66.6,53.3,0.13519,0.16899,7.17,6.67,5.3100,5.3100,0.00,0.00,5.31,5.3073,0.0027,full,tp,0
DS260914_XAMR30_V1_TRAIN,USDJPYm,143,142,2018.05.03 02:30:00,2018.05.03 03:00:00,2018.05.03 03:00:00,2018.05.03 03:00:00,2018.05.03 06:29:58,-1.58089,109.769,-0.133,0.084,0.079,0.066,0.097,2018.05.03 02:30,1309.040,1308.723,-0.000242,1,1,1,long,9.0,79.4,63.5,0.11341,0.14176,7.25,7.23,-7.2100,-7.2100,0.00,0.00,-7.21,-7.2102,0.0002,full,sl,0
DS260914_XAMR30_V1_TRAIN,USDJPYm,145,144,2018.05.03 23:30:00,2018.05.04 00:00:00,2018.05.04 00:00:00,2018.05.04 00:00:00,2018.05.04 00:29:58,-1.97758,109.345,-0.252,0.127,0.070,0.067,0.100,2018.05.03 23:30,1313.161,1312.777,-0.000292,1,1,1,long,13.0,70.3,56.2,0.18496,0.23120,7.14,7.06,5.6400,5.6400,0.00,0.00,5.64,5.6431,0.0031,full,tp,0
DS260914_XAMR30_V1_TRAIN,USDJPYm,147,146,2018.05.07 08:30:00,2018.05.07 09:00:00,2018.05.07 09:00:00,2018.05.07 09:00:00,2018.05.07 11:59:58,1.56676,109.106,0.186,0.119,0.079,0.067,0.103,2018.05.07 08:30,1312.524,1313.551,0.000782,1,1,1,short,8.0,79.4,63.5,0.10072,0.12590,7.22,6.55,-6.5000,-6.5000,0.00,0.00,-6.50,-6.5007,0.0007,full,sl,0
DS260914_XAMR30_V1_TRAIN,USDJPYm,149,148,2018.05.08 00:30:00,2018.05.08 01:00:00,2018.05.08 01:00:00,2018.05.08 01:00:00,2018.05.08 01:59:57,-1.59968,109.100,-0.210,0.131,0.073,0.067,0.102,2018.05.08 00:30,1316.359,1315.541,-0.000621,1,1,1,long,12.0,73.1,58.5,0.16406,0.20508,7.13,6.68,5.4100,5.4100,0.00,0.00,5.41,5.4149,0.0049,full,tp,0
DS260914_XAMR30_V1_TRAIN,USDJPYm,151,150,2018.05.09 02:00:00,2018.05.09 02:30:00,2018.05.09 02:30:00,2018.05.09 02:30:00,2018.05.09 06:29:58,2.54282,109.138,0.338,0.133,0.103,0.068,0.104,2018.05.09 02:00,1311.189,1311.941,0.000574,1,1,1,short,15.0,102.7,82.2,0.14604,0.18255,7.21,6.59,-6.5800,-6.5800,0.00,0.00,-6.58,-6.5798,0.0002,full,sl,0
DS260914_XAMR30_V1_TRAIN,USDJPYm,153,152,2018.05.10 08:00:00,2018.05.10 08:30:00,2018.05.10 08:30:00,2018.05.10 08:30:00,2018.05.10 08:59:58,1.54025,109.702,0.145,0.094,0.084,0.068,0.103,2018.05.10 08:00,1311.718,1312.696,0.000746,1,1,1,short,8.0,83.8,67.0,0.09548,0.11935,7.11,6.88,5.4900,5.4900,0.00,0.00,5.49,5.4929,0.0029,full,tp,0
DS260914_XAMR30_V1_TRAIN,USDJPYm,155,154,2018.05.11 10:30:00,2018.05.11 11:00:00,2018.05.11 11:00:00,2018.05.11 11:00:00,2018.05.11 13:29:58,-1.99388,109.427,-0.149,0.075,0.084,0.069,0.105,2018.05.11 10:30,1325.030,1324.391,-0.000482,1,1,1,long,8.0,84.4,67.5,0.09483,0.11854,7.19,6.91,-6.9200,-6.9200,0.00,0.00,-6.92,-6.9230,0.0030,full,sl,0
DS260914_XAMR30_V1_TRAIN,USDJPYm,157,156,2018.05.14 07:00:00,2018.05.14 07:30:00,2018.05.14 07:30:00,2018.05.14 07:30:00,2018.05.14 07:59:58,2.20005,109.348,0.167,0.076,0.079,0.069,0.103,2018.05.14 07:00,1319.668,1320.733,0.000807,1,1,1,short,8.0,78.6,62.9,0.10182,0.12727,7.09,6.48,5.1800,5.1800,0.00,0.00,5.18,5.1804,0.0004,full,tp,0
DS260914_XAMR30_V1_TRAIN,USDJPYm,159,158,2018.05.15 05:00:00,2018.05.15 05:30:00,2018.05.15 05:30:00,2018.05.15 05:30:00,2018.05.15 06:29:58,5.13593,109.621,0.281,0.055,0.073,0.071,0.103,2018.05.15 05:00,1311.271,1312.289,0.000776,1,1,1,short,7.0,73.3,58.6,0.09552,0.11940,7.16,6.70,-6.6400,-6.6400,0.00,0.00,-6.64,-6.6379,0.0021,full,sl,0
DS260914_XAMR30_V1_TRAIN,USDJPYm,161,160,2018.05.15 23:30:00,2018.05.16 00:00:00,2018.05.16 00:00:00,2018.05.16 00:00:00,2018.05.16 01:59:57,1.91192,110.095,0.197,0.103,0.083,0.074,0.106,2018.05.15 23:30,1292.512,1292.756,0.000189,1,1,1,short,17.0,82.9,66.3,0.20517,0.25647,7.06,6.78,-6.7700,-6.7700,0.00,0.00,-6.77,-6.7681,0.0019,full,sl,0
DS260914_XAMR30_V1_TRAIN,USDJPYm,163,162,2018.05.17 13:00:00,2018.05.17 13:30:00,2018.05.17 13:30:00,2018.05.17 13:30:00,2018.05.17 14:59:58,2.22094,110.418,0.293,0.132,0.099,0.075,0.106,2018.05.17 13:00,1289.739,1289.771,0.000025,1,1,1,short,8.0,99.4,79.5,0.08046,0.10057,6.96,6.31,-6.2500,-6.2500,0.00,0.00,-6.25,-6.2539,0.0039,full,sl,0
DS260914_XAMR30_V1_TRAIN,USDJPYm,165,164,2018.05.18 10:00:00,2018.05.18 10:30:00,2018.05.18 10:30:00,2018.05.18 10:30:00,2018.05.18 11:29:57,3.17610,110.790,0.212,0.067,0.077,0.073,0.101,2018.05.18 10:00,1286.305,1286.678,0.000290,1,1,1,short,9.0,77.4,61.9,0.11634,0.14543,6.87,6.28,-6.2400,-6.2400,0.00,0.00,-6.24,-6.2387,0.0013,full,sl,0
DS260914_XAMR30_V1_TRAIN,USDJPYm,167,166,2018.05.21 00:30:00,2018.05.21 01:00:00,2018.05.21 01:00:00,2018.05.21 01:00:00,2018.05.21 01:59:59,1.53678,110.811,0.209,0.136,0.075,0.073,0.101,2018.05.21 00:30,1289.454,1289.780,0.000253,1,1,1,short,15.0,74.9,59.9,0.20038,0.25048,6.78,6.74,5.4100,5.4100,0.00,0.00,5.41,5.4074,0.0026,full,tp,0
DS260914_XAMR30_V1_TRAIN,USDJPYm,169,168,2018.05.22 12:00:00,2018.05.22 12:30:00,2018.05.22 12:30:00,2018.05.22 12:30:00,2018.05.22 12:59:58,-1.82424,110.990,-0.158,0.087,0.093,0.073,0.098,2018.05.22 12:00,1295.281,1294.715,-0.000437,1,1,1,long,9.0,92.6,74.1,0.09722,0.12153,6.86,6.68,5.3400,5.3400,0.00,0.00,5.34,5.3374,0.0026,full,tp,0
DS260914_XAMR30_V1_TRAIN,USDJPYm,171,170,2018.05.24 20:30:00,2018.05.24 21:00:00,2018.05.24 21:00:00,2018.05.24 21:00:00,2018.05.24 21:29:57,-2.06062,109.535,-0.312,0.151,0.103,0.074,0.111,2018.05.24 20:30,1304.772,1304.649,-0.000094,1,1,1,long,57.0,103.0,82.4,0.55340,0.69175,6.94,6.50,-6.6100,-6.6100,0.00,0.00,-6.61,-6.6043,0.0057,full,sl,0
DS260914_XAMR30_V1_TRAIN,USDJPYm,173,172,2018.05.29 01:00:00,2018.05.29 01:30:00,2018.05.29 01:30:00,2018.05.29 01:30:00,2018.05.29 01:59:58,-6.50348,109.366,-0.382,0.059,0.094,0.074,0.113,2018.05.29 01:00,1300.044,1299.659,-0.000296,1,1,1,long,18.0,94.3,75.4,0.19091,0.23864,6.84,6.05,4.8100,4.8100,0.00,0.00,4.81,4.8130,0.0030,full,tp,0
DS260914_XAMR30_V1_TRAIN,USDJPYm,175,174,2018.05.31 01:30:00,2018.05.31 02:00:00,2018.05.31 02:00:00,2018.05.31 02:00:00,2018.05.31 02:59:57,-1.98324,108.791,-0.230,0.116,0.094,0.076,0.134,2018.05.31 01:30,1303.059,1301.602,-0.001118,1,1,1,long,12.0,93.5,74.8,0.12834,0.16043,6.91,6.86,5.5200,5.5200,0.00,0.00,5.52,5.5224,0.0024,full,tp,0
DS260914_XAMR30_V1_TRAIN,USDJPYm,177,176,2018.06.01 01:30:00,2018.06.01 02:00:00,2018.06.01 02:00:00,2018.06.01 02:00:00,2018.06.01 02:59:58,2.21985,108.782,0.255,0.115,0.112,0.078,0.140,2018.06.01 01:30,1298.640,1299.145,0.000389,1,1,1,short,12.0,112.4,89.9,0.10680,0.13350,6.99,6.20,-6.1600,-6.1600,0.00,0.00,-6.16,-6.1567,0.0033,full,sl,0
DS260914_XAMR30_V1_TRAIN,USDJPYm,179,178,2018.06.04 00:00:00,2018.06.04 00:30:00,2018.06.04 00:30:00,2018.06.04 00:30:00,2018.06.04 00:59:58,2.17381,109.342,0.242,0.111,0.084,0.082,0.140,2018.06.04 00:00,1292.670,1292.974,0.000235,1,1,1,short,18.0,84.1,67.3,0.21392,0.26740,6.90,6.17,-6.1200,-6.1200,0.00,0.00,-6.12,-6.1275,0.0075,full,sl,0
DS260914_XAMR30_V1_TRAIN,USDJPYm,181,180,2018.06.06 07:00:00,2018.06.06 07:30:00,2018.06.06 07:30:00,2018.06.06 07:30:00,2018.06.06 07:59:58,3.39371,109.828,0.299,0.088,0.087,0.085,0.140,2018.06.06 07:00,1297.802,1298.098,0.000228,1,1,1,short,9.0,86.9,69.5,0.10353,0.12942,6.81,6.33,5.0900,5.0900,0.00,0.00,5.09,5.0883,0.0017,full,tp,0
DS260914_XAMR30_V1_TRAIN,USDJPYm,183,182,2018.06.07 17:30:00,2018.06.07 18:00:00,2018.06.07 18:00:00,2018.06.07 18:00:00,2018.06.07 18:59:58,-2.83379,109.949,-0.327,0.115,0.122,0.083,0.131,2018.06.07 17:30,1298.772,1297.433,-0.001031,1,1,1,long,10.0,122.1,97.7,0.08192,0.10240,6.88,6.65,5.3600,5.3600,0.00,0.00,5.36,5.3586,0.0014,full,tp,0
DS260914_XAMR30_V1_TRAIN,USDJPYm,185,184,2018.06.08 06:00:00,2018.06.08 06:30:00,2018.06.08 06:30:00,2018.06.08 06:30:00,2018.06.08 06:59:58,-1.66170,109.789,-0.161,0.097,0.090,0.082,0.127,2018.06.08 06:00,1295.807,1294.649,-0.000894,1,1,1,long,8.0,90.4,72.3,0.08847,0.11058,6.96,6.59,-6.5800,-6.5800,0.00,0.00,-6.58,-6.5726,0.0074,full,sl,0
DS260914_XAMR30_V1_TRAIN,USDJPYm,187,186,2018.06.11 04:00:00,2018.06.11 04:30:00,2018.06.11 04:30:00,2018.06.11 04:30:00,2018.06.11 06:29:58,1.51459,109.529,0.218,0.144,0.099,0.081,0.127,2018.06.11 04:00,1299.326,1299.336,0.000008,1,1,1,short,18.0,99.2,79.4,0.18143,0.22678,6.87,6.35,-6.3000,-6.3000,0.00,0.00,-6.30,-6.3088,0.0088,full,sl,0
DS260914_XAMR30_V1_TRAIN,USDJPYm,189,188,2018.06.12 00:30:00,2018.06.12 01:00:00,2018.06.12 01:00:00,2018.06.12 01:00:00,2018.06.12 01:29:58,2.67547,109.971,0.338,0.126,0.079,0.078,0.124,2018.06.12 00:30,1297.047,1298.560,0.001166,1,1,1,short,22.0,79.2,63.4,0.27773,0.34716,6.77,6.48,-6.4400,-6.4400,0.00,0.00,-6.44,-6.4412,0.0012,full,sl,0
DS260914_XAMR30_V1_TRAIN,USDJPYm,191,190,2018.06.14 05:30:00,2018.06.14 06:00:00,2018.06.14 06:00:00,2018.06.14 06:00:00,2018.06.14 07:59:58,-2.09733,110.319,-0.301,0.144,0.090,0.076,0.113,2018.06.14 05:30,1300.047,1299.636,-0.000316,1,1,1,long,9.0,90.3,72.2,0.09968,0.12460,6.67,6.54,-6.5500,-6.5500,0.00,0.00,-6.55,-6.5492,0.0008,full,sl,0
DS260914_XAMR30_V1_TRAIN,USDJPYm,193,192,2018.06.19 00:00:00,2018.06.19 00:30:00,2018.06.19 00:30:00,2018.06.19 00:30:00,2018.06.19 00:59:57,-4.30063,110.476,-0.338,0.078,0.076,0.071,0.106,2018.06.19 00:00,1281.261,1280.715,-0.000426,1,1,1,long,24.0,76.2,61.0,0.31490,0.39363,6.58,6.24,-6.2100,-6.2100,0.00,0.00,-6.21,-6.2133,0.0033,full,sl,0
DS260914_XAMR30_V1_TRAIN,USDJPYm,195,194,2018.06.20 19:30:00,2018.06.20 20:00:00,2018.06.20 20:00:00,2018.06.20 20:00:00,2018.06.21 01:59:57,3.15123,110.142,0.252,0.080,0.100,0.073,0.110,2018.06.20 19:30,1268.829,1269.406,0.000455,1,1,1,short,9.0,99.5,79.6,0.09045,0.11307,6.48,6.33,-6.3300,-6.3300,-2.53,0.00,-8.86,-6.3351,0.0051,full,sl,0
DS260914_XAMR30_V1_TRAIN,USDJPYm,197,196,2018.06.21 04:30:00,2018.06.21 05:00:00,2018.06.21 05:00:00,2018.06.21 05:00:00,2018.06.21 05:29:58,2.87740,110.317,0.313,0.109,0.077,0.071,0.110,2018.06.21 04:30,1265.263,1265.604,0.000270,1,1,1,short,11.0,77.1,61.7,0.14259,0.17824,6.35,6.27,-6.2600,-6.2600,0.00,0.00,-6.26,-6.2597,0.0003,full,sl,0
DS260914_XAMR30_V1_TRAIN,USDJPYm,199,198,2018.06.25 01:00:00,2018.06.25 01:30:00,2018.06.25 01:30:00,2018.06.25 01:30:00,2018.06.25 05:29:58,-4.80375,109.952,-0.446,0.093,0.102,0.071,0.110,2018.06.25 01:00,1271.858,1270.671,-0.000933,1,1,1,long,16.0,101.8,81.4,0.15719,0.19649,6.26,5.52,-5.6000,-5.6000,0.00,0.00,-5.60,-5.5931,0.0069,full,sl,0
DS260914_XAMR30_V1_TRAIN,USDJPYm,201,200,2018.06.26 15:30:00,2018.06.26 16:00:00,2018.06.26 16:00:00,2018.06.26 16:00:00,2018.06.26 16:59:57,1.86594,109.673,0.245,0.131,0.111,0.074,0.112,2018.06.26 15:30,1260.800,1260.868,0.000054,1,1,1,short,11.0,111.1,88.9,0.09904,0.12379,6.17,6.09,-6.0500,-6.0500,0.00,0.00,-6.05,-6.0528,0.0028,full,sl,0
DS260914_XAMR30_V1_TRAIN,USDJPYm,203,202,2018.06.28 18:30:00,2018.06.28 19:00:00,2018.06.28 19:00:00,2018.06.28 19:00:00,2018.06.28 19:59:58,4.70508,110.267,0.358,0.076,0.107,0.077,0.111,2018.06.28 18:30,1246.621,1246.991,0.000297,1,1,1,short,9.0,107.3,85.8,0.08389,0.10486,6.08,5.85,4.6700,4.6700,0.00,0.00,4.67,4.6681,0.0019,full,tp,0
DS260914_XAMR30_V1_TRAIN,USDJPYm,205,204,2018.06.29 02:30:00,2018.06.29 03:00:00,2018.06.29 03:00:00,2018.06.29 03:00:00,2018.06.29 06:59:58,4.17792,110.380,0.325,0.078,0.096,0.077,0.111,2018.06.29 02:30,1247.094,1248.810,0.001376,1,1,1,short,21.0,96.3,77.0,0.21810,0.27263,6.15,6.10,4.8700,4.8700,0.00,0.00,4.87,4.8721,0.0021,full,tp,0
DS260914_XAMR30_V1_TRAIN,USDJPYm,207,206,2018.07.02 03:00:00,2018.07.02 03:30:00,2018.07.02 03:30:00,2018.07.02 03:30:00,2018.07.02 03:59:57,2.50934,110.724,0.235,0.094,0.106,0.077,0.110,2018.07.02 03:00,1250.790,1250.997,0.000165,1,1,1,short,10.0,105.5,84.4,0.09479,0.11848,6.23,5.73,4.5500,4.5500,0.00,0.00,4.55,4.5457,0.0043,full,tp,0
DS260914_XAMR30_V1_TRAIN,USDJPYm,209,208,2018.07.03 05:30:00,2018.07.03 06:00:00,2018.07.03 06:00:00,2018.07.03 06:00:00,2018.07.03 07:29:57,2.57860,110.839,0.133,0.052,0.105,0.080,0.110,2018.07.03 05:30,1238.552,1239.775,0.000987,1,1,1,short,10.0,105.1,84.1,0.09511,0.11889,6.29,5.69,-5.6700,-5.6700,0.00,0.00,-5.67,-5.6716,0.0016,full,sl,0
DS260914_XAMR30_V1_TRAIN,USDJPYm,211,210,2018.07.05 03:00:00,2018.07.05 03:30:00,2018.07.05 03:30:00,2018.07.05 03:30:00,2018.07.05 05:29:58,-2.43341,110.472,-0.142,0.058,0.091,0.075,0.104,2018.07.05 03:00,1256.082,1255.955,-0.000101,1,1,1,long,10.0,91.3,73.0,0.10955,0.13693,6.21,5.75,4.6300,4.6300,0.00,0.00,4.63,4.6279,0.0021,full,tp,0
DS260914_XAMR30_V1_TRAIN,USDJPYm,213,212,2018.07.06 04:00:00,2018.07.06 04:30:00,2018.07.06 04:30:00,2018.07.06 04:30:00,2018.07.06 06:59:58,1.56269,110.617,0.096,0.062,0.087,0.075,0.103,2018.07.06 04:00,1253.790,1254.926,0.000906,1,1,1,short,11.0,87.2,69.8,0.12613,0.15766,6.28,5.53,4.4300,4.4300,0.00,0.00,4.43,4.4286,0.0014,full,tp,0
DS260914_XAMR30_V1_TRAIN,USDJPYm,215,214,2018.07.09 18:00:00,2018.07.09 18:30:00,2018.07.09 18:30:00,2018.07.09 18:30:00,2018.07.09 22:29:58,1.91543,110.576,0.241,0.126,0.072,0.071,0.101,2018.07.09 18:00,1258.992,1259.231,0.000190,1,1,1,short,10.0,72.2,57.8,0.13848,0.17310,6.34,5.88,-5.8400,-5.8400,0.00,0.00,-5.84,-5.8437,0.0037,full,sl,0
DS260914_XAMR30_V1_TRAIN,USDJPYm,217,216,2018.07.10 14:30:00,2018.07.10 15:00:00,2018.07.10 15:00:00,2018.07.10 15:00:00,2018.07.10 16:29:57,4.21152,111.030,0.208,0.049,0.065,0.064,0.099,2018.07.10 14:30,1254.317,1254.372,0.000044,1,1,1,short,10.0,65.1,52.1,0.15368,0.19210,6.26,5.87,-5.8400,-5.8400,0.00,0.00,-5.84,-5.8400,0.0000,full,sl,0
DS260914_XAMR30_V1_TRAIN,USDJPYm,219,218,2018.07.12 00:00:00,2018.07.12 00:30:00,2018.07.12 00:30:00,2018.07.12 00:30:00,2018.07.12 00:59:58,1.83861,111.564,0.520,0.283,0.087,0.064,0.100,2018.07.12 00:00,1242.671,1243.060,0.000313,1,1,1,short,12.0,87.2,69.8,0.13759,0.17199,6.17,5.49,-5.4300,-5.4300,0.00,0.00,-5.43,-5.4292,0.0008,full,sl,0
DS260914_XAMR30_V1_TRAIN,USDJPYm,221,220,2018.07.13 00:00:00,2018.07.13 00:30:00,2018.07.13 00:30:00,2018.07.13 00:30:00,2018.07.13 00:59:57,2.88263,112.354,0.355,0.123,0.066,0.064,0.099,2018.07.13 00:00,1245.942,1246.622,0.000546,1,1,1,short,13.0,65.8,52.6,0.19761,0.24701,6.09,5.87,-5.8500,-5.8500,0.00,0.00,-5.85,-5.8523,0.0023,full,sl,0
DS260914_XAMR30_V1_TRAIN,USDJPYm,223,222,2018.07.16 11:30:00,2018.07.16 12:00:00,2018.07.16 12:00:00,2018.07.16 12:00:00,2018.07.16 12:59:58,-1.51679,112.423,-0.103,0.068,0.070,0.062,0.093,2018.07.16 11:30,1244.601,1243.547,-0.000847,1,1,1,long,10.0,69.5,55.6,0.14388,0.17986,6.00,5.54,4.4800,4.4800,0.00,0.00,4.48,4.4846,0.0046,full,tp,0
DS260914_XAMR30_V1_TRAIN,USDJPYm,225,224,2018.07.17 15:00:00,2018.07.17 15:30:00,2018.07.17 15:30:00,2018.07.17 15:30:00,2018.07.17 16:29:58,2.29811,112.473,0.293,0.127,0.085,0.062,0.089,2018.07.17 15:00,1226.732,1228.603,0.001525,1,1,1,short,10.0,85.0,68.0,0.11765,0.14706,6.07,6.05,-6.0200,-6.0200,0.00,0.00,-6.02,-6.0256,0.0056,full,sl,0
DS260914_XAMR30_V1_TRAIN,USDJPYm,227,226,2018.07.18 00:30:00,2018.07.18 01:00:00,2018.07.18 01:00:00,2018.07.18 01:00:00,2018.07.18 01:29:58,1.93554,112.706,0.265,0.137,0.064,0.062,0.089,2018.07.18 00:30,1226.871,1227.948,0.000878,1,1,1,short,13.0,64.4,51.5,0.20200,0.25250,5.98,5.71,4.5200,4.5200,0.00,0.00,4.52,4.5164,0.0036,full,tp,0
DS260914_XAMR30_V1_TRAIN,USDJPYm,229,228,2018.07.19 08:00:00,2018.07.19 08:30:00,2018.07.19 08:30:00,2018.07.19 08:30:00,2018.07.19 08:59:58,2.43242,112.819,0.194,0.080,0.077,0.063,0.089,2018.07.19 08:00,1218.672,1218.979,0.000252,1,1,1,short,10.0,77.2,61.8,0.12951,0.16189,6.04,5.47,4.3900,4.3900,0.00,0.00,4.39,4.3912,0.0012,full,tp,0
DS260914_XAMR30_V1_TRAIN,USDJPYm,231,230,2018.07.23 08:00:00,2018.07.23 08:30:00,2018.07.23 08:30:00,2018.07.23 08:30:00,2018.07.23 08:59:58,-1.90134,111.384,-0.404,0.213,0.096,0.064,0.104,2018.07.23 08:00,1230.939,1230.692,-0.000201,1,1,1,long,10.0,96.1,76.9,0.10409,0.13011,6.11,5.95,4.8500,4.8500,0.00,0.00,4.85,4.8529,0.0029,full,tp,0
DS260914_XAMR30_V1_TRAIN,USDJPYm,233,232,2018.07.24 11:00:00,2018.07.24 11:30:00,2018.07.24 11:30:00,2018.07.24 11:30:00,2018.07.24 12:29:57,-2.12789,111.270,-0.217,0.102,0.086,0.067,0.105,2018.07.24 11:00,1226.918,1226.304,-0.000500,1,1,1,long,12.0,86.5,69.2,0.13873,0.17341,6.18,5.44,4.3500,4.3500,0.00,0.00,4.35,4.3461,0.0039,full,tp,0
DS260914_XAMR30_V1_TRAIN,USDJPYm,235,234,2018.07.25 12:00:00,2018.07.25 12:30:00,2018.07.25 12:30:00,2018.07.25 12:30:00,2018.07.25 13:29:57,-1.82949,111.194,-0.135,0.074,0.085,0.069,0.103,2018.07.25 12:00,1232.251,1232.044,-0.000168,1,1,1,long,11.0,85.1,68.1,0.12930,0.16163,6.25,6.13,-6.1300,-6.1300,0.00,0.00,-6.13,-6.1270,0.0030,full,sl,0
DS260914_XAMR30_V1_TRAIN,USDJPYm,237,236,2018.07.26 03:00:00,2018.07.26 03:30:00,2018.07.26 03:30:00,2018.07.26 03:30:00,2018.07.26 05:29:58,-1.87775,110.963,-0.178,0.095,0.099,0.069,0.106,2018.07.26 03:00,1232.045,1231.360,-0.000556,1,1,1,long,14.0,98.9,79.1,0.14162,0.17702,6.16,5.35,-5.3700,-5.3700,0.00,0.00,-5.37,-5.3659,0.0041,full,sl,0
DS260914_XAMR30_V1_TRAIN,USDJPYm,239,238,2018.07.31 16:30:00,2018.07.31 17:00:00,2018.07.31 17:00:00,2018.07.31 17:00:00,2018.07.31 23:00:00,1.75642,111.396,0.398,0.227,0.112,0.068,0.113,2018.07.31 16:30,1224.499,1225.988,0.001216,1,1,1,short,10.0,111.9,89.5,0.08940,0.11175,6.08,6.06,1.0200,1.0200,0.00,0.00,1.02,1.0199,0.0001,full,time_exit,0
DS260914_XAMR30_V1_TRAIN,USDJPYm,241,240,2018.08.01 05:00:00,2018.08.01 05:30:00,2018.08.01 05:30:00,2018.08.01 05:30:00,2018.08.01 06:29:57,1.95295,111.688,0.257,0.132,0.090,0.068,0.113,2018.08.01 05:00,1220.809,1221.320,0.000419,1,1,1,short,10.0,90.1,72.1,0.11102,0.13878,6.09,5.65,-5.6200,-5.6200,0.00,0.00,-5.62,-5.6232,0.0032,full,sl,0
DS260914_XAMR30_V1_TRAIN,USDJPYm,243,242,2018.08.02 10:30:00,2018.08.02 11:00:00,2018.08.02 11:00:00,2018.08.02 11:00:00,2018.08.02 12:29:58,-1.77321,111.641,-0.173,0.098,0.075,0.075,0.115,2018.08.02 10:30,1216.370,1216.172,-0.000163,1,1,1,long,11.0,74.9,59.9,0.14681,0.18351,6.01,5.34,-5.3900,-5.3900,0.00,0.00,-5.39,-5.3859,0.0041,full,sl,0
DS260914_XAMR30_V1_TRAIN,USDJPYm,245,244,2018.08.03 15:30:00,2018.08.03 16:00:00,2018.08.03 16:00:00,2018.08.03 16:00:00,2018.08.03 16:29:58,-2.97801,111.545,-0.420,0.141,0.106,0.072,0.110,2018.08.03 15:30,1219.295,1217.637,-0.001360,1,1,1,long,9.0,106.1,84.9,0.08479,0.10599,5.93,5.72,4.5800,4.5800,0.00,0.00,4.58,4.5855,0.0055,full,tp,0
DS260914_XAMR30_V1_TRAIN,USDJPYm,247,246,2018.08.07 12:30:00,2018.08.07 13:00:00,2018.08.07 13:00:00,2018.08.07 13:00:00,2018.08.07 13:29:58,-3.52151,111.283,-0.260,0.074,0.065,0.063,0.097,2018.08.07 12:30,1213.611,1213.308,-0.000250,1,1,1,long,10.0,65.3,52.2,0.15317,0.19147,5.99,5.87,4.6800,4.6800,0.00,0.00,4.68,4.6811,0.0011,full,tp,0
DS260914_XAMR30_V1_TRAIN,USDJPYm,249,248,2018.08.08 07:30:00,2018.08.08 08:00:00,2018.08.08 08:00:00,2018.08.08 08:00:00,2018.08.08 10:59:58,-2.65728,111.269,-0.328,0.123,0.073,0.060,0.096,2018.08.08 07:30,1215.270,1214.618,-0.000537,1,1,1,long,10.0,73.1,58.5,0.13672,0.17090,6.06,5.92,4.7800,4.7800,0.00,0.00,4.78,4.7834,0.0034,full,tp,0
DS260914_XAMR30_V1_TRAIN,USDJPYm,251,250,2018.08.09 00:30:00,2018.08.09 01:00:00,2018.08.09 01:00:00,2018.08.09 01:00:00,2018.08.09 01:29:58,-1.76155,111.017,-0.205,0.116,0.060,0.059,0.096,2018.08.09 00:30,1214.400,1214.349,-0.000042,1,1,1,long,14.0,60.0,48.0,0.23333,0.29167,6.14,5.94,-5.9600,-5.9600,0.00,0.00,-5.96,-5.9585,0.0015,full,sl,0
DS260914_XAMR30_V1_TRAIN,USDJPYm,253,252,2018.08.14 07:30:00,2018.08.14 08:00:00,2018.08.14 08:00:00,2018.08.14 08:00:00,2018.08.14 08:29:58,2.50191,110.744,0.359,0.144,0.089,0.060,0.115,2018.08.14 07:30,1194.459,1195.349,0.000745,1,1,1,short,11.0,88.6,70.9,0.12409,0.15512,6.05,5.61,4.4800,4.4800,0.00,0.00,4.48,4.4762,0.0038,full,tp,0
DS260914_XAMR30_V1_TRAIN,USDJPYm,255,254,2018.08.15 01:30:00,2018.08.15 02:00:00,2018.08.15 02:00:00,2018.08.15 02:00:00,2018.08.15 02:59:58,2.69774,111.054,0.285,0.106,0.067,0.061,0.106,2018.08.15 01:30,1192.243,1192.480,0.000199,1,1,1,short,13.0,67.4,53.9,0.19280,0.24100,6.11,6.07,4.8500,4.8500,0.00,0.00,4.85,4.8524,0.0024,full,tp,0
DS260914_XAMR30_V1_TRAIN,USDJPYm,257,256,2018.08.17 10:00:00,2018.08.17 10:30:00,2018.08.17 10:30:00,2018.08.17 10:30:00,2018.08.17 11:29:58,-2.59637,110.801,-0.260,0.100,0.061,0.059,0.111,2018.08.17 10:00,1176.469,1176.424,-0.000038,1,1,1,long,11.0,60.6,48.5,0.18139,0.22674,6.19,6.00,-6.0800,-6.0800,0.00,0.00,-6.08,-6.0729,0.0071,full,sl,0
DS260914_XAMR30_V1_TRAIN,USDJPYm,259,258,2018.08.20 13:30:00,2018.08.20 14:00:00,2018.08.20 14:00:00,2018.08.20 14:00:00,2018.08.20 15:29:58,-1.50520,110.564,-0.157,0.104,0.065,0.060,0.114,2018.08.20 13:30,1187.176,1185.027,-0.001810,1,1,1,long,11.0,64.8,51.8,0.16979,0.21224,6.10,5.87,4.7100,4.7100,0.00,0.00,4.71,4.7072,0.0028,full,tp,0
DS260914_XAMR30_V1_TRAIN,USDJPYm,261,260,2018.08.21 01:00:00,2018.08.21 01:30:00,2018.08.21 01:30:00,2018.08.21 01:30:00,2018.08.21 02:29:58,-2.10733,110.272,-0.362,0.172,0.092,0.062,0.114,2018.08.21 01:00,1193.754,1192.438,-0.001102,1,1,1,long,14.0,92.3,73.8,0.15170,0.18963,6.17,5.85,4.7100,4.7100,0.00,0.00,4.71,4.7091,0.0009,full,tp,0
DS260914_XAMR30_V1_TRAIN,USDJPYm,263,262,2018.08.22 15:30:00,2018.08.22 16:00:00,2018.08.22 16:00:00,2018.08.22 16:00:00,2018.08.22 18:29:57,1.66751,110.346,0.197,0.118,0.108,0.071,0.114,2018.08.22 15:30,1194.897,1195.904,0.000843,1,1,1,short,11.0,107.6,86.1,0.10226,0.12782,6.24,5.86,4.6700,4.6700,0.00,0.00,4.67,4.6715,0.0015,full,tp,0
DS260914_XAMR30_V1_TRAIN,USDJPYm,265,264,2018.08.23 03:00:00,2018.08.23 03:30:00,2018.08.23 03:30:00,2018.08.23 03:30:00,2018.08.23 05:29:59,3.11676,110.527,0.292,0.094,0.077,0.071,0.114,2018.08.23 03:00,1190.695,1190.810,0.000097,1,1,1,short,15.0,76.5,61.2,0.19608,0.24510,6.31,6.24,-6.2500,-6.2500,0.00,0.00,-6.25,-6.2491,0.0009,full,sl,0
DS260914_XAMR30_V1_TRAIN,USDJPYm,267,266,2018.08.24 01:00:00,2018.08.24 01:30:00,2018.08.24 01:30:00,2018.08.24 01:30:00,2018.08.24 03:59:58,3.40892,111.069,0.312,0.091,0.074,0.074,0.114,2018.08.24 01:00,1186.179,1186.685,0.000427,1,1,1,short,12.0,73.6,58.9,0.16295,0.20369,6.21,5.98,-5.9700,-5.9700,0.00,0.00,-5.97,-5.9755,0.0055,full,sl,0
DS260914_XAMR30_V1_TRAIN,USDJPYm,269,268,2018.08.27 06:00:00,2018.08.27 06:30:00,2018.08.27 06:30:00,2018.08.27 06:30:00,2018.08.27 06:59:57,-1.51798,111.212,-0.193,0.127,0.088,0.070,0.106,2018.08.27 06:00,1206.753,1205.946,-0.000669,1,1,1,long,12.0,88.0,70.4,0.13636,0.17045,6.12,5.53,4.4100,4.4100,0.00,0.00,4.41,4.4103,0.0003,full,tp,0
DS260914_XAMR30_V1_TRAIN,USDJPYm,271,270,2018.08.28 03:30:00,2018.08.28 04:00:00,2018.08.28 04:00:00,2018.08.28 04:00:00,2018.08.28 04:29:58,1.59617,111.155,0.158,0.099,0.066,0.066,0.099,2018.08.28 03:30,1208.213,1209.128,0.000757,1,1,1,short,14.0,66.3,53.0,0.21121,0.26401,6.19,5.97,4.7600,4.7600,0.00,0.00,4.76,4.7636,0.0036,full,tp,0
DS260914_XAMR30_V1_TRAIN,USDJPYm,273,272,2018.08.29 12:30:00,2018.08.29 13:00:00,2018.08.29 13:00:00,2018.08.29 13:00:00,2018.08.29 13:59:58,2.75079,111.199,0.154,0.056,0.063,0.062,0.094,2018.08.29 12:30,1203.722,1204.049,0.000272,1,1,1,short,10.0,62.7,50.2,0.15945,0.19932,6.26,6.20,-6.2200,-6.2200,0.00,0.00,-6.22,-6.2199,0.0001,full,sl,0
DS260914_XAMR30_V1_TRAIN,USDJPYm,275,274,2018.08.30 15:30:00,2018.08.30 16:00:00,2018.08.30 16:00:00,2018.08.30 16:00:00,2018.08.30 17:29:58,-1.80281,111.485,-0.324,0.180,0.089,0.060,0.093,2018.08.30 15:30,1199.451,1199.131,-0.000267,1,1,1,long,11.0,88.5,70.8,0.12429,0.15537,6.17,5.55,4.4700,4.4700,0.00,0.00,4.47,4.4677,0.0023,full,tp,0
DS260914_XAMR30_V1_TRAIN,USDJPYm,277,276,2018.08.31 00:00:00,2018.08.31 00:30:00,2018.08.31 00:30:00,2018.08.31 00:30:00,2018.08.31 01:29:58,-1.59419,111.262,-0.302,0.189,0.086,0.060,0.092,2018.08.31 00:00,1199.865,1198.732,-0.000944,1,1,1,long,11.0,86.4,69.1,0.12738,0.15922,6.24,6.21,4.9700,4.9700,0.00,0.00,4.97,4.9711,0.0011,full,tp,0
DS260914_XAMR30_V1_TRAIN,USDJPYm,279,278,2018.09.04 07:00:00,2018.09.04 07:30:00,2018.09.04 07:30:00,2018.09.04 07:30:00,2018.09.04 08:29:58,4.10543,111.107,0.339,0.082,0.085,0.061,0.092,2018.09.04 07:00,1195.380,1195.547,0.000140,1,1,1,short,10.0,85.4,68.3,0.11715,0.14644,6.31,6.15,-6.1000,-6.1000,0.00,0.00,-6.10,-6.0970,0.0030,full,sl,0
DS260914_XAMR30_V1_TRAIN,USDJPYm,281,280,2018.09.05 00:30:00,2018.09.05 01:00:00,2018.09.05 01:00:00,2018.09.05 01:00:00,2018.09.05 01:29:57,3.06966,111.357,0.277,0.090,0.067,0.061,0.093,2018.09.05 00:30,1191.205,1192.231,0.000861,1,1,1,short,12.0,67.4,53.9,0.17797,0.22246,6.22,6.04,-6.0000,-6.0000,0.00,0.00,-6.00,-5.9982,0.0018,full,sl,0
DS260914_XAMR30_V1_TRAIN,USDJPYm,283,282,2018.09.06 00:30:00,2018.09.06 01:00:00,2018.09.06 01:00:00,2018.09.06 01:00:00,2018.09.06 01:29:58,-2.50061,111.479,-0.215,0.086,0.062,0.061,0.091,2018.09.06 00:30,1199.080,1198.819,-0.000218,1,1,1,long,10.0,62.0,49.6,0.16129,0.20161,6.13,6.11,-6.1400,-6.1400,0.00,0.00,-6.14,-6.1325,0.0075,full,sl,0
DS260914_XAMR30_V1_TRAIN,USDJPYm,285,284,2018.09.07 03:00:00,2018.09.07 03:30:00,2018.09.07 03:30:00,2018.09.07 03:30:00,2018.09.07 06:29:57,-2.04455,110.893,-0.337,0.165,0.088,0.061,0.094,2018.09.07 03:00,1202.327,1202.107,-0.000183,1,1,1,long,13.0,88.1,70.5,0.14749,0.18436,6.04,5.55,4.4900,4.4900,0.00,0.00,4.49,4.4921,0.0021,full,tp,0
DS260914_XAMR30_V1_TRAIN,USDJPYm,287,286,2018.09.10 17:30:00,2018.09.10 18:00:00,2018.09.10 18:00:00,2018.09.10 18:00:00,2018.09.10 18:59:58,1.65871,111.044,0.096,0.058,0.070,0.060,0.095,2018.09.10 17:30,1194.491,1195.652,0.000972,1,1,1,short,10.0,69.5,55.6,0.14388,0.17986,6.10,5.65,-5.6600,-5.6600,0.00,0.00,-5.66,-5.6649,0.0049,full,sl,0
DS260914_XAMR30_V1_TRAIN,USDJPYm,289,288,2018.09.11 01:00:00,2018.09.11 01:30:00,2018.09.11 01:30:00,2018.09.11 01:30:00,2018.09.11 01:59:58,4.32639,111.107,0.259,0.060,0.075,0.060,0.095,2018.09.11 01:00,1194.234,1194.476,0.000203,1,1,1,short,12.0,75.4,60.3,0.15924,0.19905,6.02,5.42,-5.3800,-5.3800,0.00,0.00,-5.38,-5.3840,0.0040,full,sl,0
DS260914_XAMR30_V1_TRAIN,USDJPYm,291,290,2018.09.14 14:30:00,2018.09.14 15:00:00,2018.09.14 15:00:00,2018.09.14 15:00:00,2018.09.14 15:29:58,1.80613,111.844,0.246,0.136,0.083,0.064,0.096,2018.09.14 14:30,1197.858,1198.611,0.000629,1,1,1,short,10.0,82.9,66.3,0.12069,0.15086,5.94,5.20,-5.1800,-5.1800,0.00,0.00,-5.18,-5.1795,0.0005,full,sl,0
DS260914_XAMR30_V1_TRAIN,USDJPYm,293,292,2018.09.17 00:30:00,2018.09.17 01:00:00,2018.09.17 01:00:00,2018.09.17 01:00:00,2018.09.17 01:29:58,2.16800,111.938,0.158,0.073,0.065,0.063,0.096,2018.09.17 00:30,1193.583,1193.820,0.000199,1,1,1,short,11.0,65.1,52.1,0.16886,0.21107,5.86,5.80,4.6400,4.6400,0.00,0.00,4.64,4.6411,0.0011,full,tp,0
DS260914_XAMR30_V1_TRAIN,USDJPYm,295,294,2018.09.18 01:00:00,2018.09.18 01:30:00,2018.09.18 01:30:00,2018.09.18 01:30:00,2018.09.18 01:59:58,-1.57320,111.882,-0.132,0.084,0.081,0.062,0.095,2018.09.18 01:00,1198.879,1197.911,-0.000807,1,1,1,long,10.0,81.4,65.1,0.12281,0.15351,5.93,5.81,4.6500,4.6500,0.00,0.00,4.65,4.6501,0.0001,full,tp,0
DS260914_XAMR30_V1_TRAIN,USDJPYm,297,296,2018.09.19 10:30:00,2018.09.19 11:00:00,2018.09.19 11:00:00,2018.09.19 11:00:00,2018.09.19 11:29:58,1.78702,112.276,0.138,0.077,0.067,0.061,0.097,2018.09.19 10:30,1202.806,1202.892,0.000071,1,1,1,short,11.0,67.3,53.8,0.16348,0.20435,6.00,5.42,4.3300,4.3300,0.00,0.00,4.33,4.3254,0.0046,full,tp,0
DS260914_XAMR30_V1_TRAIN,USDJPYm,299,298,2018.09.20 03:00:00,2018.09.20 03:30:00,2018.09.20 03:30:00,2018.09.20 03:30:00,2018.09.20 03:59:58,-1.81214,112.250,-0.121,0.067,0.070,0.060,0.096,2018.09.20 03:00,1206.179,1205.909,-0.000224,1,1,1,long,11.0,70.0,56.0,0.15714,0.19643,6.06,5.61,4.4900,4.4900,0.00,0.00,4.49,4.4921,0.0021,full,tp,0
DS260914_XAMR30_V1_TRAIN,USDJPYm,301,300,2018.09.21 03:00:00,2018.09.21 03:30:00,2018.09.21 03:30:00,2018.09.21 03:30:00,2018.09.21 03:59:58,2.26956,112.410,0.286,0.126,0.064,0.059,0.095,2018.09.21 03:00,1208.060,1208.590,0.000439,1,1,1,short,11.0,64.1,51.3,0.17149,0.21437,6.13,5.71,-5.6800,-5.6800,0.00,0.00,-5.68,-5.6758,0.0042,full,sl,0
DS260914_XAMR30_V1_TRAIN,USDJPYm,303,302,2018.09.24 18:00:00,2018.09.24 18:30:00,2018.09.24 18:30:00,2018.09.24 18:30:00,2018.09.24 20:59:57,2.59310,112.606,0.128,0.049,0.077,0.057,0.087,2018.09.24 18:00,1199.615,1199.789,0.000145,1,1,1,short,10.0,77.1,61.7,0.12963,0.16204,6.05,5.47,-5.4600,-5.4600,0.00,0.00,-5.46,-5.4605,0.0005,full,sl,0
DS260914_XAMR30_V1_TRAIN,USDJPYm,305,304,2018.09.25 01:00:00,2018.09.25 01:30:00,2018.09.25 01:30:00,2018.09.25 01:30:00,2018.09.25 01:59:58,2.94593,112.690,0.188,0.064,0.059,0.057,0.087,2018.09.25 01:00,1198.260,1198.396,0.000113,1,1,1,short,11.0,58.9,47.1,0.18667,0.23333,5.96,5.74,4.5800,4.5800,0.00,0.00,4.58,4.5820,0.0020,full,tp,0
DS260914_XAMR30_V1_TRAIN,USDJPYm,307,306,2018.09.26 12:30:00,2018.09.26 13:00:00,2018.09.26 13:00:00,2018.09.26 13:00:00,2018.09.26 13:59:57,1.52497,112.900,0.082,0.054,0.066,0.055,0.086,2018.09.26 12:30,1195.166,1195.713,0.000458,1,1,1,short,11.0,65.8,52.6,0.16721,0.20901,6.03,5.83,-5.8400,-5.8400,0.00,0.00,-5.84,-5.8382,0.0018,full,sl,0
DS260914_XAMR30_V1_TRAIN,USDJPYm,309,308,2018.09.27 05:30:00,2018.09.27 06:00:00,2018.09.27 06:00:00,2018.09.27 06:00:00,2018.09.27 07:29:57,-1.88213,112.814,-0.177,0.094,0.077,0.056,0.088,2018.09.27 05:30,1196.844,1196.142,-0.000587,1,1,1,long,7.0,77.3,61.8,0.09057,0.11322,5.95,5.47,4.4000,4.4000,0.00,0.00,4.40,4.4009,0.0009,full,tp,0
DS260914_XAMR30_V1_TRAIN,USDJPYm,311,310,2018.09.28 02:00:00,2018.09.28 02:30:00,2018.09.28 02:30:00,2018.09.28 02:30:00,2018.09.28 03:59:58,1.69266,113.200,0.375,0.222,0.058,0.056,0.088,2018.09.28 02:00,1184.478,1184.731,0.000214,1,1,1,short,9.0,58.1,46.5,0.15498,0.19373,6.01,5.67,4.4600,4.4600,0.00,0.00,4.46,4.4570,0.0030,full,tp,0
DS260914_XAMR30_V1_TRAIN,USDJPYm,313,312,2018.10.01 01:30:00,2018.10.01 02:00:00,2018.10.01 02:00:00,2018.10.01 02:00:00,2018.10.01 03:59:58,3.90912,113.582,0.364,0.093,0.078,0.056,0.088,2018.10.01 01:30,1188.623,1189.072,0.000378,1,1,1,short,11.0,78.4,62.7,0.14026,0.17532,6.08,5.53,4.4300,4.4300,0.00,0.00,4.43,4.4256,0.0044,full,tp,0
DS260914_XAMR30_V1_TRAIN,USDJPYm,315,314,2018.10.02 06:30:00,2018.10.02 07:00:00,2018.10.02 07:00:00,2018.10.02 07:00:00,2018.10.02 07:29:58,-1.52167,113.895,-0.142,0.093,0.083,0.056,0.087,2018.10.02 06:30,1193.712,1192.916,-0.000667,1,1,1,long,10.0,83.1,66.5,0.12038,0.15047,6.15,5.84,-5.8400,-5.8400,0.00,0.00,-5.84,-5.8410,0.0010,full,sl,0
DS260914_XAMR30_V1_TRAIN,USDJPYm,317,316,2018.10.03 00:30:00,2018.10.03 01:00:00,2018.10.03 01:00:00,2018.10.03 01:00:00,2018.10.03 01:29:58,-1.78464,113.720,-0.135,0.076,0.058,0.056,0.088,2018.10.03 00:30,1206.751,1205.992,-0.000629,1,1,1,long,10.0,58.2,46.6,0.17178,0.21472,6.06,5.63,-5.6200,-5.6200,0.00,0.00,-5.62,-5.6193,0.0007,full,sl,0
DS260914_XAMR30_V1_TRAIN,USDJPYm,319,318,2018.10.03 23:30:00,2018.10.04 00:00:00,2018.10.04 00:00:00,2018.10.04 00:00:00,2018.10.04 00:29:58,1.86397,114.119,0.384,0.206,0.076,0.058,0.087,2018.10.03 23:30,1197.472,1197.928,0.000381,1,1,1,short,12.0,75.6,60.5,0.15864,0.19830,5.97,5.33,4.2700,4.2700,0.00,0.00,4.27,4.2641,0.0059,full,tp,0
DS260914_XAMR30_V1_TRAIN,USDJPYm,321,320,2018.10.08 09:30:00,2018.10.08 10:00:00,2018.10.08 10:00:00,2018.10.08 10:00:00,2018.10.08 13:29:58,-3.21297,113.738,-0.396,0.123,0.082,0.059,0.090,2018.10.08 09:30,1194.963,1193.800,-0.000973,1,1,1,long,10.0,81.5,65.2,0.12270,0.15337,6.04,5.70,-5.7300,-5.7300,0.00,0.00,-5.73,-5.7208,0.0092,full,sl,0
DS260914_XAMR30_V1_TRAIN,USDJPYm,323,322,2018.10.10 09:00:00,2018.10.10 09:30:00,2018.10.10 09:30:00,2018.10.10 09:30:00,2018.10.10 13:59:58,1.78478,113.083,0.144,0.081,0.070,0.063,0.097,2018.10.10 09:00,1186.600,1186.819,0.000185,1,1,1,short,11.0,69.8,55.8,0.15763,0.19703,5.95,5.55,4.4600,4.4600,0.00,0.00,4.46,4.4534,0.0066,full,tp,0
DS260914_XAMR30_V1_TRAIN,USDJPYm,325,324,2018.10.12 16:00:00,2018.10.12 16:30:00,2018.10.12 16:30:00,2018.10.12 16:30:00,2018.10.12 16:59:58,-1.93836,112.242,-0.251,0.129,0.091,0.068,0.112,2018.10.12 16:00,1219.650,1219.059,-0.000485,1,1,1,long,10.0,91.4,73.1,0.10946,0.13683,6.02,5.66,-5.6900,-5.6900,0.00,0.00,-5.69,-5.6921,0.0021,full,sl,0
DS260914_XAMR30_V1_TRAIN,USDJPYm,327,326,2018.10.15 00:30:00,2018.10.15 01:00:00,2018.10.15 01:00:00,2018.10.15 01:00:00,2018.10.15 01:29:58,-1.64780,112.178,-0.178,0.108,0.092,0.068,0.112,2018.10.15 00:30,1221.167,1220.922,-0.000201,1,1,1,long,12.0,91.7,73.4,0.13084,0.16355,5.93,5.74,4.5600,4.5600,0.00,0.00,4.56,4.5590,0.0010,full,tp,0
DS260914_XAMR30_V1_TRAIN,USDJPYm,329,328,2018.10.16 18:00:00,2018.10.16 18:30:00,2018.10.16 18:30:00,2018.10.16 18:30:00,2018.10.16 18:59:58,1.79692,112.060,0.197,0.110,0.094,0.074,0.112,2018.10.16 18:00,1225.996,1226.096,0.000082,1,1,1,short,9.0,93.9,75.1,0.09589,0.11986,6.00,5.86,4.6800,4.6800,0.00,0.00,4.68,4.6799,0.0001,full,tp,0
DS260914_XAMR30_V1_TRAIN,USDJPYm,331,330,2018.10.17 14:30:00,2018.10.17 15:00:00,2018.10.17 15:00:00,2018.10.17 15:00:00,2018.10.17 15:59:59,-1.53953,112.210,-0.136,0.088,0.086,0.071,0.112,2018.10.17 14:30,1228.758,1225.962,-0.002275,1,1,1,long,10.0,86.4,69.1,0.11570,0.14463,6.07,5.39,4.3000,4.3000,0.00,0.00,4.30,4.3066,0.0066,full,tp,0
DS260914_XAMR30_V1_TRAIN,USDJPYm,333,332,2018.10.18 00:00:00,2018.10.18 00:30:00,2018.10.18 00:30:00,2018.10.18 00:30:00,2018.10.18 00:59:58,1.55664,112.377,0.213,0.137,0.082,0.073,0.112,2018.10.18 00:00,1222.195,1222.363,0.000137,1,1,1,short,11.0,82.4,65.9,0.13345,0.16681,6.14,5.87,-5.8200,-5.8200,0.00,0.00,-5.82,-5.8222,0.0022,full,sl,0
DS260914_XAMR30_V1_TRAIN,USDJPYm,335,334,2018.10.22 02:00:00,2018.10.22 02:30:00,2018.10.22 02:30:00,2018.10.22 02:30:00,2018.10.22 02:59:58,1.62598,112.454,0.083,0.051,0.080,0.071,0.112,2018.10.22 02:00,1227.382,1227.578,0.000160,1,1,1,short,10.0,80.4,64.3,0.12444,0.15556,6.05,5.70,-5.6800,-5.6800,0.00,0.00,-5.68,-5.6830,0.0030,full,sl,0
DS260914_XAMR30_V1_TRAIN,USDJPYm,337,336,2018.10.23 08:30:00,2018.10.23 09:00:00,2018.10.23 09:00:00,2018.10.23 09:00:00,2018.10.23 09:29:58,-2.15691,112.590,-0.356,0.165,0.091,0.070,0.109,2018.10.23 08:30,1235.672,1235.626,-0.000037,1,1,1,long,11.0,90.6,72.5,0.12145,0.15181,5.96,5.63,-5.6800,-5.6800,0.00,0.00,-5.68,-5.6797,0.0003,full,sl,0
DS260914_XAMR30_V1_TRAIN,USDJPYm,339,338,2018.10.24 22:30:00,2018.10.24 23:00:00,2018.10.24 23:00:00,2018.10.24 23:00:00,2018.10.24 23:59:58,-2.16207,112.403,-0.325,0.151,0.110,0.071,0.113,2018.10.24 22:30,1233.977,1233.630,-0.000281,1,1,1,long,12.0,110.4,88.3,0.10867,0.13583,5.88,4.92,-4.9100,-4.9100,0.00,0.00,-4.91,-4.9116,0.0016,full,sl,0
DS260914_XAMR30_V1_TRAIN,USDJPYm,341,340,2018.10.26 05:00:00,2018.10.26 05:30:00,2018.10.26 05:30:00,2018.10.26 05:30:00,2018.10.26 06:29:58,-1.54366,112.338,-0.231,0.150,0.095,0.071,0.104,2018.10.26 05:00,1231.790,1231.770,-0.000016,1,1,1,long,9.0,95.4,76.3,0.09431,0.11789,5.80,5.12,4.0600,4.0600,0.00,0.00,4.06,4.0645,0.0045,full,tp,0
DS260914_XAMR30_V1_TRAIN,USDJPYm,343,342,2018.10.29 12:00:00,2018.10.29 12:30:00,2018.10.29 12:30:00,2018.10.29 12:30:00,2018.10.29 13:59:58,1.76697,112.024,0.360,0.204,0.101,0.071,0.105,2018.10.29 12:00,1228.780,1230.631,0.001506,1,1,1,short,11.0,100.9,80.7,0.10907,0.13633,5.87,5.39,-5.3900,-5.3900,0.00,0.00,-5.39,-5.3874,0.0026,full,sl,0
DS260914_XAMR30_V1_TRAIN,USDJPYm,345,344,2018.10.30 01:30:00,2018.10.30 02:00:00,2018.10.30 02:00:00,2018.10.30 02:00:00,2018.10.30 02:29:58,2.07040,112.290,0.336,0.162,0.086,0.071,0.107,2018.10.30 01:30,1227.271,1227.426,0.000126,1,1,1,short,11.0,86.4,69.1,0.12738,0.15922,5.78,5.38,4.2900,4.2900,0.00,0.00,4.29,4.2912,0.0012,full,tp,0
DS260914_XAMR30_V1_TRAIN,USDJPYm,347,346,2018.10.30 23:30:00,2018.10.31 00:00:00,2018.10.31 00:00:00,2018.10.31 00:00:00,2018.10.31 00:29:58,3.34161,112.804,0.258,0.077,0.076,0.072,0.108,2018.10.30 23:30,1222.474,1222.556,0.000067,1,1,1,short,10.0,75.8,60.6,0.13195,0.16494,5.85,5.38,-5.3700,-5.3700,0.00,0.00,-5.37,-5.3740,0.0040,full,sl,0
DS260914_XAMR30_V1_TRAIN,USDJPYm,349,348,2018.11.01 13:30:00,2018.11.01 14:00:00,2018.11.01 14:00:00,2018.11.01 14:00:00,2018.11.01 14:29:57,-2.10554,112.907,-0.208,0.099,0.088,0.075,0.110,2018.11.01 13:30,1229.682,1229.369,-0.000255,1,1,1,long,10.0,87.8,70.2,0.11391,0.14239,5.77,5.43,4.3400,4.3400,0.00,0.00,4.34,4.3447,0.0047,full,tp,0
DS260914_XAMR30_V1_TRAIN,USDJPYm,351,350,2018.11.02 04:30:00,2018.11.02 05:00:00,2018.11.02 05:00:00,2018.11.02 05:00:00,2018.11.02 05:29:57,2.19796,112.775,0.174,0.079,0.084,0.076,0.110,2018.11.02 04:30,1231.773,1233.080,0.001061,1,1,1,short,9.0,83.5,66.8,0.10778,0.13473,5.83,5.19,-5.2000,-5.2000,0.00,0.00,-5.20,-5.2019,0.0019,full,sl,0
DS260914_XAMR30_V1_TRAIN,USDJPYm,353,352,2018.11.07 20:30:00,2018.11.07 21:00:00,2018.11.07 21:00:00,2018.11.07 21:00:00,2018.11.08 00:29:58,1.54964,113.285,0.233,0.150,0.096,0.070,0.112,2018.11.07 20:30,1226.143,1226.215,0.000059,1,1,1,short,9.0,96.4,77.1,0.09340,0.11675,5.76,5.11,-5.0700,-5.0700,-2.11,0.00,-7.18,-5.0698,0.0002,full,sl,0
DS260914_XAMR30_V1_TRAIN,USDJPYm,355,354,2018.11.08 01:00:00,2018.11.08 01:30:00,2018.11.08 01:30:00,2018.11.08 01:30:00,2018.11.08 01:59:58,1.62569,113.373,0.275,0.169,0.084,0.070,0.112,2018.11.08 01:00,1225.103,1226.099,0.000813,1,1,1,short,10.0,84.5,67.6,0.11834,0.14793,5.65,5.21,4.1900,4.1900,0.00,0.00,4.19,4.1910,0.0010,full,tp,0
DS260914_XAMR30_V1_TRAIN,USDJPYm,357,356,2018.11.08 23:30:00,2018.11.09 00:00:00,2018.11.09 00:00:00,2018.11.09 00:00:00,2018.11.09 01:29:57,2.48388,113.772,0.178,0.072,0.074,0.067,0.107,2018.11.08 23:30,1222.953,1223.048,0.000078,1,1,1,short,11.0,73.7,59.0,0.14922,0.18653,5.71,5.20,4.1400,4.1400,0.00,0.00,4.14,4.1443,0.0043,full,tp,0
DS260914_XAMR30_V1_TRAIN,USDJPYm,359,358,2018.11.15 05:00:00,2018.11.15 05:30:00,2018.11.15 05:30:00,2018.11.15 05:30:00,2018.11.15 06:59:57,-1.58288,113.657,-0.185,0.117,0.076,0.062,0.096,2018.11.15 05:00,1212.046,1211.429,-0.000509,1,1,1,long,10.0,76.1,60.9,0.13146,0.16432,5.77,5.35,4.3000,4.3000,0.00,0.00,4.30,4.2979,0.0021,full,tp,0
DS260914_XAMR30_V1_TRAIN,USDJPYm,361,360,2018.11.16 12:30:00,2018.11.16 13:00:00,2018.11.16 13:00:00,2018.11.16 13:00:00,2018.11.16 13:59:58,-1.70219,113.390,-0.205,0.120,0.081,0.062,0.097,2018.11.16 12:30,1216.540,1215.690,-0.000699,1,1,1,long,10.0,80.7,64.6,0.12389,0.15487,5.84,5.69,-5.7400,-5.7400,0.00,0.00,-5.74,-5.7287,0.0113,full,sl,0
DS260914_XAMR30_V1_TRAIN,USDJPYm,363,362,2018.11.19 01:30:00,2018.11.19 02:00:00,2018.11.19 02:00:00,2018.11.19 02:00:00,2018.11.19 05:29:58,-1.91217,112.960,-0.274,0.143,0.093,0.062,0.099,2018.11.19 01:30,1223.399,1222.110,-0.001054,1,1,1,long,9.0,93.2,74.6,0.09655,0.12069,5.75,4.95,3.9900,3.9900,0.00,0.00,3.99,3.9904,0.0004,full,tp,0
DS260914_XAMR30_V1_TRAIN,USDJPYm,365,364,2018.11.20 08:30:00,2018.11.20 09:00:00,2018.11.20 09:00:00,2018.11.20 09:00:00,2018.11.20 09:59:58,-2.83562,112.581,-0.254,0.090,0.077,0.064,0.098,2018.11.20 08:30,1225.548,1224.869,-0.000554,1,1,1,long,10.0,76.9,61.5,0.12999,0.16249,5.81,5.45,4.4100,4.4100,0.00,0.00,4.41,4.4129,0.0029,full,tp,0
DS260914_XAMR30_V1_TRAIN,USDJPYm,367,366,2018.11.21 01:00:00,2018.11.21 01:30:00,2018.11.21 01:30:00,2018.11.21 01:30:00,2018.11.21 01:59:57,1.59428,112.633,0.209,0.131,0.074,0.066,0.101,2018.11.21 01:00,1220.311,1220.530,0.000179,1,1,1,short,11.0,74.4,59.5,0.14793,0.18492,5.88,5.29,-5.2400,-5.2400,0.00,0.00,-5.24,-5.2428,0.0028,full,sl,0
DS260914_XAMR30_V1_TRAIN,USDJPYm,369,368,2018.11.23 14:30:00,2018.11.23 15:00:00,2018.11.23 15:00:00,2018.11.23 15:00:00,2018.11.23 15:29:58,-1.86755,112.879,-0.084,0.045,0.064,0.060,0.097,2018.11.23 14:30,1224.143,1223.808,-0.000274,1,1,1,long,11.0,63.6,50.9,0.17284,0.21605,5.80,5.63,-5.6800,-5.6800,0.00,0.00,-5.68,-5.6766,0.0034,full,sl,0
DS260914_XAMR30_V1_TRAIN,USDJPYm,371,370,2018.11.26 01:30:00,2018.11.26 02:00:00,2018.11.26 02:00:00,2018.11.26 02:00:00,2018.11.26 02:29:58,4.85906,112.901,0.318,0.065,0.063,0.059,0.097,2018.11.26 01:30,1222.548,1223.471,0.000755,1,1,1,short,11.0,63.1,50.5,0.17421,0.21776,5.71,5.60,-5.5600,-5.5600,0.00,0.00,-5.56,-5.5613,0.0013,full,sl,0
DS260914_XAMR30_V1_TRAIN,USDJPYm,373,372,2018.11.27 08:30:00,2018.11.27 09:00:00,2018.11.27 09:00:00,2018.11.27 09:00:00,2018.11.27 09:29:58,1.52822,113.434,0.159,0.104,0.064,0.058,0.097,2018.11.27 08:30,1220.022,1221.143,0.000919,1,1,1,short,11.0,63.6,50.9,0.17284,0.21605,5.63,5.61,-5.6300,-5.6300,0.00,0.00,-5.63,-5.6309,0.0009,full,sl,0
DS260914_XAMR30_V1_TRAIN,USDJPYm,375,374,2018.11.28 15:00:00,2018.11.28 15:30:00,2018.11.28 15:30:00,2018.11.28 15:30:00,2018.11.28 15:59:58,2.03067,113.772,0.132,0.065,0.053,0.052,0.093,2018.11.28 15:00,1212.449,1213.010,0.000463,1,1,1,short,11.0,52.7,42.2,0.20867,0.26084,5.55,5.10,-5.1100,-5.1100,0.00,0.00,-5.11,-5.1160,0.0060,full,sl,0
DS260914_XAMR30_V1_TRAIN,USDJPYm,377,376,2018.11.29 03:30:00,2018.11.29 04:00:00,2018.11.29 04:00:00,2018.11.29 04:00:00,2018.11.29 04:29:58,-1.74883,113.640,-0.259,0.148,0.058,0.052,0.094,2018.11.29 03:30,1223.880,1223.437,-0.000362,1,1,1,long,10.0,58.4,46.7,0.17115,0.21394,5.47,5.12,-5.1200,-5.1200,0.00,0.00,-5.12,-5.1177,0.0023,full,sl,0
DS260914_XAMR30_V1_TRAIN,USDJPYm,379,378,2018.11.30 15:00:00,2018.11.30 15:30:00,2018.11.30 15:30:00,2018.11.30 15:30:00,2018.11.30 15:59:57,1.68391,113.457,0.099,0.059,0.055,0.050,0.089,2018.11.30 15:00,1217.057,1217.941,0.000726,1,1,1,short,10.0,54.6,43.7,0.18301,0.22876,5.39,5.31,-5.3300,-5.3300,0.00,0.00,-5.33,-5.3252,0.0048,full,sl,0
DS260914_XAMR30_V1_TRAIN,USDJPYm,381,380,2018.12.04 02:00:00,2018.12.04 02:30:00,2018.12.04 02:30:00,2018.12.04 02:30:00,2018.12.04 03:59:57,-2.82104,113.548,-0.211,0.075,0.064,0.050,0.082,2018.12.04 02:00,1234.968,1234.817,-0.000122,1,1,1,long,11.0,64.1,51.3,0.17168,0.21460,5.31,5.08,-5.0800,-5.0800,0.00,0.00,-5.08,-5.0846,0.0046,full,sl,0
DS260914_XAMR30_V1_TRAIN,USDJPYm,383,382,2018.12.06 01:30:00,2018.12.06 02:00:00,2018.12.06 02:00:00,2018.12.06 02:00:00,2018.12.06 03:29:57,-2.73793,113.041,-0.229,0.084,0.077,0.049,0.084,2018.12.06 01:30,1240.287,1240.133,-0.000124,1,1,1,long,11.0,77.1,61.7,0.14272,0.17841,5.24,4.76,-4.7800,-4.7800,0.00,0.00,-4.78,-4.7807,0.0007,full,sl,0
DS260914_XAMR30_V1_TRAIN,USDJPYm,385,384,2018.12.10 13:30:00,2018.12.10 14:00:00,2018.12.10 14:00:00,2018.12.10 14:00:00,2018.12.10 14:29:58,1.71458,112.621,0.230,0.134,0.079,0.059,0.100,2018.12.10 13:30,1244.243,1245.168,0.000743,1,1,1,short,10.0,79.4,63.5,0.12590,0.15737,5.16,4.93,-4.8900,-4.8900,0.00,0.00,-4.89,-4.8969,0.0069,full,sl,0
DS260914_XAMR30_V1_TRAIN,USDJPYm,387,386,2018.12.11 16:30:00,2018.12.11 17:00:00,2018.12.11 17:00:00,2018.12.11 17:00:00,2018.12.11 17:29:57,2.14521,113.114,0.295,0.137,0.087,0.060,0.105,2018.12.11 16:30,1243.285,1243.614,0.000265,1,1,1,short,11.0,86.9,69.5,0.12654,0.15818,5.09,4.62,3.7100,3.7100,0.00,0.00,3.71,3.7057,0.0043,full,tp,0
DS260914_XAMR30_V1_TRAIN,USDJPYm,389,388,2018.12.11 23:30:00,2018.12.12 00:00:00,2018.12.12 00:00:00,2018.12.12 00:00:00,2018.12.12 00:29:58,1.98742,113.227,0.143,0.072,0.073,0.060,0.105,2018.12.11 23:30,1243.080,1243.090,0.000008,1,1,1,short,13.0,73.2,58.6,0.17756,0.22195,5.15,4.53,-4.5000,-4.5000,0.00,0.00,-4.50,-4.5045,0.0045,full,sl,0
DS260914_XAMR30_V1_TRAIN,USDJPYm,391,390,2018.12.13 15:30:00,2018.12.13 16:00:00,2018.12.13 16:00:00,2018.12.13 16:00:00,2018.12.13 16:59:57,2.07750,113.429,0.201,0.097,0.064,0.061,0.101,2018.12.13 15:30,1241.934,1242.203,0.000217,1,1,1,short,11.0,63.8,51.0,0.17245,0.21557,5.08,5.06,-5.0700,-5.0700,0.00,0.00,-5.07,-5.0661,0.0039,full,sl,0
DS260914_XAMR30_V1_TRAIN,USDJPYm,393,392,2018.12.14 15:30:00,2018.12.14 16:00:00,2018.12.14 16:00:00,2018.12.14 16:00:00,2018.12.14 16:59:58,-1.84857,113.530,-0.133,0.072,0.074,0.060,0.101,2018.12.14 15:30,1236.299,1236.039,-0.000210,1,1,1,long,11.0,74.2,59.4,0.14822,0.18527,5.00,4.56,-4.5700,-4.5700,0.00,0.00,-4.57,-4.5705,0.0005,full,sl,0
DS260914_XAMR30_V1_TRAIN,USDJPYm,395,394,2018.12.17 16:30:00,2018.12.17 17:00:00,2018.12.17 17:00:00,2018.12.17 17:00:00,2018.12.17 17:29:58,-2.78564,113.290,-0.332,0.119,0.073,0.059,0.097,2018.12.17 16:30,1243.015,1242.770,-0.000197,1,1,1,long,11.0,72.5,58.0,0.15172,0.18966,4.93,4.47,-4.4700,-4.4700,0.00,0.00,-4.47,-4.4642,0.0058,full,sl,0
DS260914_XAMR30_V1_TRAIN,USDJPYm,397,396,2018.12.18 00:30:00,2018.12.18 01:00:00,2018.12.18 01:00:00,2018.12.18 01:00:00,2018.12.18 01:59:57,-1.68559,113.041,-0.306,0.182,0.065,0.059,0.097,2018.12.18 00:30,1246.228,1246.049,-0.000144,1,1,1,long,11.0,65.2,52.2,0.16867,0.21084,4.87,4.62,3.6900,3.6900,0.00,0.00,3.69,3.6880,0.0020,full,tp,0
DS260914_XAMR30_V1_TRAIN,USDJPYm,399,398,2018.12.19 15:30:00,2018.12.19 16:00:00,2018.12.19 16:00:00,2018.12.19 16:00:00,2018.12.19 16:29:58,-2.10548,112.393,-0.117,0.056,0.071,0.059,0.096,2018.12.19 15:30,1257.492,1254.359,-0.002491,1,1,1,long,10.0,71.4,57.1,0.14000,0.17500,4.92,4.43,-4.4300,-4.4300,0.00,0.00,-4.43,-4.4289,0.0011,full,sl,0
DS260914_XAMR30_V1_TRAIN,USDJPYm,401,400,2018.12.20 05:00:00,2018.12.20 05:30:00,2018.12.20 05:30:00,2018.12.20 05:30:00,2018.12.20 05:59:58,-1.53757,112.386,-0.176,0.114,0.087,0.060,0.103,2018.12.20 05:00,1245.227,1244.824,-0.000324,1,1,1,long,9.0,86.5,69.2,0.10405,0.13006,4.86,4.63,-4.6100,-4.6100,0.00,0.00,-4.61,-4.6017,0.0083,full,sl,0
DS260914_XAMR30_V1_TRAIN,USDJPYm,403,402,2018.12.21 08:30:00,2018.12.21 09:00:00,2018.12.21 09:00:00,2018.12.21 09:00:00,2018.12.21 09:29:58,-1.70065,111.433,-0.328,0.193,0.095,0.060,0.104,2018.12.21 08:30,1261.819,1259.275,-0.002016,1,1,1,long,12.0,95.3,76.2,0.12594,0.15742,4.79,4.25,3.4200,3.4200,0.00,0.00,3.42,3.4175,0.0025,full,tp,0
DS260914_XAMR30_V1_TRAIN,USDJPYm,405,404,2018.12.24 12:30:00,2018.12.24 13:00:00,2018.12.24 13:00:00,2018.12.24 13:00:00,2018.12.24 13:29:58,-1.52729,111.110,-0.152,0.099,0.078,0.060,0.107,2018.12.24 12:30,1262.620,1262.327,-0.000232,1,1,1,long,11.0,78.3,62.6,0.14051,0.17564,4.84,4.22,-4.2200,-4.2200,0.00,0.00,-4.22,-4.2204,0.0004,full,sl,0
DS260914_XAMR30_V1_TRAIN,USDJPYm,407,406,2018.12.28 07:00:00,2018.12.28 07:30:00,2018.12.28 07:30:00,2018.12.28 07:30:00,2018.12.28 07:59:58,-2.16395,110.744,-0.262,0.121,0.113,0.062,0.124,2018.12.28 07:00,1280.741,1280.624,-0.000091,1,1,1,long,10.0,113.4,90.7,0.08822,0.11027,4.78,4.09,-4.1000,-4.1000,0.00,0.00,-4.10,-4.0950,0.0050,full,sl,0
DS260914_XAMR30_V1_TRAIN,USDJPYm,409,408,2018.12.31 08:30:00,2018.12.31 09:00:00,2018.12.31 09:00:00,2018.12.31 09:00:00,2018.12.31 09:29:58,-2.60941,110.374,-0.291,0.112,0.066,0.065,0.124,2018.12.31 08:30,1281.167,1280.605,-0.000439,1,1,1,long,11.0,65.8,52.6,0.16721,0.20901,4.71,4.17,3.3700,3.3700,0.00,0.00,3.37,3.3682,0.0018,full,tp,0
DS260914_XAMR30_V1_TRAIN,USDJPYm,411,410,2019.01.02 03:30:00,2019.01.02 04:00:00,2019.01.02 04:00:00,2019.01.02 04:00:00,2019.01.02 04:29:58,-2.43405,109.823,-0.415,0.171,0.085,0.073,0.124,2019.01.02 03:30,1283.194,1282.214,-0.000764,1,1,1,long,17.0,84.7,67.8,0.20067,0.25084,4.76,4.61,-4.6600,-4.6600,0.00,0.00,-4.66,-4.6643,0.0043,full,sl,0
DS260914_XAMR30_V1_TRAIN,USDJPYm,413,412,2019.01.07 17:30:00,2019.01.07 18:00:00,2019.01.07 18:00:00,2019.01.07 18:00:00,2019.01.07 20:29:58,1.67409,108.327,0.272,0.162,0.113,0.097,0.159,2019.01.07 17:30,1287.429,1288.211,0.000607,1,1,1,short,10.0,112.8,90.2,0.08866,0.11083,4.69,4.12,-4.1600,-4.1600,0.00,0.00,-4.16,-4.1578,0.0022,full,sl,0
DS260914_XAMR30_V1_TRAIN,USDJPYm,415,414,2019.01.08 06:00:00,2019.01.08 06:30:00,2019.01.08 06:30:00,2019.01.08 06:30:00,2019.01.08 07:29:58,1.72105,108.582,0.252,0.146,0.126,0.095,0.159,2019.01.08 06:00,1283.006,1283.781,0.000604,1,1,1,short,10.0,126.2,101.0,0.07923,0.09904,4.63,3.49,-3.4700,-3.4700,0.00,0.00,-3.47,-3.4692,0.0008,full,sl,0
DS260914_XAMR30_V1_TRAIN,USDJPYm,417,416,2019.01.09 07:00:00,2019.01.09 07:30:00,2019.01.09 07:30:00,2019.01.09 07:30:00,2019.01.09 07:59:58,1.64005,108.772,0.187,0.114,0.098,0.094,0.159,2019.01.09 07:00,1282.259,1282.593,0.000260,1,1,1,short,10.0,98.4,78.7,0.10167,0.12709,4.58,4.51,3.6300,3.6300,0.00,0.00,3.63,3.6278,0.0022,full,tp,0
DS260914_XAMR30_V1_TRAIN,USDJPYm,419,418,2019.01.10 01:00:00,2019.01.10 01:30:00,2019.01.10 01:30:00,2019.01.10 01:30:00,2019.01.10 06:59:58,-1.89339,108.420,-0.500,0.264,0.143,0.095,0.162,2019.01.10 01:00,1293.124,1292.239,-0.000684,1,1,1,long,12.0,142.8,114.2,0.08404,0.10505,4.63,3.93,-3.9800,-3.9800,0.00,0.00,-3.98,-3.9800,0.0000,full,sl,0
DS260914_XAMR30_V1_TRAIN,USDJPYm,421,420,2019.01.15 05:30:00,2019.01.15 06:00:00,2019.01.15 06:00:00,2019.01.15 06:00:00,2019.01.15 06:59:58,2.54263,108.326,0.380,0.150,0.085,0.084,0.156,2019.01.15 05:30,1290.396,1291.257,0.000667,1,1,1,short,9.0,85.4,68.3,0.10535,0.13169,4.57,3.96,3.1300,3.1300,0.00,0.00,3.13,3.1297,0.0003,full,tp,0
DS260914_XAMR30_V1_TRAIN,USDJPYm,423,422,2019.01.16 16:00:00,2019.01.16 16:30:00,2019.01.16 16:30:00,2019.01.16 16:30:00,2019.01.16 17:59:58,2.02179,108.643,0.216,0.107,0.092,0.085,0.156,2019.01.16 16:00,1292.949,1294.204,0.000971,1,1,1,short,11.0,92.1,73.7,0.11938,0.14922,4.62,4.24,-4.2200,-4.2200,0.00,0.00,-4.22,-4.2221,0.0021,full,sl,0
DS260914_XAMR30_V1_TRAIN,USDJPYm,425,424,2019.01.17 21:30:00,2019.01.17 22:00:00,2019.01.17 22:00:00,2019.01.17 22:00:00,2019.01.17 23:29:58,2.20774,108.955,0.291,0.132,0.128,0.082,0.130,2019.01.17 21:30,1291.722,1291.941,0.000170,1,1,1,short,22.0,127.6,102.1,0.17236,0.21544,4.56,3.51,2.8100,2.8100,0.00,0.00,2.81,2.8038,0.0062,full,tp,0
DS260914_XAMR30_V1_TRAIN,USDJPYm,427,426,2019.01.18 02:00:00,2019.01.18 02:30:00,2019.01.18 02:30:00,2019.01.18 02:30:00,2019.01.18 08:30:00,2.13416,109.050,0.293,0.137,0.128,0.082,0.128,2019.01.18 02:00,1290.812,1291.235,0.000328,1,1,1,short,11.0,128.4,102.7,0.08570,0.10712,4.60,3.53,-2.8200,-2.8200,0.00,0.00,-2.82,-2.8233,0.0033,full,time_exit,0
DS260914_XAMR30_V1_TRAIN,USDJPYm,429,428,2019.01.22 20:00:00,2019.01.22 20:30:00,2019.01.22 20:30:00,2019.01.22 20:30:00,2019.01.22 20:59:59,-1.53853,109.429,-0.115,0.075,0.083,0.069,0.115,2019.01.22 20:00,1285.251,1283.737,-0.001178,1,1,1,long,9.0,83.1,66.5,0.10825,0.13531,4.56,4.56,3.6700,3.6700,0.00,0.00,3.67,3.6750,0.0050,full,tp,0
DS260914_XAMR30_V1_TRAIN,USDJPYm,431,430,2019.01.23 01:30:00,2019.01.23 02:00:00,2019.01.23 02:00:00,2019.01.23 02:00:00,2019.01.23 03:29:58,3.53795,109.427,0.231,0.065,0.076,0.069,0.112,2019.01.23 01:30,1284.408,1285.059,0.000507,1,1,1,short,11.0,76.0,60.8,0.14474,0.18092,4.61,4.17,-4.1500,-4.1500,0.00,0.00,-4.15,-4.1555,0.0055,full,sl,0
DS260914_XAMR30_V1_TRAIN,USDJPYm,433,432,2019.01.25 02:00:00,2019.01.25 02:30:00,2019.01.25 02:30:00,2019.01.25 02:30:00,2019.01.25 02:59:58,1.70189,109.632,0.138,0.081,0.072,0.066,0.103,2019.01.25 02:00,1279.973,1280.866,0.000698,1,1,1,short,11.0,72.1,57.7,0.15263,0.19078,4.55,3.93,3.1700,3.1700,0.00,0.00,3.17,3.1719,0.0019,full,tp,0
DS260914_XAMR30_V1_TRAIN,USDJPYm,435,434,2019.01.27 23:30:00,2019.01.28 00:00:00,2019.01.28 00:00:00,2019.01.28 00:00:00,2019.01.28 00:29:58,-1.74754,109.636,-0.226,0.129,0.091,0.066,0.103,2019.01.27 23:30,1301.112,1300.004,-0.000852,1,1,1,long,9.0,90.6,72.5,0.09937,0.12421,4.60,4.13,-4.1600,-4.1600,0.00,0.00,-4.16,-4.1618,0.0018,full,sl,0
DS260914_XAMR30_V1_TRAIN,USDJPYm,437,436,2019.01.29 01:00:00,2019.01.29 01:30:00,2019.01.29 01:30:00,2019.01.29 01:30:00,2019.01.29 04:59:58,-2.03147,109.352,-0.153,0.075,0.069,0.066,0.101,2019.01.29 01:00,1304.340,1303.029,-0.001005,1,1,1,long,9.0,68.8,55.0,0.13084,0.16355,4.54,4.40,3.5200,3.5200,0.00,0.00,3.52,3.5236,0.0036,full,tp,0
DS260914_XAMR30_V1_TRAIN,USDJPYm,439,438,2019.01.30 14:30:00,2019.01.30 15:00:00,2019.01.30 15:00:00,2019.01.30 15:00:00,2019.01.30 15:29:58,3.58512,109.392,0.269,0.075,0.066,0.063,0.097,2019.01.30 14:30,1310.615,1310.650,0.000027,1,1,1,short,9.0,65.6,52.5,0.13711,0.17138,4.59,4.21,3.3800,3.3800,0.00,0.00,3.38,3.3848,0.0048,full,tp,0
DS260914_XAMR30_V1_TRAIN,USDJPYm,441,440,2019.01.31 05:30:00,2019.01.31 06:00:00,2019.01.31 06:00:00,2019.01.31 06:00:00,2019.01.31 08:29:58,-1.67889,109.114,-0.382,0.228,0.079,0.063,0.099,2019.01.31 05:30,1319.964,1319.894,-0.000053,1,1,1,long,6.0,79.1,63.3,0.07581,0.09477,4.64,4.33,-4.3600,-4.3600,0.00,0.00,-4.36,-4.3622,0.0022,full,sl,0
DS260914_XAMR30_V1_TRAIN,USDJPYm,443,442,2019.02.01 14:30:00,2019.02.01 15:00:00,2019.02.01 15:00:00,2019.02.01 15:00:00,2019.02.01 15:29:57,3.68198,108.899,0.207,0.056,0.061,0.061,0.088,2019.02.01 14:30,1321.549,1321.600,0.000039,1,1,1,short,12.0,61.2,49.0,0.19603,0.24504,4.57,4.51,-4.4600,-4.4600,0.00,0.00,-4.46,-4.4701,0.0101,full,sl,0
DS260914_XAMR30_V1_TRAIN,USDJPYm,445,444,2019.02.04 03:30:00,2019.02.04 04:00:00,2019.02.04 04:00:00,2019.02.04 04:00:00,2019.02.04 04:29:58,1.55928,109.333,0.276,0.177,0.061,0.060,0.086,2019.02.04 03:30,1313.594,1313.955,0.000275,1,1,1,short,9.0,61.4,49.1,0.14668,0.18335,4.51,4.49,-4.4500,-4.4500,0.00,0.00,-4.45,-4.4497,0.0003,full,sl,0
DS260914_XAMR30_V1_TRAIN,USDJPYm,447,446,2019.02.06 09:00:00,2019.02.06 09:30:00,2019.02.06 09:30:00,2019.02.06 09:30:00,2019.02.06 11:29:58,-1.94710,109.820,-0.188,0.097,0.075,0.061,0.089,2019.02.06 09:00,1314.897,1313.733,-0.000885,1,1,1,long,11.0,75.2,60.2,0.14625,0.18281,4.44,4.11,3.2800,3.2800,0.00,0.00,3.28,3.2816,0.0016,full,tp,0
DS260914_XAMR30_V1_TRAIN,USDJPYm,449,448,2019.02.10 23:00:00,2019.02.10 23:30:00,2019.02.10 23:30:00,2019.02.10 23:30:00,2019.02.11 01:59:58,1.63913,109.776,0.080,0.049,0.074,0.060,0.084,2019.02.10 23:00,1313.520,1313.528,0.000006,1,1,1,short,10.0,73.9,59.1,0.13527,0.16908,4.49,4.05,3.2200,3.2200,0.00,0.00,3.22,3.2242,0.0042,full,tp,0
DS260914_XAMR30_V1_TRAIN,USDJPYm,451,450,2019.02.11 10:00:00,2019.02.11 10:30:00,2019.02.11 10:30:00,2019.02.11 10:30:00,2019.02.11 10:59:58,3.27323,109.908,0.325,0.099,0.066,0.059,0.081,2019.02.11 10:00,1306.855,1306.937,0.000063,1,1,1,short,11.0,65.9,52.7,0.16685,0.20856,4.54,4.21,3.3700,3.3700,0.00,0.00,3.37,3.3672,0.0028,full,tp,0
DS260914_XAMR30_V1_TRAIN,USDJPYm,453,452,2019.02.12 01:00:00,2019.02.12 01:30:00,2019.02.12 01:30:00,2019.02.12 01:30:00,2019.02.12 01:59:57,2.04061,110.247,0.202,0.099,0.062,0.059,0.082,2019.02.12 01:00,1307.148,1308.847,0.001300,1,1,1,short,9.0,61.9,49.5,0.14533,0.18166,4.59,4.49,-4.4900,-4.4900,0.00,0.00,-4.49,-4.4882,0.0018,full,sl,0
DS260914_XAMR30_V1_TRAIN,USDJPYm,455,454,2019.02.13 03:30:00,2019.02.13 04:00:00,2019.02.13 04:00:00,2019.02.13 04:00:00,2019.02.13 04:29:58,1.65319,110.493,0.150,0.091,0.059,0.059,0.083,2019.02.13 03:30,1312.483,1313.015,0.000405,1,1,1,short,8.0,58.8,47.0,0.13609,0.17011,4.52,4.25,3.4000,3.4000,0.00,0.00,3.40,3.3997,0.0003,full,tp,0
DS260914_XAMR30_V1_TRAIN,USDJPYm,457,456,2019.02.14 01:00:00,2019.02.14 01:30:00,2019.02.14 01:30:00,2019.02.14 01:30:00,2019.02.14 01:59:58,2.74648,110.806,0.172,0.063,0.059,0.058,0.083,2019.02.14 01:00,1307.845,1308.930,0.000830,1,1,1,short,8.0,59.2,47.4,0.13510,0.16888,4.57,4.29,-4.2500,-4.2500,0.00,0.00,-4.25,-4.2508,0.0008,full,sl,0
DS260914_XAMR30_V1_TRAIN,USDJPYm,459,458,2019.02.15 00:30:00,2019.02.15 01:00:00,2019.02.15 01:00:00,2019.02.15 01:00:00,2019.02.15 01:59:57,-1.59937,110.699,-0.324,0.202,0.074,0.057,0.081,2019.02.15 00:30,1312.915,1312.391,-0.000399,1,1,1,long,9.0,73.6,58.9,0.12233,0.15291,4.51,3.97,-4.0300,-4.0300,0.00,0.00,-4.03,-4.0251,0.0049,full,sl,0
DS260914_XAMR30_V1_TRAIN,USDJPYm,461,460,2019.02.19 04:30:00,2019.02.19 05:00:00,2019.02.19 05:00:00,2019.02.19 05:00:00,2019.02.19 05:59:57,2.67091,110.554,0.097,0.036,0.065,0.054,0.080,2019.02.19 04:30,1323.666,1323.903,0.000179,1,1,1,short,6.0,65.2,52.2,0.09200,0.11501,4.45,4.14,3.2900,3.2900,0.00,0.00,3.29,3.2911,0.0011,full,tp,0
DS260914_XAMR30_V1_TRAIN,USDJPYm,463,462,2019.02.20 01:00:00,2019.02.20 01:30:00,2019.02.20 01:30:00,2019.02.20 01:30:00,2019.02.20 01:59:58,2.46717,110.631,0.213,0.086,0.071,0.056,0.080,2019.02.20 01:00,1340.454,1343.687,0.002412,1,1,1,short,8.0,70.6,56.5,0.11325,0.14156,4.50,4.48,-4.4800,-4.4800,0.00,0.00,-4.48,-4.4809,0.0009,full,sl,0
DS260914_XAMR30_V1_TRAIN,USDJPYm,465,464,2019.02.21 13:30:00,2019.02.21 14:00:00,2019.02.21 14:00:00,2019.02.21 14:00:00,2019.02.21 14:59:58,-1.76704,110.741,-0.105,0.059,0.064,0.057,0.076,2019.02.21 13:30,1336.050,1335.297,-0.000564,1,1,1,long,10.0,63.9,51.1,0.15642,0.19553,4.43,4.03,-4.0500,-4.0500,0.00,0.00,-4.05,-4.0513,0.0013,full,sl,0
DS260914_XAMR30_V1_TRAIN,USDJPYm,467,466,2019.02.25 13:30:00,2019.02.25 14:00:00,2019.02.25 14:00:00,2019.02.25 14:00:00,2019.02.25 15:29:57,1.78499,110.703,0.101,0.056,0.056,0.054,0.076,2019.02.25 13:30,1326.920,1330.927,0.003020,1,1,1,short,11.0,55.5,44.4,0.19820,0.24775,4.37,4.02,-4.0400,-4.0400,0.00,0.00,-4.04,-4.0412,0.0012,full,sl,0
DS260914_XAMR30_V1_TRAIN,USDJPYm,469,468,2019.02.26 23:00:00,2019.02.26 23:30:00,2019.02.26 23:30:00,2019.02.26 23:30:00,2019.02.27 00:59:58,-1.60794,110.732,-0.160,0.099,0.064,0.054,0.076,2019.02.26 23:00,1329.061,1328.716,-0.000260,1,1,1,long,9.0,64.4,51.5,0.13969,0.17461,4.31,4.07,-4.0500,-4.0500,0.00,0.00,-4.05,-4.0537,0.0037,full,sl,0
DS260914_XAMR30_V1_TRAIN,USDJPYm,471,470,2019.02.27 00:30:00,2019.02.27 01:00:00,2019.02.27 01:00:00,2019.02.27 01:00:00,2019.02.27 01:29:58,-2.11632,110.710,-0.178,0.084,0.064,0.054,0.076,2019.02.27 00:30,1329.845,1328.820,-0.000771,1,1,1,long,8.0,64.3,51.4,0.12444,0.15556,4.25,4.07,3.2300,3.2300,0.00,0.00,3.23,3.2281,0.0019,full,tp,0
DS260914_XAMR30_V1_TRAIN,USDJPYm,473,472,2019.03.01 00:30:00,2019.03.01 01:00:00,2019.03.01 01:00:00,2019.03.01 01:00:00,2019.03.01 01:29:58,2.00069,111.151,0.381,0.190,0.070,0.054,0.078,2019.03.01 00:30,1313.177,1313.257,0.000061,1,1,1,short,8.0,70.1,56.1,0.11405,0.14257,4.30,3.81,-3.7600,-3.7600,0.00,0.00,-3.76,-3.7634,0.0034,full,sl,0
DS260914_XAMR30_V1_TRAIN,USDJPYm,475,474,2019.03.06 00:30:00,2019.03.06 01:00:00,2019.03.06 01:00:00,2019.03.06 01:00:00,2019.03.06 01:29:58,-1.93052,111.877,-0.094,0.048,0.057,0.054,0.079,2019.03.06 00:30,1288.857,1288.178,-0.000527,1,1,1,long,8.0,56.9,45.5,0.14053,0.17566,4.24,4.08,-4.0800,-4.0800,0.00,0.00,-4.08,-4.0812,0.0012,full,sl,0
DS260914_XAMR30_V1_TRAIN,USDJPYm,477,476,2019.03.07 00:30:00,2019.03.07 01:00:00,2019.03.07 01:00:00,2019.03.07 01:00:00,2019.03.07 02:29:59,-2.66800,111.758,-0.138,0.052,0.054,0.053,0.078,2019.03.07 00:30,1287.856,1287.551,-0.000237,1,1,1,long,9.0,53.7,43.0,0.16755,0.20944,4.18,3.85,3.0800,3.0800,0.00,0.00,3.08,3.0804,0.0004,full,tp,0
DS260914_XAMR30_V1_TRAIN,USDJPYm,479,478,2019.03.08 01:00:00,2019.03.08 01:30:00,2019.03.08 01:30:00,2019.03.08 01:30:00,2019.03.08 02:59:57,-3.02974,111.632,-0.168,0.056,0.073,0.052,0.079,2019.03.08 01:00,1286.381,1286.331,-0.000039,1,1,1,long,8.0,73.1,58.5,0.10937,0.13672,4.23,3.93,3.1700,3.1700,0.00,0.00,3.17,3.1741,0.0041,full,tp,0
DS260914_XAMR30_V1_TRAIN,USDJPYm,481,480,2019.03.12 00:00:00,2019.03.12 00:30:00,2019.03.12 00:30:00,2019.03.12 00:30:00,2019.03.12 00:59:58,1.79779,111.206,0.141,0.079,0.057,0.053,0.083,2019.03.12 00:00,1292.576,1292.818,0.000187,1,1,1,short,8.0,56.8,45.4,0.14088,0.17610,4.27,4.07,-4.0900,-4.0900,0.00,0.00,-4.09,-4.0932,0.0032,full,sl,0
DS260914_XAMR30_V1_TRAIN,USDJPYm,483,482,2019.03.13 16:00:00,2019.03.13 16:30:00,2019.03.13 16:30:00,2019.03.13 16:30:00,2019.03.13 18:59:58,-1.98041,111.303,-0.094,0.047,0.066,0.053,0.083,2019.03.13 16:00,1307.892,1307.784,-0.000083,1,1,1,long,10.0,65.5,52.4,0.15267,0.19084,4.21,4.11,-4.1000,-4.1000,0.00,0.00,-4.10,-4.0935,0.0065,full,sl,0
DS260914_XAMR30_V1_TRAIN,USDJPYm,485,484,2019.03.14 02:00:00,2019.03.14 02:30:00,2019.03.14 02:30:00,2019.03.14 02:30:00,2019.03.14 03:29:58,2.16748,111.268,0.171,0.079,0.080,0.053,0.083,2019.03.14 02:00,1306.109,1306.125,0.000012,1,1,1,short,8.0,80.4,64.3,0.09956,0.12444,4.15,3.62,-3.5800,-3.5800,0.00,0.00,-3.58,-3.5869,0.0069,full,sl,0
DS260914_XAMR30_V1_TRAIN,USDJPYm,487,486,2019.03.15 14:00:00,2019.03.15 14:30:00,2019.03.15 14:30:00,2019.03.15 14:30:00,2019.03.15 14:59:57,-2.01716,111.640,-0.187,0.093,0.072,0.052,0.082,2019.03.15 14:00,1304.623,1304.575,-0.000037,1,1,1,long,10.0,72.1,57.7,0.13875,0.17344,4.10,3.87,-3.8800,-3.8800,0.00,0.00,-3.88,-3.8782,0.0018,full,sl,0
DS260914_XAMR30_V1_TRAIN,USDJPYm,489,488,2019.03.18 15:30:00,2019.03.18 16:00:00,2019.03.18 16:00:00,2019.03.18 16:00:00,2019.03.18 16:29:58,-2.76813,111.530,-0.127,0.046,0.062,0.051,0.081,2019.03.18 15:30,1304.865,1304.113,-0.000576,1,1,1,long,10.0,61.7,49.4,0.16204,0.20255,4.04,3.88,-3.9000,-3.9000,0.00,0.00,-3.90,-3.8976,0.0024,full,sl,0
DS260914_XAMR30_V1_TRAIN,USDJPYm,491,490,2019.03.19 01:30:00,2019.03.19 02:00:00,2019.03.19 02:00:00,2019.03.19 02:00:00,2019.03.19 02:29:58,-2.55726,111.440,-0.142,0.055,0.055,0.052,0.081,2019.03.19 01:30,1305.886,1305.750,-0.000104,1,1,1,long,9.0,55.3,44.2,0.16279,0.20349,3.98,3.97,-3.9600,-3.9600,0.00,0.00,-3.96,-3.9550,0.0050,full,sl,0
DS260914_XAMR30_V1_TRAIN,USDJPYm,493,492,2019.03.20 01:30:00,2019.03.20 02:00:00,2019.03.20 02:00:00,2019.03.20 02:00:00,2019.03.20 05:59:57,1.81386,111.396,0.192,0.106,0.058,0.052,0.081,2019.03.20 01:30,1304.519,1304.957,0.000336,1,1,1,short,9.0,57.7,46.2,0.15594,0.19493,3.92,3.63,2.8900,2.8900,0.00,0.00,2.89,2.8868,0.0032,full,tp,0
DS260914_XAMR30_V1_TRAIN,USDJPYm,495,494,2019.03.21 02:30:00,2019.03.21 03:00:00,2019.03.21 03:00:00,2019.03.21 03:00:00,2019.03.21 03:29:58,-1.59244,111.044,-0.493,0.309,0.075,0.052,0.082,2019.03.21 02:30,1318.734,1318.303,-0.000327,1,1,1,long,12.0,75.2,60.2,0.15954,0.19943,3.96,3.37,-3.3900,-3.3900,0.00,0.00,-3.39,-3.3940,0.0040,full,sl,0
DS260914_XAMR30_V1_TRAIN,USDJPYm,497,496,2019.03.22 08:30:00,2019.03.22 09:00:00,2019.03.22 09:00:00,2019.03.22 09:00:00,2019.03.22 09:29:57,-1.81711,110.759,-0.246,0.136,0.066,0.053,0.083,2019.03.22 08:30,1311.830,1311.636,-0.000148,1,1,1,long,10.0,65.5,52.4,0.15267,0.19084,3.91,3.56,2.8200,2.8200,0.00,0.00,2.82,2.8216,0.0016,full,tp,0
DS260914_XAMR30_V1_TRAIN,USDJPYm,499,498,2019.03.26 10:00:00,2019.03.26 10:30:00,2019.03.26 10:30:00,2019.03.26 10:30:00,2019.03.26 12:29:57,2.95639,110.110,0.278,0.094,0.086,0.054,0.090,2019.03.26 10:00,1314.807,1314.961,0.000117,1,1,1,short,10.0,86.3,69.0,0.11589,0.14487,3.96,3.90,-3.8900,-3.8900,0.00,0.00,-3.89,-3.8924,0.0024,full,sl,0
DS260914_XAMR30_V1_TRAIN,USDJPYm,501,500,2019.03.27 05:30:00,2019.03.27 06:00:00,2019.03.27 06:00:00,2019.03.27 06:00:00,2019.03.27 06:59:58,1.82326,110.454,0.172,0.094,0.088,0.054,0.095,2019.03.27 05:30,1315.282,1315.334,0.000040,1,1,1,short,6.0,87.6,70.1,0.06846,0.08557,3.90,3.18,2.5300,2.5300,0.00,0.00,2.53,2.5326,0.0026,full,tp,0
DS260914_XAMR30_V1_TRAIN,USDJPYm,503,502,2019.03.28 00:30:00,2019.03.28 01:00:00,2019.03.28 01:00:00,2019.03.28 01:00:00,2019.03.28 01:29:58,-1.54669,110.444,-0.144,0.093,0.085,0.056,0.101,2019.03.28 00:30,1310.575,1310.476,-0.000076,1,1,1,long,8.0,84.6,67.7,0.09459,0.11824,3.93,3.83,-3.8600,-3.8600,0.00,0.00,-3.86,-3.8557,0.0043,full,sl,0
DS260914_XAMR30_V1_TRAIN,USDJPYm,505,504,2019.03.29 09:00:00,2019.03.29 09:30:00,2019.03.29 09:30:00,2019.03.29 09:30:00,2019.03.29 11:29:58,1.55813,110.625,0.157,0.101,0.097,0.056,0.107,2019.03.29 09:00,1290.075,1291.694,0.001255,1,1,1,short,10.0,97.4,77.9,0.10271,0.12839,3.88,3.53,-3.5000,-3.5000,0.00,0.00,-3.50,-3.4993,0.0007,full,sl,0
DS260914_XAMR30_V1_TRAIN,USDJPYm,507,506,2019.03.31 22:00:00,2019.03.31 22:30:00,2019.03.31 22:30:00,2019.03.31 22:30:00,2019.04.01 00:29:58,2.16790,110.769,0.157,0.072,0.080,0.058,0.107,2019.03.31 22:00,1292.237,1292.971,0.000568,1,1,1,short,27.0,80.2,64.2,0.33660,0.42075,3.82,3.62,-3.6000,-3.6000,0.00,0.00,-3.60,-3.6034,0.0034,full,sl,0
DS260914_XAMR30_V1_TRAIN,USDJPYm,509,508,2019.04.01 00:30:00,2019.04.01 01:00:00,2019.04.01 01:00:00,2019.04.01 01:00:00,2019.04.01 01:59:58,3.90617,110.812,0.265,0.068,0.078,0.058,0.107,2019.04.01 00:30,1290.844,1291.626,0.000606,1,1,1,short,7.0,77.9,62.3,0.08983,0.11228,3.77,3.51,-3.5100,-3.5100,0.00,0.00,-3.51,-3.5086,0.0014,full,sl,0
DS260914_XAMR30_V1_TRAIN,USDJPYm,511,510,2019.04.03 02:30:00,2019.04.03 03:00:00,2019.04.03 03:00:00,2019.04.03 03:00:00,2019.04.03 04:59:58,2.91530,111.346,0.147,0.050,0.065,0.064,0.107,2019.04.03 02:30,1292.019,1292.403,0.000297,1,1,1,short,8.0,64.9,51.9,0.12335,0.15419,3.72,3.50,2.8000,2.8000,0.00,0.00,2.80,2.7997,0.0003,full,tp,0
DS260914_XAMR30_V1_TRAIN,USDJPYm,513,512,2019.04.05 13:00:00,2019.04.05 13:30:00,2019.04.05 13:30:00,2019.04.05 13:30:00,2019.04.05 14:29:58,2.11927,111.635,0.082,0.039,0.068,0.059,0.103,2019.04.05 13:00,1290.688,1290.749,0.000047,1,1,1,short,10.0,67.9,54.3,0.14737,0.18421,3.76,3.66,2.9000,2.9000,0.00,0.00,2.90,2.9016,0.0016,full,tp,0
DS260914_XAMR30_V1_TRAIN,USDJPYm,515,514,2019.04.08 01:00:00,2019.04.08 01:30:00,2019.04.08 01:30:00,2019.04.08 01:30:00,2019.04.08 02:29:58,-3.46030,111.656,-0.183,0.053,0.058,0.058,0.102,2019.04.08 01:00,1293.832,1293.742,-0.000070,1,1,1,long,9.0,58.3,46.6,0.15441,0.19301,3.80,3.65,-3.6400,-3.6400,0.00,0.00,-3.64,-3.6437,0.0037,full,sl,0
DS260914_XAMR30_V1_TRAIN,USDJPYm,517,516,2019.04.09 02:00:00,2019.04.09 02:30:00,2019.04.09 02:30:00,2019.04.09 02:30:00,2019.04.09 03:29:58,-1.86778,111.465,-0.151,0.081,0.053,0.052,0.097,2019.04.09 02:00,1298.842,1298.331,-0.000393,1,1,1,long,8.0,53.4,42.7,0.14993,0.18742,3.75,3.35,2.7000,2.7000,0.00,0.00,2.70,2.7028,0.0028,full,tp,0
DS260914_XAMR30_V1_TRAIN,USDJPYm,519,518,2019.04.10 15:30:00,2019.04.10 16:00:00,2019.04.10 16:00:00,2019.04.10 16:00:00,2019.04.10 16:59:58,-3.29381,111.132,-0.211,0.064,0.069,0.049,0.089,2019.04.10 15:30,1308.611,1308.200,-0.000314,1,1,1,long,10.0,68.6,54.9,0.14583,0.18229,3.79,3.69,-3.7300,-3.7300,0.00,0.00,-3.73,-3.7343,0.0043,full,sl,0
DS260914_XAMR30_V1_TRAIN,USDJPYm,521,520,2019.04.11 13:00:00,2019.04.11 13:30:00,2019.04.11 13:30:00,2019.04.11 13:30:00,2019.04.11 13:59:58,1.84784,111.104,0.209,0.113,0.053,0.048,0.080,2019.04.11 13:00,1295.438,1297.688,0.001737,1,1,1,short,10.0,52.9,42.3,0.18893,0.23617,3.73,3.35,-3.3300,-3.3300,0.00,0.00,-3.33,-3.3314,0.0014,full,sl,0
DS260914_XAMR30_V1_TRAIN,USDJPYm,523,522,2019.04.12 00:30:00,2019.04.12 01:00:00,2019.04.12 01:00:00,2019.04.12 01:00:00,2019.04.12 01:29:58,2.47170,111.412,0.349,0.141,0.049,0.048,0.076,2019.04.12 00:30,1292.781,1293.324,0.000420,1,1,1,short,9.0,49.0,39.2,0.18367,0.22959,3.68,3.52,-3.5100,-3.5100,0.00,0.00,-3.51,-3.5059,0.0041,full,sl,0
DS260914_XAMR30_V1_TRAIN,USDJPYm,525,524,2019.04.14 22:00:00,2019.04.14 22:30:00,2019.04.14 22:30:00,2019.04.14 22:30:00,2019.04.14 22:59:57,2.02446,111.864,0.105,0.052,0.049,0.047,0.071,2019.04.14 22:00,1291.299,1291.803,0.000390,1,1,1,short,12.0,49.1,39.3,0.24419,0.30523,3.63,3.52,-3.5000,-3.5000,0.00,0.00,-3.50,-3.4994,0.0006,full,sl,0
DS260914_XAMR30_V1_TRAIN,USDJPYm,527,526,2019.04.16 07:30:00,2019.04.16 08:00:00,2019.04.16 08:00:00,2019.04.16 08:00:00,2019.04.16 08:59:58,-1.52460,111.952,-0.061,0.040,0.052,0.046,0.064,2019.04.16 07:30,1285.212,1284.872,-0.000265,1,1,1,long,10.0,52.0,41.6,0.19231,0.24038,3.58,3.25,2.6300,2.6300,0.00,0.00,2.63,2.6264,0.0036,full,tp,0
DS260914_XAMR30_V1_TRAIN,USDJPYm,529,528,2019.04.17 19:30:00,2019.04.17 20:00:00,2019.04.17 20:00:00,2019.04.17 20:00:00,2019.04.17 21:29:57,2.37059,111.999,0.090,0.038,0.047,0.045,0.062,2019.04.17 19:30,1273.616,1274.156,0.000424,1,1,1,short,6.0,46.8,37.4,0.12824,0.16031,3.62,3.34,2.6400,2.6400,0.00,0.00,2.64,2.6417,0.0017,full,tp,0
DS260914_XAMR30_V1_TRAIN,USDJPYm,531,530,2019.04.18 01:30:00,2019.04.18 02:00:00,2019.04.18 02:00:00,2019.04.18 02:00:00,2019.04.18 02:59:57,-2.98840,112.002,-0.098,0.033,0.045,0.044,0.060,2019.04.18 01:30,1273.174,1272.202,-0.000763,1,1,1,long,14.0,45.0,36.0,0.31111,0.38889,3.66,3.62,2.8900,2.8900,0.00,0.00,2.89,2.8940,0.0040,full,tp,0
DS260914_XAMR30_V1_TRAIN,USDJPYm,533,532,2019.04.23 01:30:00,2019.04.23 02:00:00,2019.04.23 02:00:00,2019.04.23 02:00:00,2019.04.23 03:59:58,-2.87312,111.899,-0.128,0.045,0.051,0.035,0.058,2019.04.23 01:30,1275.919,1275.545,-0.000293,1,1,1,long,9.0,51.2,41.0,0.17573,0.21967,3.70,3.66,2.9300,2.9300,0.00,0.00,2.93,2.9332,0.0032,full,tp,0
DS260914_XAMR30_V1_TRAIN,USDJPYm,535,534,2019.04.24 17:00:00,2019.04.24 17:30:00,2019.04.24 17:30:00,2019.04.24 17:30:00,2019.04.24 17:59:59,1.89404,111.841,0.078,0.041,0.056,0.036,0.058,2019.04.24 17:00,1275.732,1277.280,0.001213,1,1,1,short,10.0,56.2,45.0,0.17789,0.22236,3.74,3.52,-3.5000,-3.5000,0.00,0.00,-3.50,-3.5008,0.0008,full,sl,0
DS260914_XAMR30_V1_TRAIN,USDJPYm,537,536,2019.04.30 06:00:00,2019.04.30 06:30:00,2019.04.30 06:30:00,2019.04.30 06:30:00,2019.04.30 06:59:58,-2.97286,111.633,-0.269,0.091,0.049,0.034,0.063,2019.04.30 06:00,1282.942,1282.932,-0.000008,1,1,1,long,12.0,49.5,39.6,0.24242,0.30303,3.69,3.54,2.8700,2.8700,0.00,0.00,2.87,2.8721,0.0021,full,tp,0
DS260914_XAMR30_V1_TRAIN,USDJPYm,539,538,2019.05.07 04:30:00,2019.05.07 05:00:00,2019.05.07 05:00:00,2019.05.07 05:00:00,2019.05.07 06:29:58,-1.66912,110.782,-0.130,0.078,0.080,0.039,0.083,2019.05.07 04:30,1283.450,1282.717,-0.000571,1,1,1,long,8.0,80.3,64.2,0.09964,0.12456,3.73,3.60,2.8900,2.8900,0.00,0.00,2.89,2.8901,0.0001,full,tp,0
DS260914_XAMR30_V1_TRAIN,USDJPYm,541,540,2019.05.08 01:00:00,2019.05.08 01:30:00,2019.05.08 01:30:00,2019.05.08 01:30:00,2019.05.08 01:59:58,-2.82204,110.423,-0.259,0.092,0.076,0.043,0.085,2019.05.08 01:00,1286.151,1286.006,-0.000113,1,1,1,long,8.0,76.1,60.9,0.10516,0.13146,3.78,3.43,-3.4500,-3.4500,0.00,0.00,-3.45,-3.4515,0.0015,full,sl,0
DS260914_XAMR30_V1_TRAIN,USDJPYm,543,542,2019.05.09 00:30:00,2019.05.09 01:00:00,2019.05.09 01:00:00,2019.05.09 01:00:00,2019.05.09 01:29:58,-1.55559,110.118,-0.180,0.116,0.070,0.046,0.088,2019.05.09 00:30,1282.483,1281.967,-0.000402,1,1,1,long,8.0,69.5,55.6,0.11511,0.14388,3.73,3.15,2.5400,2.5400,0.00,0.00,2.54,2.5454,0.0054,full,tp,0
DS260914_XAMR30_V1_TRAIN,USDJPYm,545,544,2019.05.10 01:30:00,2019.05.10 02:00:00,2019.05.10 02:00:00,2019.05.10 02:00:00,2019.05.10 02:29:58,1.99451,109.812,0.217,0.109,0.087,0.046,0.088,2019.05.10 01:30,1284.811,1284.941,0.000101,1,1,1,short,8.0,87.2,69.8,0.09173,0.11466,3.76,3.17,2.5500,2.5500,0.00,0.00,2.55,2.5464,0.0036,full,tp,0
DS260914_XAMR30_V1_TRAIN,USDJPYm,547,546,2019.05.15 09:00:00,2019.05.15 09:30:00,2019.05.15 09:30:00,2019.05.15 09:30:00,2019.05.15 09:59:57,-2.31068,109.591,-0.161,0.070,0.060,0.055,0.098,2019.05.15 09:00,1298.755,1298.536,-0.000169,1,1,1,long,10.0,59.8,47.8,0.16726,0.20908,3.80,3.27,-3.2900,-3.2900,0.00,0.00,-3.29,-3.2912,0.0012,full,sl,0
DS260914_XAMR30_V1_TRAIN,USDJPYm,549,548,2019.05.16 11:00:00,2019.05.16 11:30:00,2019.05.16 11:30:00,2019.05.16 11:30:00,2019.05.16 12:59:57,1.50164,109.517,0.140,0.094,0.070,0.059,0.099,2019.05.16 11:00,1293.958,1293.964,0.000005,1,1,1,short,10.0,69.8,55.8,0.14330,0.17912,3.75,3.19,-3.1900,-3.1900,0.00,0.00,-3.19,-3.1897,0.0003,full,sl,0
DS260914_XAMR30_V1_TRAIN,USDJPYm,551,550,2019.05.19 23:30:00,2019.05.20 00:00:00,2019.05.20 00:00:00,2019.05.20 00:00:00,2019.05.20 00:29:58,1.71771,109.895,0.271,0.158,0.094,0.069,0.102,2019.05.19 23:30,1277.510,1277.713,0.000159,1,1,1,short,8.0,94.1,75.3,0.08498,0.10622,3.71,3.43,-3.4100,-3.4100,0.00,0.00,-3.41,-3.4100,0.0000,full,sl,0
DS260914_XAMR30_V1_TRAIN,USDJPYm,553,552,2019.05.21 12:30:00,2019.05.21 13:00:00,2019.05.21 13:00:00,2019.05.21 13:00:00,2019.05.21 14:59:58,4.27976,110.158,0.382,0.089,0.086,0.062,0.098,2019.05.21 12:30,1271.528,1271.885,0.000281,1,1,1,short,10.0,85.6,68.5,0.11686,0.14608,3.65,3.10,-3.1100,-3.1100,0.00,0.00,-3.11,-3.1095,0.0005,full,sl,0
DS260914_XAMR30_V1_TRAIN,USDJPYm,555,554,2019.05.23 09:30:00,2019.05.23 10:00:00,2019.05.23 10:00:00,2019.05.23 10:00:00,2019.05.23 10:29:58,-4.17698,110.281,-0.231,0.055,0.076,0.058,0.095,2019.05.23 09:30,1276.050,1275.956,-0.000074,1,1,1,long,10.0,75.6,60.5,0.13233,0.16541,3.61,3.42,-3.4600,-3.4600,0.00,0.00,-3.46,-3.4550,0.0050,full,sl,0
DS260914_XAMR30_V1_TRAIN,USDJPYm,557,556,2019.05.24 15:30:00,2019.05.24 16:00:00,2019.05.24 16:00:00,2019.05.24 16:00:00,2019.05.24 19:59:57,-1.67439,109.624,-0.252,0.150,0.088,0.058,0.092,2019.05.24 15:30,1284.432,1283.766,-0.000519,1,1,1,long,10.0,88.0,70.4,0.11364,0.14205,3.56,3.20,-3.2200,-3.2200,0.00,0.00,-3.22,-3.2207,0.0007,full,sl,0
DS260914_XAMR30_V1_TRAIN,USDJPYm,559,558,2019.05.28 05:00:00,2019.05.28 05:30:00,2019.05.28 05:30:00,2019.05.28 05:30:00,2019.05.28 06:29:58,1.64763,109.506,0.053,0.032,0.060,0.053,0.085,2019.05.28 05:00,1282.662,1283.449,0.000614,1,1,1,short,8.0,59.9,47.9,0.13349,0.16687,3.51,3.29,2.6300,2.6300,0.00,0.00,2.63,2.6299,0.0001,full,tp,0
DS260914_XAMR30_V1_TRAIN,USDJPYm,561,560,2019.05.29 00:30:00,2019.05.29 01:00:00,2019.05.29 01:00:00,2019.05.29 01:00:00,2019.05.29 01:29:58,-1.89598,109.420,-0.149,0.079,0.063,0.053,0.085,2019.05.29 00:30,1281.116,1280.904,-0.000165,1,1,1,long,8.0,63.4,50.7,0.12627,0.15784,3.55,3.47,2.8000,2.8000,0.00,0.00,2.80,2.7988,0.0012,full,tp,0
DS260914_XAMR30_V1_TRAIN,USDJPYm,563,562,2019.05.30 04:30:00,2019.05.30 05:00:00,2019.05.30 05:00:00,2019.05.30 05:00:00,2019.05.30 06:29:57,1.65002,109.483,0.197,0.119,0.065,0.053,0.086,2019.05.30 04:30,1277.589,1277.805,0.000169,1,1,1,short,8.0,65.1,52.1,0.12294,0.15368,3.59,3.56,-3.5500,-3.5500,0.00,0.00,-3.55,-3.5537,0.0037,full,sl,0
DS260914_XAMR30_V1_TRAIN,USDJPYm,565,564,2019.05.31 01:30:00,2019.05.31 02:00:00,2019.05.31 02:00:00,2019.05.31 02:00:00,2019.05.31 02:29:58,-1.55518,109.558,-0.220,0.142,0.083,0.054,0.086,2019.05.31 01:30,1292.301,1291.741,-0.000433,1,1,1,long,8.0,83.1,66.5,0.09630,0.12038,3.54,3.03,-3.0400,-3.0400,0.00,0.00,-3.04,-3.0385,0.0015,full,sl,0
DS260914_XAMR30_V1_TRAIN,USDJPYm,567,566,2019.06.03 00:30:00,2019.06.03 01:00:00,2019.06.03 01:00:00,2019.06.03 01:00:00,2019.06.03 01:59:57,-3.99129,108.651,-0.361,0.090,0.087,0.056,0.093,2019.06.03 00:30,1309.450,1308.550,-0.000687,1,1,1,long,8.0,87.1,69.7,0.09188,0.11485,3.49,3.19,-3.2200,-3.2200,0.00,0.00,-3.22,-3.2160,0.0040,full,sl,0
DS260914_XAMR30_V1_TRAIN,USDJPYm,569,568,2019.06.04 01:30:00,2019.06.04 02:00:00,2019.06.04 02:00:00,2019.06.04 02:00:00,2019.06.04 02:59:58,-2.37775,108.177,-0.307,0.129,0.084,0.057,0.095,2019.06.04 01:30,1326.998,1325.026,-0.001486,1,1,1,long,8.0,83.9,67.1,0.09532,0.11915,3.44,3.11,2.4800,2.4800,0.00,0.00,2.48,2.4827,0.0027,full,tp,0
DS260914_XAMR30_V1_TRAIN,USDJPYm,571,570,2019.06.05 09:00:00,2019.06.05 09:30:00,2019.06.05 09:30:00,2019.06.05 09:30:00,2019.06.05 11:59:58,2.07311,108.141,0.175,0.084,0.072,0.060,0.098,2019.06.05 09:00,1332.604,1336.251,0.002737,1,1,1,short,11.0,71.8,57.4,0.15323,0.19154,3.48,3.32,-3.3200,-3.3200,0.00,0.00,-3.32,-3.3214,0.0014,full,sl,0
DS260914_XAMR30_V1_TRAIN,USDJPYm,573,572,2019.06.07 02:30:00,2019.06.07 03:00:00,2019.06.07 03:00:00,2019.06.07 03:00:00,2019.06.07 06:29:57,1.52412,108.321,0.154,0.101,0.078,0.066,0.101,2019.06.07 02:30,1333.179,1333.348,0.000127,1,1,1,short,8.0,78.2,62.6,0.10228,0.12785,3.43,2.89,2.3200,2.3200,0.00,0.00,2.32,2.3245,0.0045,full,tp,0
DS260914_XAMR30_V1_TRAIN,USDJPYm,575,574,2019.06.13 02:30:00,2019.06.13 03:00:00,2019.06.13 03:00:00,2019.06.13 03:00:00,2019.06.13 03:29:58,-2.35110,108.437,-0.213,0.091,0.065,0.062,0.101,2019.06.13 02:30,1337.027,1336.676,-0.000263,1,1,1,long,8.0,65.1,52.1,0.12281,0.15351,3.46,3.01,2.4000,2.4000,0.00,0.00,2.40,2.4011,0.0011,full,tp,0
DS260914_XAMR30_V1_TRAIN,USDJPYm,577,576,2019.06.14 15:30:00,2019.06.14 16:00:00,2019.06.14 16:00:00,2019.06.14 16:00:00,2019.06.14 16:29:58,1.73383,108.329,0.119,0.069,0.085,0.058,0.099,2019.06.14 15:30,1349.618,1349.656,0.000028,1,1,1,short,10.0,84.6,67.7,0.11814,0.14768,3.50,3.13,-3.1300,-3.1300,0.00,0.00,-3.13,-3.1327,0.0027,full,sl,0
DS260914_XAMR30_V1_TRAIN,USDJPYm,579,578,2019.06.17 01:00:00,2019.06.17 01:30:00,2019.06.17 01:30:00,2019.06.17 01:30:00,2019.06.17 01:59:57,1.50609,108.453,0.179,0.119,0.059,0.058,0.095,2019.06.17 01:00,1338.968,1340.958,0.001486,1,1,1,short,10.0,59.1,47.3,0.16929,0.21161,3.45,3.26,-3.2600,-3.2600,0.00,0.00,-3.26,-3.2569,0.0031,full,sl,0
DS260914_XAMR30_V1_TRAIN,USDJPYm,581,580,2019.06.18 03:00:00,2019.06.18 03:30:00,2019.06.18 03:30:00,2019.06.18 03:30:00,2019.06.18 03:59:57,-2.18267,108.521,-0.177,0.081,0.057,0.055,0.090,2019.06.18 03:00,1341.166,1340.676,-0.000365,1,1,1,long,10.0,56.7,45.4,0.17632,0.22040,3.40,3.13,-3.1600,-3.1600,0.00,0.00,-3.16,-3.1580,0.0020,full,sl,0
DS260914_XAMR30_V1_TRAIN,USDJPYm,583,582,2019.06.20 22:30:00,2019.06.20 23:00:00,2019.06.20 23:00:00,2019.06.20 23:00:00,2019.06.21 00:29:57,-2.03065,107.600,-0.265,0.131,0.092,0.053,0.095,2019.06.20 22:30,1388.893,1388.836,-0.000041,1,1,1,long,10.0,92.4,73.9,0.10819,0.13524,3.36,2.56,-2.5700,-2.5700,0.00,0.00,-2.57,-2.5732,0.0032,full,sl,0
DS260914_XAMR30_V1_TRAIN,USDJPYm,585,584,2019.06.21 00:30:00,2019.06.21 01:00:00,2019.06.21 01:00:00,2019.06.21 01:00:00,2019.06.21 01:29:58,-1.68205,107.558,-0.214,0.127,0.073,0.053,0.095,2019.06.21 00:30,1394.109,1393.121,-0.000709,1,1,1,long,10.0,73.1,58.5,0.13685,0.17107,3.32,2.72,-2.7200,-2.7200,0.00,0.00,-2.72,-2.7218,0.0018,full,sl,0
DS260914_XAMR30_V1_TRAIN,USDJPYm,587,586,2019.06.25 01:30:00,2019.06.25 02:00:00,2019.06.25 02:00:00,2019.06.25 02:00:00,2019.06.25 02:59:58,-3.87582,107.331,-0.209,0.054,0.068,0.054,0.090,2019.06.25 01:30,1426.439,1425.493,-0.000663,1,1,1,long,10.0,68.4,54.7,0.14614,0.18267,3.28,3.19,-3.1800,-3.1800,0.00,0.00,-3.18,-3.1757,0.0043,full,sl,0
DS260914_XAMR30_V1_TRAIN,USDJPYm,589,588,2019.06.26 10:30:00,2019.06.26 11:00:00,2019.06.26 11:00:00,2019.06.26 11:00:00,2019.06.26 12:59:58,2.09061,107.349,0.336,0.161,0.083,0.055,0.097,2019.06.26 10:30,1405.775,1406.113,0.000240,1,1,1,short,9.0,83.4,66.7,0.10788,0.13485,3.23,3.12,2.4900,2.4900,0.00,0.00,2.49,2.4903,0.0003,full,tp,0
DS260914_XAMR30_V1_TRAIN,USDJPYm,591,590,2019.06.27 02:30:00,2019.06.27 03:00:00,2019.06.27 03:00:00,2019.06.27 03:00:00,2019.06.27 03:59:58,4.68252,107.646,0.356,0.076,0.075,0.055,0.097,2019.06.27 02:30,1406.307,1407.847,0.001095,1,1,1,short,10.0,75.2,60.2,0.13295,0.16619,3.27,2.80,-2.7800,-2.7800,0.00,0.00,-2.78,-2.7758,0.0042,full,sl,0
DS260914_XAMR30_V1_TRAIN,USDJPYm,593,592,2019.06.28 15:30:00,2019.06.28 16:00:00,2019.06.28 16:00:00,2019.06.28 16:00:00,2019.06.28 17:29:57,2.37243,107.723,0.115,0.049,0.068,0.057,0.097,2019.06.28 15:30,1410.526,1411.420,0.000634,1,1,1,short,11.0,68.1,54.5,0.16143,0.20178,3.23,3.15,-3.1500,-3.1500,0.00,0.00,-3.15,-3.1508,0.0008,full,sl,0
DS260914_XAMR30_V1_TRAIN,USDJPYm,595,594,2019.07.01 07:00:00,2019.07.01 07:30:00,2019.07.01 07:30:00,2019.07.01 07:30:00,2019.07.01 07:59:58,1.67703,108.086,0.314,0.187,0.080,0.059,0.100,2019.07.01 07:00,1382.849,1384.855,0.001451,1,1,1,short,11.0,79.6,63.7,0.13812,0.17265,3.18,2.96,2.3600,2.3600,0.00,0.00,2.36,2.3630,0.0030,full,tp,0
DS260914_XAMR30_V1_TRAIN,USDJPYm,597,596,2019.07.02 16:30:00,2019.07.02 17:00:00,2019.07.02 17:00:00,2019.07.02 17:00:00,2019.07.02 19:29:57,-2.49182,108.226,-0.350,0.140,0.088,0.061,0.100,2019.07.02 16:30,1406.126,1405.011,-0.000793,1,1,1,long,11.0,87.5,70.0,0.12571,0.15714,3.21,2.42,-2.4200,-2.4200,0.00,0.00,-2.42,-2.4212,0.0012,full,sl,0
DS260914_XAMR30_V1_TRAIN,USDJPYm,599,598,2019.07.03 00:00:00,2019.07.03 00:30:00,2019.07.03 00:30:00,2019.07.03 00:30:00,2019.07.03 00:59:58,-2.20430,108.052,-0.339,0.154,0.063,0.061,0.100,2019.07.03 00:00,1431.263,1430.662,-0.000420,1,1,1,long,11.0,62.8,50.2,0.17520,0.21900,3.18,2.91,-2.9300,-2.9300,0.00,0.00,-2.93,-2.9259,0.0041,full,sl,0
DS260914_XAMR30_V1_TRAIN,USDJPYm,601,600,2019.07.05 12:00:00,2019.07.05 12:30:00,2019.07.05 12:30:00,2019.07.05 12:30:00,2019.07.05 12:59:58,2.39686,107.902,0.163,0.068,0.060,0.056,0.088,2019.07.05 12:00,1411.526,1413.603,0.001471,1,1,1,short,11.0,60.1,48.1,0.18290,0.22862,3.13,2.80,-2.7700,-2.7700,0.00,0.00,-2.77,-2.7746,0.0046,full,sl,0
DS260914_XAMR30_V1_TRAIN,USDJPYm,603,602,2019.07.08 15:00:00,2019.07.08 15:30:00,2019.07.08 15:30:00,2019.07.08 15:30:00,2019.07.08 15:59:58,1.55500,108.433,0.216,0.139,0.067,0.054,0.085,2019.07.08 15:00,1396.550,1397.502,0.000682,1,1,1,short,11.0,66.9,53.5,0.16435,0.20544,3.09,3.09,-3.0800,-3.0800,0.00,0.00,-3.08,-3.0814,0.0014,full,sl,0
DS260914_XAMR30_V1_TRAIN,USDJPYm,605,604,2019.07.09 01:00:00,2019.07.09 01:30:00,2019.07.09 01:30:00,2019.07.09 01:30:00,2019.07.09 01:59:58,2.99562,108.605,0.259,0.086,0.056,0.053,0.085,2019.07.09 01:00,1392.228,1392.704,0.000342,1,1,1,short,11.0,55.7,44.6,0.19744,0.24679,3.05,2.57,2.0700,2.0700,0.00,0.00,2.07,2.0676,0.0024,full,tp,0
DS260914_XAMR30_V1_TRAIN,USDJPYm,607,606,2019.07.10 13:00:00,2019.07.10 13:30:00,2019.07.10 13:30:00,2019.07.10 13:30:00,2019.07.10 13:59:58,-4.36806,108.845,-0.286,0.066,0.073,0.045,0.079,2019.07.10 13:00,1410.030,1408.976,-0.000748,1,1,1,long,11.0,72.6,58.1,0.15157,0.18947,3.08,2.67,2.1300,2.1300,0.00,0.00,2.13,2.1357,0.0057,full,tp,0
DS260914_XAMR30_V1_TRAIN,USDJPYm,609,608,2019.07.11 01:00:00,2019.07.11 01:30:00,2019.07.11 01:30:00,2019.07.11 01:30:00,2019.07.11 01:59:58,-2.29209,108.543,-0.424,0.185,0.060,0.045,0.078,2019.07.11 01:00,1425.473,1424.410,-0.000746,1,1,1,long,11.0,60.4,48.3,0.18225,0.22781,3.11,2.78,-2.7800,-2.7800,0.00,0.00,-2.78,-2.7760,0.0040,full,sl,0
DS260914_XAMR30_V1_TRAIN,USDJPYm,611,610,2019.07.12 19:30:00,2019.07.12 20:00:00,2019.07.12 20:00:00,2019.07.12 20:00:00,2019.07.12 20:29:58,-1.87645,108.171,-0.322,0.171,0.074,0.045,0.078,2019.07.12 19:30,1415.405,1414.852,-0.000391,1,1,1,long,11.0,73.9,59.1,0.14894,0.18617,3.07,2.73,2.1900,2.1900,0.00,0.00,2.19,2.1868,0.0032,full,tp,0
DS260914_XAMR30_V1_TRAIN,USDJPYm,613,612,2019.07.15 00:30:00,2019.07.15 01:00:00,2019.07.15 01:00:00,2019.07.15 01:00:00,2019.07.15 01:29:58,-1.66822,108.054,-0.237,0.142,0.063,0.045,0.078,2019.07.15 00:30,1415.806,1415.505,-0.000213,1,1,1,long,11.0,62.6,50.1,0.17560,0.21950,3.10,2.90,2.3200,2.3200,0.00,0.00,2.32,2.3174,0.0026,full,tp,0
DS260914_XAMR30_V1_TRAIN,USDJPYm,615,614,2019.07.16 06:30:00,2019.07.16 07:00:00,2019.07.16 07:00:00,2019.07.16 07:00:00,2019.07.16 08:59:58,1.51614,107.953,0.099,0.065,0.056,0.044,0.076,2019.07.16 06:30,1413.160,1413.282,0.000086,1,1,1,short,11.0,55.9,44.7,0.19693,0.24616,3.13,3.11,2.5000,2.5000,0.00,0.00,2.50,2.4998,0.0002,full,tp,0
DS260914_XAMR30_V1_TRAIN,USDJPYm,617,616,2019.07.17 22:00:00,2019.07.17 22:30:00,2019.07.17 22:30:00,2019.07.17 22:30:00,2019.07.18 00:29:58,-2.05272,108.117,-0.195,0.095,0.053,0.044,0.075,2019.07.17 22:00,1428.505,1426.129,-0.001663,1,1,1,long,20.0,52.6,42.1,0.38043,0.47554,3.17,2.92,-2.9500,-2.9500,0.00,0.00,-2.95,-2.9475,0.0025,full,sl,0
DS260914_XAMR30_V1_TRAIN,USDJPYm,619,618,2019.07.18 01:00:00,2019.07.18 01:30:00,2019.07.18 01:30:00,2019.07.18 01:30:00,2019.07.18 06:29:58,-3.21286,108.057,-0.356,0.111,0.073,0.044,0.075,2019.07.18 01:00,1427.680,1425.507,-0.001522,1,1,1,long,11.0,72.6,58.1,0.15143,0.18928,3.13,2.70,-2.7100,-2.7100,0.00,0.00,-2.71,-2.7127,0.0027,full,sl,0
DS260914_XAMR30_V1_TRAIN,USDJPYm,621,620,2019.07.22 03:30:00,2019.07.22 04:00:00,2019.07.22 04:00:00,2019.07.22 04:00:00,2019.07.22 05:29:58,2.20025,107.771,0.159,0.072,0.081,0.054,0.083,2019.07.22 03:30,1426.629,1426.954,0.000228,1,1,1,short,11.0,81.3,65.0,0.13533,0.16916,3.09,3.02,-3.0000,-3.0000,0.00,0.00,-3.00,-2.9997,0.0003,full,sl,0
DS260914_XAMR30_V1_TRAIN,USDJPYm,623,622,2019.07.23 01:30:00,2019.07.23 02:00:00,2019.07.23 02:00:00,2019.07.23 02:00:00,2019.07.23 04:29:58,1.91375,107.885,0.137,0.072,0.058,0.054,0.082,2019.07.23 01:30,1417.556,1419.090,0.001082,1,1,1,short,11.0,58.0,46.4,0.18966,0.23707,3.04,2.69,-2.6800,-2.6800,0.00,0.00,-2.68,-2.6832,0.0032,full,sl,0
DS260914_XAMR30_V1_TRAIN,USDJPYm,625,624,2019.07.24 19:00:00,2019.07.24 19:30:00,2019.07.24 19:30:00,2019.07.24 19:30:00,2019.07.24 20:29:58,1.81802,108.109,0.133,0.073,0.056,0.055,0.082,2019.07.24 19:00,1423.203,1424.212,0.000709,1,1,1,short,11.0,55.9,44.7,0.19693,0.24616,3.00,2.58,2.0800,2.0800,0.00,0.00,2.08,2.0795,0.0005,full,tp,0
DS260914_XAMR30_V1_TRAIN,USDJPYm,627,626,2019.07.25 14:00:00,2019.07.25 14:30:00,2019.07.25 14:30:00,2019.07.25 14:30:00,2019.07.25 14:59:59,4.06258,108.151,0.299,0.074,0.072,0.053,0.081,2019.07.25 14:00,1416.783,1419.607,0.001993,1,1,1,short,11.0,71.6,57.3,0.15369,0.19212,3.03,2.64,-2.6500,-2.6500,0.00,0.00,-2.65,-2.6538,0.0038,full,sl,0
DS260914_XAMR30_V1_TRAIN,USDJPYm,629,628,2019.07.29 01:30:00,2019.07.29 02:00:00,2019.07.29 02:00:00,2019.07.29 02:00:00,2019.07.29 03:29:58,-1.94794,108.607,-0.136,0.070,0.054,0.050,0.078,2019.07.29 01:30,1423.216,1422.798,-0.000294,1,1,1,long,11.0,54.4,43.5,0.20237,0.25296,2.99,2.51,1.9800,1.9800,0.00,0.00,1.98,1.9811,0.0011,full,tp,0
DS260914_XAMR30_V1_TRAIN,USDJPYm,631,630,2019.07.30 04:30:00,2019.07.30 05:00:00,2019.07.30 05:00:00,2019.07.30 05:00:00,2019.07.30 07:29:58,-1.86840,108.727,-0.133,0.071,0.072,0.049,0.075,2019.07.30 04:30,1425.088,1425.049,-0.000027,1,1,1,long,11.0,72.5,58.0,0.15172,0.18966,3.02,2.67,2.1300,2.1300,0.00,0.00,2.13,2.1351,0.0051,full,tp,0
DS260914_XAMR30_V1_TRAIN,USDJPYm,633,632,2019.08.04 22:00:00,2019.08.04 22:30:00,2019.08.04 22:30:00,2019.08.04 22:30:00,2019.08.05 00:29:58,-2.30535,106.933,-0.353,0.153,0.082,0.049,0.090,2019.08.04 22:00,1440.304,1440.216,-0.000061,1,1,1,long,20.0,82.0,65.6,0.24390,0.30488,3.06,3.02,-3.0900,-3.0900,0.00,0.00,-3.09,-3.0793,0.0107,full,sl,0
DS260914_XAMR30_V1_TRAIN,USDJPYm,635,634,2019.08.08 19:00:00,2019.08.08 19:30:00,2019.08.08 19:30:00,2019.08.08 19:30:00,2019.08.08 20:59:57,-1.70440,106.092,-0.138,0.081,0.135,0.052,0.152,2019.08.08 19:00,1507.020,1504.933,-0.001385,1,1,1,long,11.0,135.1,108.1,0.08140,0.10174,3.01,2.54,2.0400,2.0400,0.00,0.00,2.04,2.0364,0.0036,full,tp,0
DS260914_XAMR30_V1_TRAIN,USDJPYm,637,636,2019.08.09 10:30:00,2019.08.09 11:00:00,2019.08.09 11:00:00,2019.08.09 11:00:00,2019.08.09 11:59:57,-2.17029,105.957,-0.197,0.091,0.063,0.053,0.152,2019.08.09 10:30,1503.742,1503.137,-0.000402,1,1,1,long,11.0,63.1,50.5,0.17441,0.21801,3.04,2.97,-2.9800,-2.9800,0.00,0.00,-2.98,-2.9799,0.0001,full,sl,0
DS260914_XAMR30_V1_TRAIN,USDJPYm,639,638,2019.08.12 00:00:00,2019.08.12 00:30:00,2019.08.12 00:30:00,2019.08.12 00:30:00,2019.08.12 06:30:00,-1.72410,105.686,-0.217,0.126,0.107,0.060,0.154,2019.08.12 00:00,1500.786,1498.727,-0.001372,1,1,1,long,11.0,107.2,85.8,0.10260,0.12825,2.99,2.03,-1.7500,-1.7500,0.00,0.00,-1.75,-1.7459,0.0041,full,time_exit,0
DS260914_XAMR30_V1_TRAIN,USDJPYm,641,640,2019.08.13 10:00:00,2019.08.13 10:30:00,2019.08.13 10:30:00,2019.08.13 10:30:00,2019.08.13 11:29:57,-1.61077,105.330,-0.197,0.122,0.094,0.076,0.154,2019.08.13 10:00,1532.228,1531.589,-0.000417,1,1,1,long,11.0,94.4,75.5,0.11649,0.14561,2.97,2.69,2.1700,2.1700,0.00,0.00,2.17,2.1669,0.0031,full,tp,0
DS260914_XAMR30_V1_TRAIN,USDJPYm,643,642,2019.08.16 15:30:00,2019.08.16 16:00:00,2019.08.16 16:00:00,2019.08.16 16:00:00,2019.08.16 18:59:57,1.51023,106.212,0.127,0.084,0.108,0.089,0.163,2019.08.16 15:30,1509.370,1509.749,0.000251,1,1,1,short,11.0,108.0,86.4,0.10185,0.12731,3.00,2.05,1.6200,1.6200,0.00,0.00,1.62,1.6188,0.0012,full,tp,0
DS260914_XAMR30_V1_TRAIN,USDJPYm,645,644,2019.08.21 19:30:00,2019.08.21 20:00:00,2019.08.21 20:00:00,2019.08.21 20:00:00,2019.08.21 22:29:58,1.65249,106.469,0.151,0.091,0.080,0.066,0.131,2019.08.21 19:30,1501.846,1502.904,0.000704,1,1,1,short,11.0,80.1,64.1,0.13738,0.17172,3.03,3.01,2.4000,2.4000,0.00,0.00,2.40,2.4024,0.0024,full,tp,0
DS260914_XAMR30_V1_TRAIN,USDJPYm,647,646,2019.08.28 17:00:00,2019.08.28 17:30:00,2019.08.28 17:30:00,2019.08.28 17:30:00,2019.08.28 18:59:58,2.79176,105.812,0.162,0.058,0.091,0.060,0.133,2019.08.28 17:00,1536.652,1539.574,0.001902,1,1,1,short,11.0,90.9,72.7,0.12097,0.15122,3.06,2.56,-2.5700,-2.5700,0.00,0.00,-2.57,-2.5739,0.0039,full,sl,0
DS260914_XAMR30_V1_TRAIN,USDJPYm,649,648,2019.08.29 09:30:00,2019.08.29 10:00:00,2019.08.29 10:00:00,2019.08.29 10:00:00,2019.08.29 12:29:58,2.30607,105.968,0.259,0.112,0.087,0.060,0.112,2019.08.29 09:30,1536.860,1538.662,0.001173,1,1,1,short,11.0,87.4,69.9,0.12592,0.15740,3.02,2.47,-2.4500,-2.4500,0.00,0.00,-2.45,-2.4550,0.0050,full,sl,0
DS260914_XAMR30_V1_TRAIN,USDJPYm,651,650,2019.09.03 08:00:00,2019.09.03 08:30:00,2019.09.03 08:30:00,2019.09.03 08:30:00,2019.09.03 10:59:59,-2.00165,106.229,-0.170,0.085,0.091,0.057,0.102,2019.09.03 08:00,1530.639,1530.559,-0.000052,1,1,1,long,11.0,90.5,72.4,0.12155,0.15193,2.99,2.55,2.0300,2.0300,0.00,0.00,2.03,2.0350,0.0050,full,tp,0
DS260914_XAMR30_V1_TRAIN,USDJPYm,653,652,2019.09.04 18:30:00,2019.09.04 19:00:00,2019.09.04 19:00:00,2019.09.04 19:00:00,2019.09.04 20:29:58,1.84303,106.178,0.221,0.120,0.085,0.058,0.105,2019.09.04 18:30,1553.558,1554.004,0.000287,1,1,1,short,11.0,85.4,68.3,0.12876,0.16095,3.02,2.41,1.9200,1.9200,0.00,0.00,1.92,1.9185,0.0015,full,tp,0
DS260914_XAMR30_V1_TRAIN,USDJPYm,655,654,2019.09.05 00:30:00,2019.09.05 01:00:00,2019.09.05 01:00:00,2019.09.05 01:00:00,2019.09.05 01:29:59,1.77850,106.252,0.152,0.086,0.067,0.059,0.105,2019.09.05 00:30,1548.329,1548.444,0.000074,1,1,1,short,11.0,67.1,53.7,0.16383,0.20479,3.05,2.53,-2.5100,-2.5100,0.00,0.00,-2.51,-2.5172,0.0072,full,sl,0
DS260914_XAMR30_V1_TRAIN,USDJPYm,657,656,2019.09.05 23:30:00,2019.09.06 00:00:00,2019.09.06 00:00:00,2019.09.06 00:00:00,2019.09.06 00:29:58,2.52515,106.775,0.293,0.116,0.063,0.062,0.108,2019.09.05 23:30,1518.287,1518.291,0.000003,1,1,1,short,11.0,63.1,50.5,0.17441,0.21801,3.01,2.96,2.3400,2.3400,0.00,0.00,2.34,2.3361,0.0039,full,tp,0
DS260914_XAMR30_V1_TRAIN,USDJPYm,659,658,2019.09.09 15:00:00,2019.09.09 15:30:00,2019.09.09 15:30:00,2019.09.09 15:30:00,2019.09.09 16:29:58,3.01912,106.955,0.178,0.059,0.068,0.064,0.101,2019.09.09 15:00,1498.876,1500.319,0.000963,1,1,1,short,30.0,68.5,54.8,0.43796,0.54745,3.04,2.56,2.0500,2.0500,0.00,0.00,2.05,2.0546,0.0046,full,tp,0
DS260914_XAMR30_V1_TRAIN,USDJPYm,661,660,2019.09.10 02:00:00,2019.09.10 02:30:00,2019.09.10 02:30:00,2019.09.10 02:30:00,2019.09.10 02:59:58,2.40401,107.134,0.231,0.096,0.067,0.063,0.097,2019.09.10 02:00,1487.586,1489.521,0.001301,1,1,1,short,11.0,67.1,53.7,0.16400,0.20501,3.07,2.50,-2.4900,-2.4900,0.00,0.00,-2.49,-2.4946,0.0046,full,sl,0
DS260914_XAMR30_V1_TRAIN,USDJPYm,663,662,2019.09.11 05:00:00,2019.09.11 05:30:00,2019.09.11 05:30:00,2019.09.11 05:30:00,2019.09.11 06:59:58,4.38155,107.491,0.323,0.074,0.062,0.060,0.092,2019.09.11 05:00,1490.893,1491.136,0.000163,1,1,1,short,28.0,62.1,49.7,0.45109,0.56387,3.04,2.89,2.3200,2.3200,0.00,0.00,2.32,2.3199,0.0001,full,tp,0
DS260914_XAMR30_V1_TRAIN,USDJPYm,665,664,2019.09.12 01:00:00,2019.09.12 01:30:00,2019.09.12 01:30:00,2019.09.12 01:30:00,2019.09.12 03:59:58,3.67658,107.757,0.269,0.073,0.063,0.060,0.091,2019.09.12 01:00,1490.200,1492.996,0.001876,1,1,1,short,11.0,63.4,50.7,0.17362,0.21702,3.07,2.94,-2.9100,-2.9100,0.00,0.00,-2.91,-2.9143,0.0043,full,sl,0
DS260914_XAMR30_V1_TRAIN,USDJPYm,667,666,2019.09.17 01:00:00,2019.09.17 01:30:00,2019.09.17 01:30:00,2019.09.17 01:30:00,2019.09.17 01:59:57,1.53622,107.997,0.195,0.127,0.076,0.061,0.094,2019.09.17 01:00,1497.146,1498.405,0.000841,1,1,1,short,11.0,75.8,60.6,0.14515,0.18143,3.03,2.80,-2.8100,-2.8100,0.00,0.00,-2.81,-2.8078,0.0022,full,sl,0
DS260914_XAMR30_V1_TRAIN,USDJPYm,669,668,2019.09.18 19:30:00,2019.09.18 20:00:00,2019.09.18 20:00:00,2019.09.18 20:00:00,2019.09.19 00:59:58,4.28026,108.201,0.232,0.054,0.083,0.059,0.088,2019.09.18 19:30,1488.374,1492.147,0.002535,1,1,1,short,20.0,82.6,66.1,0.24221,0.30277,2.98,2.29,1.8300,1.8300,-1.10,0.00,0.73,1.8272,0.0028,full,tp,0
DS260914_XAMR30_V1_TRAIN,USDJPYm,671,670,2019.09.20 20:00:00,2019.09.20 20:30:00,2019.09.20 20:30:00,2019.09.20 20:30:00,2019.09.22 21:29:57,-3.73971,107.869,-0.338,0.090,0.085,0.057,0.086,2019.09.20 20:00,1516.357,1515.882,-0.000313,1,1,1,long,20.0,84.9,67.9,0.23569,0.29461,3.00,2.36,1.8900,1.8900,0.00,0.00,1.89,1.8955,0.0055,full,tp,0
DS260914_XAMR30_V1_TRAIN,USDJPYm,673,672,2019.09.23 09:00:00,2019.09.23 09:30:00,2019.09.23 09:30:00,2019.09.23 09:30:00,2019.09.23 09:59:57,-3.17787,107.706,-0.342,0.108,0.063,0.056,0.085,2019.09.23 09:00,1520.593,1519.639,-0.000627,1,1,1,long,11.0,62.9,50.3,0.17500,0.21875,3.02,2.92,2.3300,2.3300,0.00,0.00,2.33,2.3272,0.0028,full,tp,0
DS260914_XAMR30_V1_TRAIN,USDJPYm,675,674,2019.09.24 14:30:00,2019.09.24 15:00:00,2019.09.24 15:00:00,2019.09.24 15:00:00,2019.09.24 15:59:58,-2.05293,107.591,-0.184,0.090,0.078,0.057,0.086,2019.09.24 14:30,1523.439,1522.612,-0.000543,1,1,1,long,11.0,77.9,62.3,0.14128,0.17661,3.06,2.89,-2.9100,-2.9100,0.00,0.00,-2.91,-2.9067,0.0033,full,sl,0
DS260914_XAMR30_V1_TRAIN,USDJPYm,677,676,2019.09.27 11:00:00,2019.09.27 11:30:00,2019.09.27 11:30:00,2019.09.27 11:30:00,2019.09.27 13:29:58,3.21924,107.792,0.290,0.090,0.071,0.056,0.088,2019.09.27 11:00,1492.604,1494.475,0.001254,1,1,1,short,11.0,70.9,56.7,0.15524,0.19405,3.02,2.64,-2.6300,-2.6300,0.00,0.00,-2.63,-2.6259,0.0041,full,sl,0
DS260914_XAMR30_V1_TRAIN,USDJPYm,679,678,2019.09.30 16:00:00,2019.09.30 16:30:00,2019.09.30 16:30:00,2019.09.30 16:30:00,2019.09.30 17:29:58,1.93062,107.947,0.127,0.066,0.079,0.056,0.087,2019.09.30 16:00,1468.181,1471.662,0.002371,1,1,1,short,11.0,78.8,63.0,0.13962,0.17452,2.98,2.91,-2.9200,-2.9200,0.00,0.00,-2.92,-2.9218,0.0018,full,sl,0
DS260914_XAMR30_V1_TRAIN,USDJPYm,681,680,2019.10.01 06:30:00,2019.10.01 07:00:00,2019.10.01 07:00:00,2019.10.01 07:00:00,2019.10.01 07:29:58,2.05338,108.097,0.142,0.069,0.060,0.054,0.085,2019.10.01 06:30,1461.957,1462.868,0.000623,1,1,1,short,11.0,60.2,48.2,0.18268,0.22835,2.93,2.78,-2.7700,-2.7700,0.00,0.00,-2.77,-2.7701,0.0001,full,sl,0
DS260914_XAMR30_V1_TRAIN,USDJPYm,683,682,2019.10.02 20:30:00,2019.10.02 21:00:00,2019.10.02 21:00:00,2019.10.02 21:00:00,2019.10.03 00:29:57,-2.60403,107.493,-0.331,0.127,0.091,0.057,0.093,2019.10.02 20:30,1500.382,1500.334,-0.000032,1,1,1,long,31.0,90.8,72.6,0.34146,0.42683,2.89,2.51,-2.5500,-2.5500,0.00,0.00,-2.55,-2.5490,0.0010,full,sl,0
DS260914_XAMR30_V1_TRAIN,USDJPYm,685,684,2019.10.03 00:30:00,2019.10.03 01:00:00,2019.10.03 01:00:00,2019.10.03 01:00:00,2019.10.03 01:29:59,-2.77886,107.390,-0.360,0.129,0.061,0.058,0.093,2019.10.03 00:30,1500.947,1500.794,-0.000102,1,1,1,long,11.0,61.3,49.0,0.17949,0.22436,2.85,2.29,1.8300,1.8300,0.00,0.00,1.83,1.8303,0.0003,full,tp,0
DS260914_XAMR30_V1_TRAIN,USDJPYm,687,686,2019.10.07 13:30:00,2019.10.07 14:00:00,2019.10.07 14:00:00,2019.10.07 14:00:00,2019.10.07 14:29:58,1.56066,106.849,0.090,0.058,0.068,0.057,0.100,2019.10.07 13:30,1497.792,1501.707,0.002614,1,1,1,short,11.0,68.4,54.7,0.16092,0.20115,2.88,2.55,-2.5400,-2.5400,0.00,0.00,-2.54,-2.5419,0.0019,full,sl,0
DS260914_XAMR30_V1_TRAIN,USDJPYm,689,688,2019.10.08 01:00:00,2019.10.08 01:30:00,2019.10.08 01:30:00,2019.10.08 01:30:00,2019.10.08 01:59:58,1.77968,107.084,0.233,0.131,0.059,0.057,0.101,2019.10.08 01:00,1489.200,1492.963,0.002527,1,1,1,short,11.0,59.4,47.5,0.18532,0.23165,2.84,2.78,-2.7500,-2.7500,0.00,0.00,-2.75,-2.7474,0.0026,full,sl,0
DS260914_XAMR30_V1_TRAIN,USDJPYm,691,690,2019.10.09 10:00:00,2019.10.09 10:30:00,2019.10.09 10:30:00,2019.10.09 10:30:00,2019.10.09 12:59:57,1.88822,107.155,0.231,0.123,0.068,0.057,0.101,2019.10.09 10:00,1501.203,1502.000,0.000531,1,1,1,short,11.0,68.0,54.4,0.16176,0.20221,2.80,2.53,2.0100,2.0100,0.00,0.00,2.01,2.0124,0.0024,full,tp,0
DS260914_XAMR30_V1_TRAIN,USDJPYm,693,692,2019.10.10 15:00:00,2019.10.10 15:30:00,2019.10.10 15:30:00,2019.10.10 15:30:00,2019.10.10 17:29:57,3.03521,107.489,0.443,0.146,0.098,0.059,0.102,2019.10.10 15:00,1493.287,1494.947,0.001112,1,1,1,short,11.0,97.5,78.0,0.11282,0.14103,2.83,2.73,2.1700,2.1700,0.00,0.00,2.17,2.1696,0.0004,full,tp,0
DS260914_XAMR30_V1_TRAIN,USDJPYm,695,694,2019.10.11 01:00:00,2019.10.11 01:30:00,2019.10.11 01:30:00,2019.10.11 01:30:00,2019.10.11 01:59:58,2.32480,107.729,0.309,0.133,0.078,0.060,0.102,2019.10.11 01:00,1491.029,1495.845,0.003230,1,1,1,short,11.0,78.0,62.4,0.14103,0.17628,2.86,2.17,1.7200,1.7200,0.00,0.00,1.72,1.7226,0.0026,full,tp,0
DS260914_XAMR30_V1_TRAIN,USDJPYm,697,696,2019.10.13 23:00:00,2019.10.13 23:30:00,2019.10.13 23:30:00,2019.10.13 23:30:00,2019.10.14 00:29:57,1.63065,108.253,0.199,0.122,0.107,0.061,0.108,2019.10.13 23:00,1484.042,1484.277,0.000158,1,1,1,short,11.0,107.4,85.9,0.10246,0.12808,2.89,1.99,1.5900,1.5900,0.00,0.00,1.59,1.5872,0.0028,full,tp,0
DS260914_XAMR30_V1_TRAIN,USDJPYm,699,698,2019.10.15 10:30:00,2019.10.15 11:00:00,2019.10.15 11:00:00,2019.10.15 11:00:00,2019.10.15 11:29:58,-1.77246,108.317,-0.104,0.059,0.061,0.056,0.104,2019.10.15 10:30,1496.721,1495.238,-0.000991,1,1,1,long,11.0,61.4,49.1,0.17928,0.22410,2.91,2.83,2.2600,2.2600,0.00,0.00,2.26,2.2628,0.0028,full,tp,0
DS260914_XAMR30_V1_TRAIN,USDJPYm,701,700,2019.10.17 10:00:00,2019.10.17 10:30:00,2019.10.17 10:30:00,2019.10.17 10:30:00,2019.10.17 11:29:58,2.02389,108.740,0.078,0.039,0.070,0.054,0.099,2019.10.17 10:00,1485.764,1485.970,0.000139,1,1,1,short,11.0,70.4,56.3,0.15635,0.19543,2.95,2.59,2.0600,2.0600,0.00,0.00,2.06,2.0595,0.0005,full,tp,0
DS260914_XAMR30_V1_TRAIN,USDJPYm,703,702,2019.10.18 13:30:00,2019.10.18 14:00:00,2019.10.18 14:00:00,2019.10.18 14:00:00,2019.10.18 14:29:58,-2.06342,108.607,-0.119,0.058,0.065,0.053,0.098,2019.10.18 13:30,1490.747,1490.484,-0.000176,1,1,1,long,11.0,65.2,52.2,0.16867,0.21084,2.98,2.40,-2.4000,-2.4000,0.00,0.00,-2.40,-2.3978,0.0022,full,sl,0
DS260914_XAMR30_V1_TRAIN,USDJPYm,705,704,2019.10.20 22:00:00,2019.10.20 22:30:00,2019.10.20 22:30:00,2019.10.20 22:30:00,2019.10.21 00:29:58,-2.80022,108.512,-0.162,0.058,0.068,0.055,0.098,2019.10.20 22:00,1491.988,1490.818,-0.000784,1,1,1,long,20.0,67.8,54.2,0.29505,0.36881,2.94,2.50,1.9900,1.9900,0.00,0.00,1.99,1.9922,0.0022,full,tp,0
DS260914_XAMR30_V1_TRAIN,USDJPYm,707,706,2019.10.22 13:30:00,2019.10.22 14:00:00,2019.10.22 14:00:00,2019.10.22 14:00:00,2019.10.22 14:29:58,-1.88668,108.573,-0.086,0.046,0.051,0.051,0.093,2019.10.22 13:30,1486.943,1486.803,-0.000094,1,1,1,long,11.0,51.3,41.0,0.21448,0.26811,2.97,2.84,2.2700,2.2700,0.00,0.00,2.27,2.2665,0.0035,full,tp,0
DS260914_XAMR30_V1_TRAIN,USDJPYm,709,708,2019.10.23 00:30:00,2019.10.23 01:00:00,2019.10.23 01:00:00,2019.10.23 01:00:00,2019.10.23 01:29:59,-2.02441,108.516,-0.124,0.061,0.066,0.050,0.091,2019.10.23 00:30,1489.643,1488.748,-0.000601,1,1,1,long,11.0,65.6,52.5,0.16776,0.20969,3.01,2.41,-2.4400,-2.4400,0.00,0.00,-2.44,-2.4369,0.0031,full,sl,0
DS260914_XAMR30_V1_TRAIN,USDJPYm,711,710,2019.10.25 17:00:00,2019.10.25 17:30:00,2019.10.25 17:30:00,2019.10.25 17:30:00,2019.10.25 18:29:58,2.52638,108.631,0.114,0.045,0.062,0.044,0.075,2019.10.25 17:00,1502.601,1502.946,0.000230,1,1,1,short,11.0,62.4,49.9,0.17620,0.22025,2.97,2.88,2.3000,2.3000,0.00,0.00,2.30,2.3000,0.0000,full,tp,0
DS260914_XAMR30_V1_TRAIN,USDJPYm,713,712,2019.10.28 13:00:00,2019.10.28 13:30:00,2019.10.28 13:30:00,2019.10.28 13:30:00,2019.10.28 13:59:58,2.86975,108.714,0.121,0.042,0.045,0.041,0.068,2019.10.28 13:00,1497.942,1498.770,0.000553,1,1,1,short,11.0,45.2,36.2,0.24329,0.30411,3.00,2.92,-2.8900,-2.8900,0.00,0.00,-2.89,-2.8931,0.0031,full,sl,0
DS260914_XAMR30_V1_TRAIN,USDJPYm,715,714,2019.10.31 08:00:00,2019.10.31 08:30:00,2019.10.31 08:30:00,2019.10.31 08:30:00,2019.10.31 09:29:58,-1.91626,108.759,-0.143,0.074,0.059,0.038,0.064,2019.10.31 08:00,1500.208,1499.449,-0.000506,1,1,1,long,11.0,59.4,47.5,0.18532,0.23165,2.96,2.73,-2.7200,-2.7200,0.00,0.00,-2.72,-2.7172,0.0028,full,sl,0
DS260914_XAMR30_V1_TRAIN,USDJPYm,717,716,2019.11.01 00:00:00,2019.11.01 00:30:00,2019.11.01 00:30:00,2019.11.01 00:30:00,2019.11.01 00:59:58,-1.72149,108.249,-0.238,0.138,0.042,0.038,0.065,2019.11.01 00:00,1512.182,1511.801,-0.000252,1,1,1,long,11.0,42.1,33.7,0.26146,0.32683,2.92,2.71,-2.7200,-2.7200,0.00,0.00,-2.72,-2.7227,0.0027,full,sl,0
DS260914_XAMR30_V1_TRAIN,USDJPYm,719,718,2019.11.04 10:30:00,2019.11.04 11:00:00,2019.11.04 11:00:00,2019.11.04 11:00:00,2019.11.04 11:59:57,2.73754,108.235,0.214,0.078,0.040,0.037,0.064,2019.11.04 10:30,1509.078,1510.454,0.000912,1,1,1,short,11.0,40.2,32.2,0.27353,0.34192,2.88,2.61,2.0700,2.0700,0.00,0.00,2.07,2.0661,0.0039,full,tp,0
DS260914_XAMR30_V1_TRAIN,USDJPYm,721,720,2019.11.05 00:00:00,2019.11.05 00:30:00,2019.11.05 00:30:00,2019.11.05 00:30:00,2019.11.05 00:59:58,3.85762,108.464,0.262,0.068,0.043,0.037,0.063,2019.11.05 00:00,1506.687,1506.715,0.000019,1,1,1,short,11.0,43.4,34.7,0.25371,0.31713,2.91,2.80,-2.7700,-2.7700,0.00,0.00,-2.77,-2.7673,0.0027,full,sl,0
DS260914_XAMR30_V1_TRAIN,USDJPYm,723,722,2019.11.06 00:00:00,2019.11.06 00:30:00,2019.11.06 00:30:00,2019.11.06 00:30:00,2019.11.06 01:29:58,2.39183,108.949,0.158,0.066,0.053,0.037,0.065,2019.11.06 00:00,1484.398,1485.427,0.000693,1,1,1,short,11.0,52.9,42.3,0.20783,0.25978,2.87,2.44,1.9300,1.9300,0.00,0.00,1.93,1.9254,0.0046,full,tp,0
DS260914_XAMR30_V1_TRAIN,USDJPYm,725,724,2019.11.07 02:00:00,2019.11.07 02:30:00,2019.11.07 02:30:00,2019.11.07 02:30:00,2019.11.07 02:59:58,-2.59661,108.939,-0.148,0.057,0.049,0.037,0.066,2019.11.07 02:00,1491.151,1490.632,-0.000348,1,1,1,long,11.0,48.6,38.9,0.22647,0.28309,2.90,2.67,-2.7000,-2.7000,0.00,0.00,-2.70,-2.7033,0.0033,full,sl,0
DS260914_XAMR30_V1_TRAIN,USDJPYm,727,726,2019.11.11 02:30:00,2019.11.11 03:00:00,2019.11.11 03:00:00,2019.11.11 03:00:00,2019.11.11 03:59:57,-2.11251,109.196,-0.179,0.085,0.051,0.040,0.076,2019.11.11 02:30,1463.023,1462.649,-0.000256,1,1,1,long,11.0,51.4,41.1,0.21389,0.26736,2.86,2.84,2.2600,2.2600,0.00,0.00,2.26,2.2555,0.0045,full,tp,0
DS260914_XAMR30_V1_TRAIN,USDJPYm,729,728,2019.11.12 06:30:00,2019.11.12 07:00:00,2019.11.12 07:00:00,2019.11.12 07:00:00,2019.11.12 08:29:57,1.78648,109.099,0.165,0.092,0.051,0.042,0.076,2019.11.12 06:30,1449.538,1451.120,0.001091,1,1,1,short,11.0,51.4,41.1,0.21419,0.26773,2.89,2.82,2.2500,2.2500,0.00,0.00,2.25,2.2523,0.0023,full,tp,0
DS260914_XAMR30_V1_TRAIN,USDJPYm,731,730,2019.11.13 10:00:00,2019.11.13 10:30:00,2019.11.13 10:30:00,2019.11.13 10:30:00,2019.11.13 12:29:58,-1.79434,109.043,-0.127,0.071,0.055,0.044,0.076,2019.11.13 10:00,1465.842,1463.991,-0.001263,1,1,1,long,11.0,54.9,43.9,0.20052,0.25065,2.92,2.51,-2.5300,-2.5300,0.00,0.00,-2.53,-2.5259,0.0041,full,sl,0
DS260914_XAMR30_V1_TRAIN,USDJPYm,733,732,2019.11.14 06:30:00,2019.11.14 07:00:00,2019.11.14 07:00:00,2019.11.14 07:00:00,2019.11.14 07:29:58,-1.51979,108.811,-0.109,0.072,0.059,0.046,0.077,2019.11.14 06:30,1465.780,1465.304,-0.000325,1,1,1,long,11.0,58.9,47.1,0.18689,0.23362,2.89,2.70,-2.7200,-2.7200,0.00,0.00,-2.72,-2.7150,0.0050,full,sl,0
DS260914_XAMR30_V1_TRAIN,USDJPYm,735,734,2019.11.18 03:30:00,2019.11.18 04:00:00,2019.11.18 04:00:00,2019.11.18 04:00:00,2019.11.18 07:29:58,1.76109,108.721,0.100,0.057,0.059,0.046,0.072,2019.11.18 03:30,1465.569,1465.907,0.000231,1,1,1,short,11.0,58.8,47.0,0.18712,0.23390,2.85,2.71,-2.7100,-2.7100,0.00,0.00,-2.71,-2.7094,0.0006,full,sl,0
DS260914_XAMR30_V1_TRAIN,USDJPYm,737,736,2019.11.19 16:00:00,2019.11.19 16:30:00,2019.11.19 16:30:00,2019.11.19 16:30:00,2019.11.19 16:59:58,-1.93044,108.671,-0.172,0.089,0.068,0.047,0.074,2019.11.19 16:00,1473.186,1472.869,-0.000215,1,1,1,long,11.0,67.9,54.3,0.16193,0.20242,2.80,2.50,1.9900,1.9900,0.00,0.00,1.99,1.9896,0.0004,full,tp,0
DS260914_XAMR30_V1_TRAIN,USDJPYm,739,738,2019.11.20 01:30:00,2019.11.20 02:00:00,2019.11.20 02:00:00,2019.11.20 02:00:00,2019.11.20 02:59:57,-1.63149,108.577,-0.135,0.083,0.074,0.047,0.075,2019.11.20 01:30,1474.692,1473.591,-0.000747,1,1,1,long,11.0,74.4,59.5,0.14779,0.18474,2.83,2.74,2.2100,2.2100,0.00,0.00,2.21,2.2117,0.0017,full,tp,0
DS260914_XAMR30_V1_TRAIN,USDJPYm,741,740,2019.11.24 23:30:00,2019.11.25 00:00:00,2019.11.25 00:00:00,2019.11.25 00:00:00,2019.11.25 00:59:58,1.89574,108.622,0.092,0.048,0.046,0.046,0.076,2019.11.24 23:30,1459.833,1460.412,0.000397,1,1,1,short,11.0,46.2,37.0,0.23802,0.29753,2.87,2.55,-2.5400,-2.5400,0.00,0.00,-2.54,-2.5376,0.0024,full,sl,0
DS260914_XAMR30_V1_TRAIN,USDJPYm,743,742,2019.11.26 01:30:00,2019.11.26 02:00:00,2019.11.26 02:00:00,2019.11.26 02:00:00,2019.11.26 02:29:58,6.14956,108.891,0.186,0.030,0.052,0.045,0.074,2019.11.26 01:30,1453.537,1453.594,0.000039,1,1,1,short,11.0,51.9,41.5,0.21183,0.26479,2.83,2.39,1.9300,1.9300,0.00,0.00,1.93,1.9260,0.0040,full,tp,0
DS260914_XAMR30_V1_TRAIN,USDJPYm,745,744,2019.11.27 15:00:00,2019.11.27 15:30:00,2019.11.27 15:30:00,2019.11.27 15:30:00,2019.11.27 15:59:59,3.74841,109.119,0.135,0.036,0.046,0.044,0.074,2019.11.27 15:00,1454.059,1454.622,0.000387,1,1,1,short,11.0,45.9,36.7,0.23950,0.29938,2.86,2.53,-2.5200,-2.5200,0.00,0.00,-2.52,-2.5252,0.0052,full,sl,0
DS260914_XAMR30_V1_TRAIN,USDJPYm,747,746,2019.11.29 17:30:00,2019.11.29 18:00:00,2019.11.29 18:00:00,2019.11.29 18:00:00,2019.11.29 18:29:57,-2.57276,109.505,-0.102,0.039,0.051,0.037,0.068,2019.11.29 17:30,1466.277,1463.929,-0.001601,1,1,1,long,36.0,51.1,40.9,0.70391,0.87989,2.82,2.81,-2.8000,-2.8000,0.00,0.00,-2.80,-2.7977,0.0023,full,sl,0
DS260914_XAMR30_V1_TRAIN,USDJPYm,749,748,2019.12.02 00:30:00,2019.12.02 01:00:00,2019.12.02 01:00:00,2019.12.02 01:00:00,2019.12.02 01:59:58,2.68667,109.505,0.150,0.056,0.049,0.037,0.067,2019.12.02 00:30,1460.206,1461.148,0.000645,1,1,1,short,11.0,48.9,39.1,0.22482,0.28102,2.78,2.69,-2.6800,-2.6800,0.00,0.00,-2.68,-2.6799,0.0001,full,sl,0
DS260914_XAMR30_V1_TRAIN,USDJPYm,751,750,2019.12.03 10:30:00,2019.12.03 11:00:00,2019.12.03 11:00:00,2019.12.03 11:00:00,2019.12.03 12:59:58,-1.91052,109.160,-0.306,0.160,0.063,0.037,0.067,2019.12.03 10:30,1470.191,1470.093,-0.000067,1,1,1,long,11.0,62.7,50.2,0.17540,0.21925,2.74,2.29,-2.3200,-2.3200,0.00,0.00,-2.32,-2.3162,0.0038,full,sl,0
DS260914_XAMR30_V1_TRAIN,USDJPYm,753,752,2019.12.04 01:00:00,2019.12.04 01:30:00,2019.12.04 01:30:00,2019.12.04 01:30:00,2019.12.04 03:29:58,-1.76826,108.780,-0.229,0.129,0.060,0.037,0.071,2019.12.04 01:00,1477.456,1477.215,-0.000163,1,1,1,long,11.0,59.8,47.8,0.18399,0.22999,2.70,2.20,-2.2100,-2.2100,0.00,0.00,-2.21,-2.2120,0.0020,full,sl,0
DS260914_XAMR30_V1_TRAIN,USDJPYm,755,754,2019.12.05 09:00:00,2019.12.05 09:30:00,2019.12.05 09:30:00,2019.12.05 09:30:00,2019.12.05 09:59:58,1.72925,108.816,0.103,0.059,0.049,0.037,0.067,2019.12.05 09:00,1474.598,1474.770,0.000117,1,1,1,short,11.0,49.2,39.4,0.22351,0.27939,2.67,2.27,-2.2500,-2.2500,0.00,0.00,-2.25,-2.2484,0.0016,full,sl,0
DS260914_XAMR30_V1_TRAIN,USDJPYm,757,756,2019.12.06 10:00:00,2019.12.06 10:30:00,2019.12.06 10:30:00,2019.12.06 10:30:00,2019.12.06 10:59:58,-1.81102,108.711,-0.115,0.064,0.038,0.037,0.062,2019.12.06 10:00,1474.744,1474.721,-0.000016,1,1,1,long,11.0,37.6,30.1,0.29278,0.36597,2.64,2.41,-2.4500,-2.4500,0.00,0.00,-2.45,-2.4501,0.0001,full,sl,0
DS260914_XAMR30_V1_TRAIN,USDJPYm,759,758,2019.12.10 20:30:00,2019.12.10 21:00:00,2019.12.10 21:00:00,2019.12.10 21:00:00,2019.12.10 22:59:59,2.38911,108.641,0.115,0.048,0.058,0.037,0.068,2019.12.10 20:30,1464.510,1464.614,0.000071,1,1,1,short,20.0,57.5,46.0,0.34783,0.43478,2.60,2.12,-2.1300,-2.1300,0.00,0.00,-2.13,-2.1322,0.0022,full,sl,0
DS260914_XAMR30_V1_TRAIN,USDJPYm,761,760,2019.12.11 00:00:00,2019.12.11 00:30:00,2019.12.11 00:30:00,2019.12.11 00:30:00,2019.12.11 00:59:57,1.55695,108.670,0.081,0.052,0.039,0.037,0.068,2019.12.11 00:00,1463.814,1463.891,0.000053,1,1,1,short,11.0,38.9,31.1,0.28309,0.35386,2.57,2.50,2.0000,2.0000,0.00,0.00,2.00,1.9960,0.0040,full,tp,0
DS260914_XAMR30_V1_TRAIN,USDJPYm,763,762,2019.12.11 23:30:00,2019.12.12 00:00:00,2019.12.12 00:00:00,2019.12.12 00:00:00,2019.12.12 00:29:58,-1.51150,108.641,-0.101,0.067,0.055,0.037,0.067,2019.12.11 23:30,1474.537,1474.533,-0.000003,1,1,1,long,11.0,54.7,43.8,0.20104,0.25131,2.60,2.52,-2.5400,-2.5400,0.00,0.00,-2.54,-2.5345,0.0055,full,sl,0
DS260914_XAMR30_V1_TRAIN,USDJPYm,765,764,2019.12.13 06:30:00,2019.12.13 07:00:00,2019.12.13 07:00:00,2019.12.13 07:00:00,2019.12.13 07:29:57,1.72436,109.243,0.362,0.210,0.063,0.038,0.074,2019.12.13 06:30,1466.683,1466.982,0.000204,1,1,1,short,11.0,63.1,50.5,0.17441,0.21801,2.56,2.32,-2.3000,-2.3000,0.00,0.00,-2.30,-2.2978,0.0022,full,sl,0
DS260914_XAMR30_V1_TRAIN,USDJPYm,767,766,2019.12.16 16:30:00,2019.12.16 17:00:00,2019.12.16 17:00:00,2019.12.16 17:00:00,2019.12.16 18:29:58,3.39783,109.433,0.210,0.062,0.048,0.039,0.077,2019.12.16 16:30,1474.271,1474.612,0.000231,1,1,1,short,11.0,47.6,38.1,0.23088,0.28861,2.53,2.17,1.7300,1.7300,0.00,0.00,1.73,1.7335,0.0035,full,tp,0
DS260914_XAMR30_V1_TRAIN,USDJPYm,769,768,2019.12.17 17:00:00,2019.12.17 17:30:00,2019.12.17 17:30:00,2019.12.17 17:30:00,2019.12.17 19:59:58,-1.51806,109.541,-0.070,0.046,0.049,0.038,0.074,2019.12.17 17:00,1476.371,1476.162,-0.000142,1,1,1,long,11.0,48.6,38.9,0.22614,0.28267,2.55,2.22,1.7800,1.7800,0.00,0.00,1.78,1.7805,0.0005,full,tp,0
DS260914_XAMR30_V1_TRAIN,USDJPYm,771,770,2019.12.18 08:00:00,2019.12.18 08:30:00,2019.12.18 08:30:00,2019.12.18 08:30:00,2019.12.18 09:59:57,-1.59546,109.484,-0.073,0.046,0.042,0.038,0.069,2019.12.18 08:00,1477.765,1477.239,-0.000356,1,1,1,long,11.0,41.7,33.4,0.26370,0.32962,2.58,2.28,1.8100,1.8100,0.00,0.00,1.81,1.8090,0.0010,full,tp,0
DS260914_XAMR30_V1_TRAIN,USDJPYm,773,772,2019.12.19 14:00:00,2019.12.19 14:30:00,2019.12.19 14:30:00,2019.12.19 14:30:00,2019.12.19 14:59:58,-3.31300,109.526,-0.166,0.050,0.045,0.037,0.061,2019.12.19 14:00,1476.267,1476.245,-0.000015,1,1,1,long,11.0,45.0,36.0,0.24444,0.30556,2.61,2.47,-2.4700,-2.4700,0.00,0.00,-2.47,-2.4697,0.0003,full,sl,0
DS260914_XAMR30_V1_TRAIN,USDJPYm,775,774,2019.12.20 18:30:00,2019.12.20 19:00:00,2019.12.20 19:00:00,2019.12.20 19:00:00,2019.12.20 19:59:57,1.77292,109.386,0.129,0.073,0.049,0.036,0.059,2019.12.20 18:30,1477.232,1477.425,0.000131,1,1,1,short,11.0,48.9,39.1,0.22515,0.28143,2.57,2.23,1.7800,1.7800,0.00,0.00,1.78,1.7812,0.0012,full,tp,0
DS260914_XAMR30_V1_TRAIN,USDJPYm,777,776,2019.12.26 00:00:00,2019.12.26 00:30:00,2019.12.26 06:00:00,2019.12.26 06:00:00,2019.12.26 11:59:57,6.98341,109.393,0.121,0.017,0.044,0.033,0.054,2019.12.26 00:00,1504.340,1511.122,0.004508,1,1,1,short,11.0,43.8,35.0,0.25122,0.31403,2.60,2.40,-2.4100,-2.4100,0.00,0.00,-2.41,-2.4089,0.0011,full,sl,0
DS260914_XAMR30_V1_TRAIN,USDJPYm,779,778,2019.12.27 20:00:00,2019.12.27 20:30:00,2019.12.27 20:30:00,2019.12.27 20:30:00,2019.12.29 22:29:58,-2.10251,109.486,-0.086,0.041,0.047,0.031,0.051,2019.12.27 20:00,1512.488,1510.873,-0.001068,1,1,1,long,11.0,47.4,37.9,0.23228,0.29035,2.56,2.16,1.7400,1.7400,0.00,0.00,1.74,1.7360,0.0040,full,tp,0
DS260914_XAMR30_V1_TRAIN,USDJPYm,781,780,2019.12.30 00:00:00,2019.12.30 00:30:00,2019.12.30 00:30:00,2019.12.30 00:30:00,2019.12.30 00:59:57,-1.80807,109.469,-0.053,0.029,0.040,0.031,0.050,2019.12.30 00:00,1513.459,1513.336,-0.000081,1,1,1,long,11.0,39.6,31.7,0.27748,0.34685,2.59,2.53,-2.5600,-2.5600,0.00,0.00,-2.56,-2.5597,0.0003,full,sl,0
DS260914_XAMR30_V1_TRAIN,USDJPYm,783,782,2019.12.30 23:30:00,2019.12.31 00:00:00,2019.12.31 00:00:00,2019.12.31 00:00:00,2019.12.31 00:59:58,-1.99053,109.035,-0.173,0.087,0.036,0.032,0.051,2019.12.30 23:30,1515.152,1514.854,-0.000197,1,1,1,long,11.0,36.0,28.8,0.30556,0.38194,2.55,2.30,-2.3200,-2.3200,0.00,0.00,-2.32,-2.3153,0.0047,full,sl,0
DS260914_XAMR30_V1_TRAIN,USDJPYm,785,784,2020.01.06 16:30:00,2020.01.06 17:00:00,2020.01.06 17:00:00,2020.01.06 17:00:00,2020.01.06 19:29:58,2.14061,108.105,0.262,0.122,0.076,0.033,0.076,2020.01.06 16:30,1563.774,1564.647,0.000558,1,1,1,short,11.0,75.7,60.6,0.14528,0.18160,2.51,2.09,-2.1000,-2.1000,0.00,0.00,-2.10,-2.1025,0.0025,full,sl,0
DS260914_XAMR30_V1_TRAIN,USDJPYm,787,786,2020.01.07 02:30:00,2020.01.07 03:00:00,2020.01.07 03:00:00,2020.01.07 03:00:00,2020.01.07 06:29:58,1.59400,108.273,0.195,0.122,0.047,0.033,0.076,2020.01.07 02:30,1557.160,1558.914,0.001126,1,1,1,short,11.0,47.4,37.9,0.23228,0.29035,2.48,2.19,1.7500,1.7500,0.00,0.00,1.75,1.7523,0.0023,full,tp,0
DS260914_XAMR30_V1_TRAIN,USDJPYm,789,788,2020.01.09 00:30:00,2020.01.09 01:00:00,2020.01.09 01:00:00,2020.01.09 01:00:00,2020.01.09 05:59:58,1.50656,108.806,0.375,0.249,0.083,0.034,0.089,2020.01.09 00:30,1555.441,1556.586,0.000736,1,1,1,short,11.0,83.2,66.6,0.13219,0.16524,2.51,2.31,-2.2800,-2.2800,0.00,0.00,-2.28,-2.2789,0.0011,full,sl,0
DS260914_XAMR30_V1_TRAIN,USDJPYm,791,790,2020.01.09 23:30:00,2020.01.10 00:00:00,2020.01.10 00:00:00,2020.01.10 00:00:00,2020.01.10 00:29:57,2.06425,109.344,0.142,0.069,0.048,0.036,0.089,2020.01.09 23:30,1552.570,1552.626,0.000036,1,1,1,short,11.0,47.5,38.0,0.23158,0.28947,2.47,2.18,-2.1900,-2.1900,0.00,0.00,-2.19,-2.1911,0.0011,full,sl,0
DS260914_XAMR30_V1_TRAIN,USDJPYm,793,792,2020.01.13 10:00:00,2020.01.13 10:30:00,2020.01.13 10:30:00,2020.01.13 10:30:00,2020.01.13 10:59:58,4.57464,109.606,0.302,0.066,0.044,0.040,0.089,2020.01.13 10:00,1547.852,1549.365,0.000977,1,1,1,short,11.0,43.6,34.9,0.25205,0.31506,2.44,2.39,1.9100,1.9100,0.00,0.00,1.91,1.9113,0.0013,full,tp,0
DS260914_XAMR30_V1_TRAIN,USDJPYm,795,794,2020.01.14 01:30:00,2020.01.14 02:00:00,2020.01.14 02:00:00,2020.01.14 02:00:00,2020.01.14 06:59:58,2.89569,109.853,0.205,0.071,0.056,0.041,0.089,2020.01.14 01:30,1537.575,1537.591,0.000010,1,1,1,short,11.0,56.0,44.8,0.19643,0.24554,2.47,2.04,-2.0300,-2.0300,0.00,0.00,-2.03,-2.0342,0.0042,full,sl,0
DS260914_XAMR30_V1_TRAIN,USDJPYm,797,796,2020.01.16 14:30:00,2020.01.16 15:00:00,2020.01.16 15:00:00,2020.01.16 15:00:00,2020.01.16 15:29:57,2.89964,109.950,0.106,0.037,0.056,0.044,0.087,2020.01.16 14:30,1553.244,1553.806,0.000362,1,1,1,short,11.0,56.0,44.8,0.19643,0.24554,2.44,2.03,1.6400,1.6400,0.00,0.00,1.64,1.6362,0.0038,full,tp,0
DS260914_XAMR30_V1_TRAIN,USDJPYm,799,798,2020.01.17 02:00:00,2020.01.17 02:30:00,2020.01.17 02:30:00,2020.01.17 02:30:00,2020.01.17 06:29:57,2.00816,110.080,0.110,0.055,0.045,0.045,0.086,2020.01.17 02:00,1553.050,1553.874,0.000531,1,1,1,short,11.0,45.3,36.2,0.24290,0.30363,2.46,2.06,-2.0400,-2.0400,0.00,0.00,-2.04,-2.0411,0.0011,full,sl,0
DS260914_XAMR30_V1_TRAIN,USDJPYm,801,800,2020.01.21 02:00:00,2020.01.21 02:30:00,2020.01.21 02:30:00,2020.01.21 02:30:00,2020.01.21 02:59:57,-4.13394,110.143,-0.161,0.039,0.054,0.037,0.069,2020.01.21 02:00,1566.563,1566.077,-0.000310,1,1,1,long,11.0,53.9,43.1,0.20424,0.25531,2.43,1.95,-1.9700,-1.9700,0.00,0.00,-1.97,-1.9647,0.0053,full,sl,0
DS260914_XAMR30_V1_TRAIN,USDJPYm,803,802,2020.01.23 00:30:00,2020.01.23 01:00:00,2020.01.23 01:00:00,2020.01.23 01:00:00,2020.01.23 01:29:58,-3.25990,109.883,-0.213,0.065,0.052,0.036,0.065,2020.01.23 00:30,1562.085,1561.806,-0.000179,1,1,1,long,11.0,51.7,41.4,0.21271,0.26588,2.40,2.36,-2.3700,-2.3700,0.00,0.00,-2.37,-2.3717,0.0017,full,sl,0
DS260914_XAMR30_V1_TRAIN,USDJPYm,805,804,2020.01.28 09:00:00,2020.01.28 09:30:00,2020.01.28 09:30:00,2020.01.28 09:30:00,2020.01.28 09:59:58,-2.11589,108.986,-0.187,0.088,0.060,0.040,0.071,2020.01.28 09:00,1580.277,1580.249,-0.000018,1,1,1,long,11.0,59.6,47.7,0.18443,0.23054,2.37,2.18,1.7600,1.7600,0.00,0.00,1.76,1.7637,0.0037,full,tp,0
DS260914_XAMR30_V1_TRAIN,USDJPYm,807,806,2020.01.30 02:30:00,2020.01.30 03:00:00,2020.01.30 03:00:00,2020.01.30 03:00:00,2020.01.30 07:29:58,-2.13432,109.053,-0.159,0.074,0.066,0.041,0.072,2020.01.30 02:30,1580.406,1579.767,-0.000404,1,1,1,long,11.0,65.6,52.5,0.16776,0.20969,2.39,1.81,-1.8200,-1.8200,0.00,0.00,-1.82,-1.8192,0.0008,full,sl,0
DS260914_XAMR30_V1_TRAIN,USDJPYm,809,808,2020.02.04 07:00:00,2020.02.04 07:30:00,2020.02.04 07:30:00,2020.02.04 07:30:00,2020.02.04 07:59:58,2.27867,108.668,0.179,0.079,0.083,0.051,0.085,2020.02.04 07:00,1571.233,1573.584,0.001496,1,1,1,short,11.0,82.6,66.1,0.13322,0.16652,2.37,2.28,-2.2900,-2.2900,0.00,0.00,-2.29,-2.2859,0.0041,full,sl,0
DS260914_XAMR30_V1_TRAIN,USDJPYm,811,810,2020.02.04 23:30:00,2020.02.05 00:00:00,2020.02.05 00:00:00,2020.02.05 00:00:00,2020.02.05 00:29:58,1.65357,109.177,0.256,0.155,0.057,0.053,0.085,2020.02.04 23:30,1552.651,1554.073,0.000916,1,1,1,short,11.0,56.9,45.5,0.19347,0.24183,2.33,2.08,1.6500,1.6500,0.00,0.00,1.65,1.6455,0.0045,full,tp,0
DS260914_XAMR30_V1_TRAIN,USDJPYm,813,812,2020.02.06 06:30:00,2020.02.06 07:00:00,2020.02.06 07:00:00,2020.02.06 07:00:00,2020.02.06 08:29:58,2.07395,109.748,0.145,0.070,0.056,0.054,0.088,2020.02.06 06:30,1555.930,1557.568,0.001053,1,1,1,short,11.0,55.8,44.6,0.19718,0.24648,2.36,2.04,-2.0400,-2.0400,0.00,0.00,-2.04,-2.0373,0.0027,full,sl,0
DS260914_XAMR30_V1_TRAIN,USDJPYm,815,814,2020.02.10 00:30:00,2020.02.10 01:00:00,2020.02.10 01:00:00,2020.02.10 01:00:00,2020.02.10 01:59:58,-1.69893,109.775,-0.125,0.074,0.076,0.057,0.089,2020.02.10 00:30,1573.738,1572.993,-0.000473,1,1,1,long,11.0,75.6,60.5,0.14542,0.18178,2.33,2.06,1.6700,1.6700,0.00,0.00,1.67,1.6679,0.0021,full,tp,0
DS260914_XAMR30_V1_TRAIN,USDJPYm,817,816,2020.02.12 09:00:00,2020.02.12 09:30:00,2020.02.12 09:30:00,2020.02.12 09:30:00,2020.02.12 10:29:57,2.44355,109.848,0.134,0.055,0.053,0.050,0.083,2020.02.12 09:00,1562.375,1565.413,0.001944,1,1,1,short,11.0,53.4,42.7,0.20616,0.25770,2.35,1.94,-1.9300,-1.9300,0.00,0.00,-1.93,-1.9267,0.0033,full,sl,0
DS260914_XAMR30_V1_TRAIN,USDJPYm,819,818,2020.02.13 08:00:00,2020.02.13 08:30:00,2020.02.13 08:30:00,2020.02.13 08:30:00,2020.02.13 10:29:57,-1.53120,109.908,-0.160,0.104,0.056,0.048,0.083,2020.02.13 08:00,1575.186,1574.615,-0.000362,1,1,1,long,11.0,56.1,44.9,0.19593,0.24491,2.32,2.04,-2.0400,-2.0400,0.00,0.00,-2.04,-2.0419,0.0019,full,sl,0
DS260914_XAMR30_V1_TRAIN,USDJPYm,821,820,2020.02.14 15:00:00,2020.02.14 15:30:00,2020.02.14 15:30:00,2020.02.14 15:30:00,2020.02.14 16:29:58,-2.45004,109.801,-0.075,0.030,0.048,0.046,0.080,2020.02.14 15:00,1582.520,1581.628,-0.000564,1,1,1,long,11.0,47.8,38.2,0.23019,0.28774,2.29,2.18,1.7300,1.7300,0.00,0.00,1.73,1.7308,0.0008,full,tp,0
DS260914_XAMR30_V1_TRAIN,USDJPYm,823,822,2020.02.18 01:00:00,2020.02.18 01:30:00,2020.02.18 01:30:00,2020.02.18 01:30:00,2020.02.18 01:59:58,-2.26885,109.849,-0.088,0.039,0.043,0.041,0.074,2020.02.18 01:00,1586.356,1585.612,-0.000469,1,1,1,long,11.0,43.4,34.7,0.25371,0.31713,2.32,1.98,-1.9600,-1.9600,0.00,0.00,-1.96,-1.9594,0.0006,full,sl,0
DS260914_XAMR30_V1_TRAIN,USDJPYm,825,824,2020.02.19 02:30:00,2020.02.19 03:00:00,2020.02.19 03:00:00,2020.02.19 03:00:00,2020.02.19 03:29:58,2.24536,109.851,0.179,0.080,0.045,0.041,0.067,2020.02.19 02:30,1601.282,1602.461,0.000736,1,1,1,short,11.0,44.9,35.9,0.24522,0.30653,2.29,2.04,-2.0400,-2.0400,0.00,0.00,-2.04,-2.0441,0.0041,full,sl,0
DS260914_XAMR30_V1_TRAIN,USDJPYm,827,826,2020.02.24 08:30:00,2020.02.24 09:00:00,2020.02.24 09:00:00,2020.02.24 09:00:00,2020.02.24 09:29:58,-2.32652,111.616,-0.230,0.099,0.080,0.041,0.093,2020.02.24 08:30,1682.148,1680.307,-0.001094,1,1,1,long,11.0,80.5,64.4,0.13665,0.17081,2.26,2.19,-2.1600,-2.1600,0.00,0.00,-2.16,-2.1560,0.0040,full,sl,0
DS260914_XAMR30_V1_TRAIN,USDJPYm,829,828,2020.02.25 09:00:00,2020.02.25 09:30:00,2020.02.25 09:30:00,2020.02.25 09:30:00,2020.02.25 10:59:58,-1.90638,110.887,-0.458,0.240,0.095,0.042,0.106,2020.02.25 09:00,1653.629,1653.194,-0.000263,1,1,1,long,11.0,94.7,75.8,0.11614,0.14517,2.22,1.70,1.3700,1.3700,0.00,0.00,1.37,1.3754,0.0054,full,tp,0
DS260914_XAMR30_V1_TRAIN,USDJPYm,831,830,2020.02.27 02:30:00,2020.02.27 03:00:00,2020.02.27 03:00:00,2020.02.27 03:00:00,2020.02.27 04:59:58,-1.64936,110.379,-0.143,0.087,0.103,0.047,0.124,2020.02.27 02:30,1650.593,1648.862,-0.001049,1,1,1,long,11.0,102.9,82.3,0.10687,0.13359,2.25,1.86,-1.8700,-1.8700,0.00,0.00,-1.87,-1.8703,0.0003,full,sl,0
DS260914_XAMR30_V1_TRAIN,USDJPYm,833,832,2020.03.03 23:30:00,2020.03.04 00:00:00,2020.03.04 00:00:00,2020.03.04 00:00:00,2020.03.04 00:29:58,-1.95780,107.547,-0.522,0.267,0.173,0.093,0.178,2020.03.03 23:30,1646.568,1645.697,-0.000529,1,1,1,long,11.0,172.6,138.1,0.06372,0.07964,2.22,1.57,1.2900,1.2900,0.00,0.00,1.29,1.2874,0.0026,full,tp,0
DS260914_XAMR30_V1_TRAIN,USDJPYm,835,834,2020.03.05 15:00:00,2020.03.05 15:30:00,2020.03.05 15:30:00,2020.03.05 15:30:00,2020.03.05 15:59:58,-1.55872,107.178,-0.285,0.183,0.148,0.103,0.178,2020.03.05 15:00,1658.369,1657.179,-0.000718,1,1,1,long,11.0,148.1,118.5,0.07429,0.09286,2.24,1.38,-1.3900,-1.3900,0.00,0.00,-1.39,-1.3864,0.0036,full,sl,0
DS260914_XAMR30_V1_TRAIN,USDJPYm,837,836,2020.03.06 00:00:00,2020.03.06 00:30:00,2020.03.06 00:30:00,2020.03.06 00:30:00,2020.03.06 00:59:57,-1.54332,106.705,-0.389,0.252,0.146,0.103,0.178,2020.03.06 00:00,1674.495,1673.251,-0.000743,1,1,1,long,11.0,146.4,117.1,0.07516,0.09395,2.22,1.37,-1.3800,-1.3800,0.00,0.00,-1.38,-1.3750,0.0050,full,sl,0
DS260914_XAMR30_V1_TRAIN,USDJPYm,839,838,2020.03.26 20:30:00,2020.03.26 21:00:00,2020.03.26 21:00:00,2020.03.26 21:00:00,2020.03.26 21:59:58,-1.83496,110.062,-0.507,0.276,0.228,0.213,0.353,2020.03.26 20:30,1627.891,1627.356,-0.000329,1,1,1,long,103.0,228.3,182.6,0.45119,0.56399,2.19,2.15,-2.0800,-2.0800,0.00,0.00,-2.08,-2.0836,0.0036,full,sl,0
DS260914_XAMR30_V1_TRAIN,USDJPYm,841,840,2020.03.27 00:30:00,2020.03.27 01:00:00,2020.03.27 01:00:00,2020.03.27 01:00:00,2020.03.27 01:29:58,-3.84060,109.846,-0.801,0.209,0.209,0.208,0.352,2020.03.27 00:30,1626.736,1621.284,-0.003351,1,1,1,long,11.0,209.1,167.3,0.05261,0.06577,2.16,1.91,-1.9300,-1.9300,0.00,0.00,-1.93,-1.9202,0.0098,full,sl,0
DS260914_XAMR30_V1_TRAIN,USDJPYm,843,842,2020.03.29 22:30:00,2020.03.29 23:00:00,2020.03.29 23:00:00,2020.03.29 23:00:00,2020.03.29 23:59:58,-2.77349,108.409,-0.784,0.283,0.214,0.208,0.344,2020.03.29 22:30,1627.021,1626.457,-0.000347,1,1,1,long,11.0,213.6,170.9,0.05151,0.06438,2.13,1.97,-1.9900,-1.9900,0.00,0.00,-1.99,-1.9918,0.0018,full,sl,0
DS260914_XAMR30_V1_TRAIN,USDJPYm,845,844,2020.03.29 23:30:00,2020.03.30 00:00:00,2020.03.30 00:00:00,2020.03.30 00:00:00,2020.03.30 00:29:58,-3.14767,108.338,-0.888,0.282,0.226,0.208,0.343,2020.03.29 23:30,1628.884,1627.402,-0.000910,1,1,1,long,11.0,225.7,180.6,0.04873,0.06092,2.10,2.11,1.6800,1.6800,0.00,0.00,1.68,1.6815,0.0015,full,tp,0
DS260914_XAMR30_V1_TRAIN,USDJPYm,847,846,2020.03.31 01:00:00,2020.03.31 01:30:00,2020.03.31 01:30:00,2020.03.31 01:30:00,2020.03.31 03:59:58,1.73629,107.995,0.530,0.305,0.209,0.204,0.312,2020.03.31 01:00,1613.684,1614.890,0.000747,1,1,1,short,11.0,208.9,167.1,0.05267,0.06583,2.13,1.94,1.5400,1.5400,0.00,0.00,1.54,1.5412,0.0012,full,tp,0
DS260914_XAMR30_V1_TRAIN,USDJPYm,849,848,2020.04.02 16:00:00,2020.04.02 16:30:00,2020.04.02 16:30:00,2020.04.02 16:30:00,2020.04.02 22:30:00,2.41405,107.426,0.505,0.209,0.199,0.186,0.286,2020.04.02 16:00,1607.720,1610.774,0.001900,1,1,1,short,11.0,198.6,158.9,0.05538,0.06922,2.15,1.84,-0.7300,-0.7300,0.00,0.00,-0.73,-0.7314,0.0014,full,time_exit,0
DS260914_XAMR30_V1_TRAIN,USDJPYm,851,850,2020.04.05 23:30:00,2020.04.06 00:00:00,2020.04.06 00:00:00,2020.04.06 00:00:00,2020.04.06 00:29:58,2.75408,108.307,0.405,0.147,0.173,0.173,0.255,2020.04.05 23:30,1613.536,1618.872,0.003307,1,1,1,short,16.0,173.5,138.8,0.09222,0.11527,2.14,1.61,-1.6000,-1.6000,0.00,0.00,-1.60,-1.5980,0.0020,full,sl,0
DS260914_XAMR30_V1_TRAIN,USDJPYm,853,852,2020.04.09 16:30:00,2020.04.09 17:00:00,2020.04.09 17:00:00,2020.04.09 17:00:00,2020.04.09 17:29:57,-2.67190,108.758,-0.379,0.142,0.127,0.124,0.229,2020.04.09 16:30,1685.372,1683.268,-0.001248,1,1,1,long,11.0,127.2,101.8,0.08647,0.10809,2.12,1.17,-1.1700,-1.1700,0.00,0.00,-1.17,-1.1731,0.0031,full,sl,0
DS260914_XAMR30_V1_TRAIN,USDJPYm,855,854,2020.04.13 00:30:00,2020.04.13 01:00:00,2020.04.13 01:00:00,2020.04.13 01:00:00,2020.04.13 01:29:58,-3.69900,108.392,-0.180,0.049,0.117,0.105,0.199,2020.04.13 00:30,1686.946,1686.278,-0.000396,1,1,1,long,11.0,117.1,93.7,0.09390,0.11738,2.10,1.08,-1.0800,-1.0800,0.00,0.00,-1.08,-1.0823,0.0023,full,sl,0
DS260914_XAMR30_V1_TRAIN,USDJPYm,857,856,2020.04.14 14:30:00,2020.04.14 15:00:00,2020.04.14 15:00:00,2020.04.14 15:00:00,2020.04.14 15:59:58,-3.29107,107.586,-0.374,0.114,0.103,0.089,0.173,2020.04.14 14:30,1742.442,1731.674,-0.006180,1,1,1,long,11.0,103.0,82.4,0.10680,0.13350,2.08,1.91,-1.9200,-1.9200,0.00,0.00,-1.92,-1.9231,0.0031,full,sl,0
DS260914_XAMR30_V1_TRAIN,USDJPYm,859,858,2020.04.15 01:00:00,2020.04.15 01:30:00,2020.04.15 01:30:00,2020.04.15 01:30:00,2020.04.15 03:29:57,-2.18315,107.310,-0.248,0.114,0.089,0.088,0.165,2020.04.15 01:00,1727.870,1724.723,-0.001821,1,1,1,long,11.0,89.5,71.6,0.12291,0.15363,2.06,1.67,1.3400,1.3400,0.00,0.00,1.34,1.3440,0.0040,full,tp,0
DS260914_XAMR30_V1_TRAIN,USDJPYm,861,860,2020.04.16 00:00:00,2020.04.16 00:30:00,2020.04.16 00:30:00,2020.04.16 00:30:00,2020.04.16 01:29:57,1.55851,107.405,0.281,0.180,0.114,0.087,0.147,2020.04.16 00:00,1715.828,1718.124,0.001338,1,1,1,short,11.0,113.8,91.0,0.09667,0.12084,2.08,1.06,-1.0600,-1.0600,0.00,0.00,-1.06,-1.0575,0.0025,full,sl,0
DS260914_XAMR30_V1_TRAIN,USDJPYm,863,862,2020.04.17 12:30:00,2020.04.17 13:00:00,2020.04.17 13:00:00,2020.04.17 13:00:00,2020.04.17 13:59:57,-2.11981,107.719,-0.286,0.135,0.131,0.087,0.139,2020.04.17 12:30,1696.205,1693.987,-0.001308,1,1,1,long,11.0,130.6,104.5,0.08425,0.10531,2.06,1.21,-1.2200,-1.2200,0.00,0.00,-1.22,-1.2207,0.0007,full,sl,0
DS260914_XAMR30_V1_TRAIN,USDJPYm,865,864,2020.04.20 00:30:00,2020.04.20 01:00:00,2020.04.20 01:00:00,2020.04.20 01:00:00,2020.04.20 02:29:58,1.88061,107.634,0.221,0.118,0.114,0.087,0.139,2020.04.20 00:30,1674.303,1674.715,0.000246,1,1,1,short,11.0,114.4,91.5,0.09619,0.12024,2.04,1.06,0.8400,0.8400,0.00,0.00,0.84,0.8444,0.0044,full,tp,0
DS260914_XAMR30_V1_TRAIN,USDJPYm,867,866,2020.04.21 03:00:00,2020.04.21 03:30:00,2020.04.21 03:30:00,2020.04.21 03:30:00,2020.04.21 05:29:58,-2.29151,107.681,-0.179,0.078,0.089,0.084,0.128,2020.04.21 03:00,1688.769,1687.922,-0.000502,1,1,1,long,11.0,89.4,71.5,0.12310,0.15388,2.05,1.66,-1.6600,-1.6600,0.00,0.00,-1.66,-1.6570,0.0030,full,sl,0
DS260914_XAMR30_V1_TRAIN,USDJPYm,869,868,2020.04.22 13:30:00,2020.04.22 14:00:00,2020.04.22 14:00:00,2020.04.22 14:00:00,2020.04.22 14:59:57,1.90674,107.674,0.169,0.089,0.089,0.082,0.118,2020.04.22 13:30,1705.617,1708.254,0.001546,1,1,1,short,11.0,88.9,71.1,0.12379,0.15474,2.03,1.66,-1.6500,-1.6500,0.00,0.00,-1.65,-1.6492,0.0008,full,sl,0
DS260914_XAMR30_V1_TRAIN,USDJPYm,871,870,2020.04.23 11:30:00,2020.04.23 12:00:00,2020.04.23 12:00:00,2020.04.23 12:00:00,2020.04.23 12:29:58,-1.88060,107.693,-0.158,0.084,0.081,0.078,0.117,2020.04.23 11:30,1728.824,1727.570,-0.000725,1,1,1,long,11.0,80.9,64.7,0.13604,0.17005,2.00,1.50,-1.5100,-1.5100,0.00,0.00,-1.51,-1.5075,0.0025,full,sl,0
DS260914_XAMR30_V1_TRAIN,USDJPYm,873,872,2020.04.27 03:00:00,2020.04.27 03:30:00,2020.04.27 03:30:00,2020.04.27 03:30:00,2020.04.27 04:59:58,-2.69815,107.519,-0.193,0.072,0.099,0.077,0.117,2020.04.27 03:00,1722.268,1722.098,-0.000099,1,1,1,long,11.0,99.4,79.5,0.11063,0.13829,1.98,1.85,-1.8500,-1.8500,0.00,0.00,-1.85,-1.8464,0.0036,full,sl,0
DS260914_XAMR30_V1_TRAIN,USDJPYm,875,874,2020.04.28 09:30:00,2020.04.28 10:00:00,2020.04.28 10:00:00,2020.04.28 10:00:00,2020.04.28 10:59:57,-4.04240,107.194,-0.458,0.113,0.093,0.075,0.116,2020.04.28 09:30,1711.106,1707.684,-0.002000,1,1,1,long,11.0,93.3,74.6,0.11792,0.14740,1.95,1.74,-1.7400,-1.7400,0.00,0.00,-1.74,-1.7440,0.0040,full,sl,0
DS260914_XAMR30_V1_TRAIN,USDJPYm,877,876,2020.05.04 13:30:00,2020.05.04 14:00:00,2020.05.04 14:00:00,2020.05.04 14:00:00,2020.05.04 14:29:58,1.68312,106.805,0.092,0.055,0.066,0.066,0.107,2020.05.04 13:30,1702.948,1705.211,0.001329,1,1,1,short,11.0,66.1,52.9,0.16649,0.20811,1.93,1.86,-1.8500,-1.8500,0.00,0.00,-1.85,-1.8511,0.0011,full,sl,0
DS260914_XAMR30_V1_TRAIN,USDJPYm,879,878,2020.05.05 00:00:00,2020.05.05 00:30:00,2020.05.05 00:30:00,2020.05.05 00:30:00,2020.05.05 02:29:58,-3.05739,106.763,-0.227,0.074,0.072,0.065,0.107,2020.05.05 00:00,1703.562,1700.094,-0.002036,1,1,1,long,11.0,71.6,57.3,0.15369,0.19212,1.90,1.34,1.0700,1.0700,0.00,0.00,1.07,1.0694,0.0006,full,tp,0
DS260914_XAMR30_V1_TRAIN,USDJPYm,881,880,2020.05.05 23:30:00,2020.05.06 00:00:00,2020.05.06 00:00:00,2020.05.06 00:00:00,2020.05.06 00:29:57,-1.71815,106.592,-0.147,0.086,0.076,0.064,0.107,2020.05.05 23:30,1704.674,1703.800,-0.000513,1,1,1,long,11.0,75.9,60.7,0.14487,0.18109,1.92,1.43,-1.4300,-1.4300,0.00,0.00,-1.43,-1.4288,0.0012,full,sl,0
DS260914_XAMR30_V1_TRAIN,USDJPYm,883,882,2020.05.07 09:00:00,2020.05.07 09:30:00,2020.05.07 09:30:00,2020.05.07 09:30:00,2020.05.07 10:59:57,1.64729,106.245,0.227,0.138,0.080,0.064,0.100,2020.05.07 09:00,1691.224,1692.649,0.000843,1,1,1,short,11.0,79.6,63.7,0.13812,0.17265,1.89,1.50,-1.5000,-1.5000,0.00,0.00,-1.50,-1.5016,0.0016,full,sl,0
DS260914_XAMR30_V1_TRAIN,USDJPYm,885,884,2020.05.08 13:30:00,2020.05.08 14:00:00,2020.05.08 14:00:00,2020.05.08 14:00:00,2020.05.08 14:29:58,2.47172,106.377,0.242,0.098,0.087,0.065,0.099,2020.05.08 13:30,1711.676,1716.975,0.003096,1,1,1,short,11.0,87.0,69.6,0.12644,0.15805,1.87,1.63,1.3100,1.3100,0.00,0.00,1.31,1.3139,0.0039,full,tp,0
DS260914_XAMR30_V1_TRAIN,USDJPYm,887,886,2020.05.11 05:30:00,2020.05.11 06:00:00,2020.05.11 06:00:00,2020.05.11 06:00:00,2020.05.11 06:29:58,1.67407,106.694,0.216,0.129,0.078,0.067,0.103,2020.05.11 05:30,1704.268,1705.037,0.000451,1,1,1,short,11.0,78.0,62.4,0.14103,0.17628,1.89,1.46,-1.4600,-1.4600,0.00,0.00,-1.46,-1.4581,0.0019,full,sl,0
DS260914_XAMR30_V1_TRAIN,USDJPYm,889,888,2020.05.13 13:00:00,2020.05.13 13:30:00,2020.05.13 13:30:00,2020.05.13 13:30:00,2020.05.13 13:59:58,-2.92934,107.138,-0.184,0.063,0.089,0.070,0.101,2020.05.13 13:00,1712.150,1709.852,-0.001342,1,1,1,long,11.0,89.1,71.3,0.12340,0.15425,1.87,1.66,1.3300,1.3300,0.00,0.00,1.33,1.3267,0.0033,full,tp,0
DS260914_XAMR30_V1_TRAIN,USDJPYm,891,890,2020.05.14 11:30:00,2020.05.14 12:00:00,2020.05.14 12:00:00,2020.05.14 12:00:00,2020.05.14 12:29:58,1.50211,106.962,0.103,0.068,0.074,0.069,0.100,2020.05.14 11:30,1715.196,1715.845,0.000378,1,1,1,short,11.0,74.0,59.2,0.14865,0.18581,1.89,1.38,1.1000,1.1000,0.00,0.00,1.10,1.1027,0.0027,full,tp,0
DS260914_XAMR30_V1_TRAIN,USDJPYm,893,892,2020.05.14 23:30:00,2020.05.15 00:00:00,2020.05.15 00:00:00,2020.05.15 00:00:00,2020.05.15 00:29:57,1.68307,107.107,0.246,0.146,0.083,0.069,0.100,2020.05.14 23:30,1732.300,1732.716,0.000240,1,1,1,short,11.0,82.9,66.3,0.13276,0.16595,1.91,1.55,-1.5500,-1.5500,0.00,0.00,-1.55,-1.5451,0.0049,full,sl,0
DS260914_XAMR30_V1_TRAIN,USDJPYm,895,894,2020.05.18 14:00:00,2020.05.18 14:30:00,2020.05.18 14:30:00,2020.05.18 14:30:00,2020.05.18 15:29:58,2.08303,107.237,0.195,0.094,0.078,0.066,0.096,2020.05.18 14:00,1735.096,1742.433,0.004229,1,1,1,short,11.0,77.6,62.1,0.14167,0.17709,1.88,1.44,1.1600,1.1600,0.00,0.00,1.16,1.1549,0.0051,full,tp,0
DS260914_XAMR30_V1_TRAIN,USDJPYm,897,896,2020.05.19 01:30:00,2020.05.19 02:00:00,2020.05.19 02:00:00,2020.05.19 02:00:00,2020.05.19 03:29:58,1.51133,107.298,0.114,0.076,0.067,0.067,0.097,2020.05.19 01:30,1736.732,1739.761,0.001744,1,1,1,short,11.0,67.4,53.9,0.16314,0.20392,1.90,1.88,1.5100,1.5100,0.00,0.00,1.51,1.5090,0.0010,full,tp,0
DS260914_XAMR30_V1_TRAIN,USDJPYm,899,898,2020.05.20 14:30:00,2020.05.20 15:00:00,2020.05.20 15:00:00,2020.05.20 15:00:00,2020.05.20 15:29:58,-1.62929,107.649,-0.227,0.139,0.083,0.068,0.099,2020.05.20 14:30,1747.529,1747.034,-0.000283,1,1,1,long,11.0,82.8,66.2,0.13287,0.16609,1.92,1.55,-1.5500,-1.5500,0.00,0.00,-1.55,-1.5463,0.0037,full,sl,0
DS260914_XAMR30_V1_TRAIN,USDJPYm,901,900,2020.05.21 19:30:00,2020.05.21 20:00:00,2020.05.21 20:00:00,2020.05.21 20:00:00,2020.05.22 00:29:58,-1.54401,107.662,-0.106,0.069,0.081,0.068,0.099,2020.05.21 19:30,1726.241,1724.894,-0.000780,1,1,1,long,43.0,81.2,65.0,0.52946,0.66183,1.90,1.51,1.2100,1.2100,0.00,0.00,1.21,1.2077,0.0023,full,tp,0
DS260914_XAMR30_V1_TRAIN,USDJPYm,903,902,2020.05.22 04:00:00,2020.05.22 04:30:00,2020.05.22 04:30:00,2020.05.22 04:30:00,2020.05.22 07:29:57,-2.64667,107.626,-0.198,0.075,0.077,0.067,0.098,2020.05.22 04:00,1727.309,1726.137,-0.000679,1,1,1,long,11.0,77.4,61.9,0.14207,0.17758,1.92,1.44,-1.4300,-1.4300,0.00,0.00,-1.43,-1.4344,0.0044,full,sl,0
DS260914_XAMR30_V1_TRAIN,USDJPYm,905,904,2020.05.26 03:00:00,2020.05.26 03:30:00,2020.05.26 03:30:00,2020.05.26 03:30:00,2020.05.26 06:29:58,2.63429,107.717,0.108,0.041,0.062,0.062,0.090,2020.05.26 03:00,1733.677,1734.354,0.000390,1,1,1,short,11.0,62.1,49.7,0.17701,0.22126,1.90,1.73,-1.7200,-1.7200,0.00,0.00,-1.72,-1.7240,0.0040,full,sl,0
DS260914_XAMR30_V1_TRAIN,USDJPYm,907,906,2020.05.27 09:00:00,2020.05.27 09:30:00,2020.05.27 09:30:00,2020.05.27 09:30:00,2020.05.27 09:59:57,1.68054,107.562,0.104,0.062,0.070,0.060,0.089,2020.05.27 09:00,1705.358,1706.552,0.000700,1,1,1,short,11.0,70.1,56.1,0.15698,0.19623,1.87,1.30,-1.3000,-1.3000,0.00,0.00,-1.30,-1.2995,0.0005,full,sl,0
DS260914_XAMR30_V1_TRAIN,USDJPYm,909,908,2020.05.28 06:00:00,2020.05.28 06:30:00,2020.05.28 06:30:00,2020.05.28 06:30:00,2020.05.28 07:29:57,1.51046,107.743,0.106,0.070,0.066,0.060,0.088,2020.05.28 06:00,1718.502,1719.107,0.000352,1,1,1,short,11.0,65.7,52.6,0.16739,0.20924,1.85,1.83,1.4800,1.4800,0.00,0.00,1.48,1.4750,0.0050,full,tp,0
DS260914_XAMR30_V1_TRAIN,USDJPYm,911,910,2020.05.29 00:30:00,2020.05.29 01:00:00,2020.05.29 01:00:00,2020.05.29 01:00:00,2020.05.29 01:59:58,-2.51579,107.677,-0.200,0.080,0.078,0.060,0.088,2020.05.29 00:30,1721.320,1718.646,-0.001553,1,1,1,long,11.0,77.9,62.3,0.14128,0.17661,1.87,1.45,-1.4500,-1.4500,0.00,0.00,-1.45,-1.4524,0.0024,full,sl,0
DS260914_XAMR30_V1_TRAIN,USDJPYm,913,912,2020.06.02 11:00:00,2020.06.02 11:30:00,2020.06.02 11:30:00,2020.06.02 11:30:00,2020.06.02 11:59:58,2.36953,107.673,0.153,0.065,0.067,0.060,0.089,2020.06.02 11:00,1739.921,1740.860,0.000540,1,1,1,short,11.0,66.7,53.4,0.16488,0.20610,1.85,1.24,-1.2400,-1.2400,0.00,0.00,-1.24,-1.2420,0.0020,full,sl,0
DS260914_XAMR30_V1_TRAIN,USDJPYm,915,914,2020.06.03 19:00:00,2020.06.03 19:30:00,2020.06.03 19:30:00,2020.06.03 19:30:00,2020.06.03 22:59:58,1.80866,108.661,0.245,0.135,0.093,0.060,0.093,2020.06.03 19:00,1696.964,1697.882,0.000541,1,1,1,short,11.0,92.6,74.1,0.11874,0.14842,1.83,1.71,-1.7100,-1.7100,0.00,0.00,-1.71,-1.7064,0.0036,full,sl,0
DS260914_XAMR30_V1_TRAIN,USDJPYm,917,916,2020.06.03 23:30:00,2020.06.04 00:00:00,2020.06.04 00:00:00,2020.06.04 00:00:00,2020.06.04 00:29:58,2.70361,108.747,0.248,0.092,0.061,0.060,0.093,2020.06.03 23:30,1699.006,1700.516,0.000889,1,1,1,short,11.0,61.4,49.1,0.17907,0.22384,1.81,1.69,1.3500,1.3500,0.00,0.00,1.35,1.3493,0.0007,full,tp,0
DS260914_XAMR30_V1_TRAIN,USDJPYm,919,918,2020.06.05 00:00:00,2020.06.05 00:30:00,2020.06.05 00:30:00,2020.06.05 00:30:00,2020.06.05 00:59:58,1.69795,108.994,0.180,0.106,0.082,0.061,0.096,2020.06.05 00:00,1712.410,1714.958,0.001488,1,1,1,short,11.0,82.1,65.7,0.13391,0.16739,1.83,1.51,1.2100,1.2100,0.00,0.00,1.21,1.2098,0.0002,full,tp,0
DS260914_XAMR30_V1_TRAIN,USDJPYm,921,920,2020.06.07 22:00:00,2020.06.07 22:30:00,2020.06.07 22:30:00,2020.06.07 22:30:00,2020.06.07 22:59:58,1.65848,109.435,0.216,0.130,0.079,0.061,0.100,2020.06.07 22:00,1680.835,1681.665,0.000494,1,1,1,short,43.0,79.2,63.4,0.54283,0.67854,1.85,1.45,1.1500,1.1500,0.00,0.00,1.15,1.1498,0.0002,full,tp,0
DS260914_XAMR30_V1_TRAIN,USDJPYm,923,922,2020.06.08 13:00:00,2020.06.08 13:30:00,2020.06.08 13:30:00,2020.06.08 13:30:00,2020.06.08 13:59:58,-1.68874,109.428,-0.310,0.184,0.096,0.062,0.100,2020.06.08 13:00,1691.215,1690.187,-0.000608,1,1,1,long,11.0,95.6,76.5,0.11501,0.14376,1.86,1.74,-1.7600,-1.7600,0.00,0.00,-1.76,-1.7609,0.0009,full,sl,0
DS260914_XAMR30_V1_TRAIN,USDJPYm,925,924,2020.06.09 20:30:00,2020.06.09 21:00:00,2020.06.09 21:00:00,2020.06.09 21:00:00,2020.06.09 23:00:00,-2.42463,108.020,-0.298,0.123,0.089,0.071,0.115,2020.06.09 20:30,1715.228,1714.277,-0.000554,1,1,1,long,43.0,89.4,71.5,0.48083,0.60104,1.84,1.64,1.3400,1.3400,0.00,0.00,1.34,1.3357,0.0043,full,tp,0
DS260914_XAMR30_V1_TRAIN,USDJPYm,927,926,2020.06.10 01:00:00,2020.06.10 01:30:00,2020.06.10 01:30:00,2020.06.10 01:30:00,2020.06.10 01:59:58,-1.69098,107.937,-0.245,0.145,0.074,0.071,0.115,2020.06.10 01:00,1716.245,1716.039,-0.000120,1,1,1,long,11.0,74.4,59.5,0.14779,0.18474,1.86,1.38,1.1100,1.1100,0.00,0.00,1.11,1.1136,0.0036,full,tp,0
DS260914_XAMR30_V1_TRAIN,USDJPYm,929,928,2020.06.11 01:30:00,2020.06.11 02:00:00,2020.06.11 02:00:00,2020.06.11 02:00:00,2020.06.11 04:59:58,-4.95155,107.267,-0.342,0.069,0.112,0.073,0.118,2020.06.11 01:30,1732.611,1732.007,-0.000349,1,1,1,long,11.0,112.2,89.8,0.09803,0.12253,1.87,1.04,0.8400,0.8400,0.00,0.00,0.84,0.8409,0.0009,full,tp,0
DS260914_XAMR30_V1_TRAIN,USDJPYm,931,930,2020.06.12 00:30:00,2020.06.12 01:00:00,2020.06.12 01:00:00,2020.06.12 01:00:00,2020.06.12 01:29:58,-2.18560,106.894,-0.230,0.105,0.099,0.079,0.121,2020.06.12 00:30,1727.649,1727.235,-0.000240,1,1,1,long,11.0,99.4,79.5,0.11063,0.13829,1.89,1.86,1.5000,1.5000,0.00,0.00,1.50,1.4988,0.0012,full,tp,0
DS260914_XAMR30_V1_TRAIN,USDJPYm,933,932,2020.06.16 03:00:00,2020.06.16 03:30:00,2020.06.16 03:30:00,2020.06.16 03:30:00,2020.06.16 03:59:58,2.42784,107.340,0.210,0.086,0.115,0.084,0.125,2020.06.16 03:00,1729.575,1730.020,0.000257,1,1,1,short,11.0,114.9,91.9,0.09571,0.11964,1.91,1.08,0.8600,0.8600,0.00,0.00,0.86,0.8562,0.0038,full,tp,0
DS260914_XAMR30_V1_TRAIN,USDJPYm,935,934,2020.06.18 00:00:00,2020.06.18 00:30:00,2020.06.18 00:30:00,2020.06.18 00:30:00,2020.06.18 00:59:58,-3.10886,107.169,-0.342,0.110,0.086,0.083,0.123,2020.06.18 00:00,1727.536,1726.891,-0.000373,1,1,1,long,11.0,86.0,68.8,0.12791,0.15988,1.92,1.60,-1.6100,-1.6100,0.00,0.00,-1.61,-1.6112,0.0012,full,sl,0
DS260914_XAMR30_V1_TRAIN,USDJPYm,937,936,2020.06.23 03:00:00,2020.06.23 03:30:00,2020.06.23 03:30:00,2020.06.23 03:30:00,2020.06.23 06:29:57,4.20392,106.921,0.253,0.060,0.097,0.072,0.120,2020.06.23 03:00,1750.365,1752.463,0.001199,1,1,1,short,11.0,97.1,77.7,0.11332,0.14165,1.90,1.82,1.4600,1.4600,0.00,0.00,1.46,1.4566,0.0034,full,tp,0
DS260914_XAMR30_V1_TRAIN,USDJPYm,939,938,2020.06.24 22:00:00,2020.06.24 22:30:00,2020.06.24 22:30:00,2020.06.24 22:30:00,2020.06.24 23:59:57,1.75934,106.785,0.299,0.170,0.077,0.069,0.113,2020.06.24 22:00,1759.892,1762.292,0.001364,1,1,1,short,43.0,77.4,61.9,0.55586,0.69483,1.92,1.45,1.1600,1.1600,0.00,0.00,1.16,1.1587,0.0013,full,tp,0
DS260914_XAMR30_V1_TRAIN,USDJPYm,941,940,2020.06.25 00:00:00,2020.06.25 00:30:00,2020.06.25 00:30:00,2020.06.25 00:30:00,2020.06.25 02:59:58,1.61017,106.824,0.254,0.158,0.075,0.069,0.113,2020.06.25 00:00,1762.071,1762.748,0.000384,1,1,1,short,11.0,74.9,59.9,0.14681,0.18351,1.94,1.40,-1.4000,-1.4000,0.00,0.00,-1.40,-1.3999,0.0001,full,sl,0
DS260914_XAMR30_V1_TRAIN,USDJPYm,943,942,2020.06.26 10:30:00,2020.06.26 11:00:00,2020.06.26 11:00:00,2020.06.26 11:00:00,2020.06.26 11:29:57,-1.64511,107.073,-0.198,0.120,0.065,0.064,0.107,2020.06.26 10:30,1762.862,1762.145,-0.000407,1,1,1,long,11.0,65.4,52.3,0.16812,0.21015,1.92,1.83,-1.8300,-1.8300,0.00,0.00,-1.83,-1.8255,0.0045,full,sl,0
DS260914_XAMR30_V1_TRAIN,USDJPYm,945,944,2020.06.29 12:30:00,2020.06.29 13:00:00,2020.06.29 13:00:00,2020.06.29 13:00:00,2020.06.29 13:29:58,2.51477,107.174,0.154,0.061,0.065,0.063,0.099,2020.06.29 12:30,1768.493,1768.853,0.000204,1,1,1,short,11.0,64.5,51.6,0.17054,0.21318,1.89,1.82,-1.8100,-1.8100,0.00,0.00,-1.81,-1.8158,0.0058,full,sl,0
DS260914_XAMR30_V1_TRAIN,USDJPYm,947,946,2020.06.30 01:00:00,2020.06.30 01:30:00,2020.06.30 01:30:00,2020.06.30 01:30:00,2020.06.30 06:59:58,1.65605,107.469,0.265,0.160,0.078,0.063,0.097,2020.06.30 01:00,1769.281,1769.774,0.000279,1,1,1,short,11.0,77.9,62.3,0.14115,0.17644,1.86,1.45,1.1500,1.1500,0.00,0.00,1.15,1.1517,0.0017,full,tp,0
DS260914_XAMR30_V1_TRAIN,USDJPYm,949,948,2020.07.01 08:00:00,2020.07.01 08:30:00,2020.07.01 08:30:00,2020.07.01 08:30:00,2020.07.01 12:29:58,-1.64131,107.738,-0.229,0.139,0.080,0.062,0.094,2020.07.01 08:00,1787.818,1787.064,-0.000422,1,1,1,long,11.0,79.9,63.9,0.13762,0.17203,1.88,1.49,-1.4900,-1.4900,0.00,0.00,-1.49,-1.4892,0.0008,full,sl,0
DS260914_XAMR30_V1_TRAIN,USDJPYm,951,950,2020.07.02 13:00:00,2020.07.02 13:30:00,2020.07.02 13:30:00,2020.07.02 13:30:00,2020.07.02 13:59:58,1.84305,107.495,0.123,0.067,0.076,0.061,0.095,2020.07.02 13:00,1760.313,1767.596,0.004137,1,1,1,short,11.0,75.6,60.5,0.14542,0.18178,1.86,1.41,1.1300,1.1300,0.00,0.00,1.13,1.1343,0.0043,full,tp,0
DS260914_XAMR30_V1_TRAIN,USDJPYm,953,952,2020.07.06 00:00:00,2020.07.06 00:30:00,2020.07.06 00:30:00,2020.07.06 00:30:00,2020.07.06 00:59:58,3.43233,107.509,0.092,0.027,0.057,0.056,0.092,2020.07.06 00:00,1775.252,1775.966,0.000402,1,1,1,short,11.0,57.3,45.8,0.19202,0.24002,1.87,1.60,-1.5900,-1.5900,0.00,0.00,-1.59,-1.5884,0.0016,full,sl,0
DS260914_XAMR30_V1_TRAIN,USDJPYm,955,954,2020.07.07 08:30:00,2020.07.07 09:00:00,2020.07.07 09:00:00,2020.07.07 09:00:00,2020.07.07 09:29:58,2.27113,107.466,0.215,0.095,0.058,0.055,0.092,2020.07.07 08:30,1777.610,1778.155,0.000307,1,1,1,short,11.0,58.4,46.7,0.18826,0.23533,1.85,1.63,-1.6100,-1.6100,0.00,0.00,-1.61,-1.6150,0.0050,full,sl,0
DS260914_XAMR30_V1_TRAIN,USDJPYm,957,956,2020.07.08 17:00:00,2020.07.08 17:30:00,2020.07.08 17:30:00,2020.07.08 17:30:00,2020.07.08 17:59:58,-2.73793,107.505,-0.197,0.072,0.070,0.053,0.087,2020.07.08 17:00,1812.457,1810.789,-0.000920,1,1,1,long,11.0,69.6,55.7,0.15811,0.19764,1.83,1.29,-1.3100,-1.3100,0.00,0.00,-1.31,-1.3054,0.0046,full,sl,0
DS260914_XAMR30_V1_TRAIN,USDJPYm,959,958,2020.07.09 00:00:00,2020.07.09 00:30:00,2020.07.09 00:30:00,2020.07.09 00:30:00,2020.07.09 00:59:58,-1.70621,107.391,-0.190,0.111,0.056,0.053,0.085,2020.07.09 00:00,1809.051,1808.128,-0.000510,1,1,1,long,11.0,55.6,44.5,0.19794,0.24743,1.81,1.56,1.2300,1.2300,0.00,0.00,1.23,1.2307,0.0007,full,tp,0
DS260914_XAMR30_V1_TRAIN,USDJPYm,961,960,2020.07.10 00:00:00,2020.07.10 00:30:00,2020.07.10 00:30:00,2020.07.10 00:30:00,2020.07.10 00:59:58,-1.78707,107.247,-0.079,0.044,0.054,0.052,0.083,2020.07.10 00:00,1803.829,1801.999,-0.001015,1,1,1,long,11.0,54.1,43.3,0.20343,0.25429,1.82,1.51,-1.5100,-1.5100,0.00,0.00,-1.51,-1.5123,0.0023,full,sl,0
DS260914_XAMR30_V1_TRAIN,USDJPYm,963,962,2020.07.13 13:00:00,2020.07.13 13:30:00,2020.07.13 13:30:00,2020.07.13 13:30:00,2020.07.13 13:59:58,2.05050,106.977,0.236,0.115,0.052,0.052,0.074,2020.07.13 13:00,1807.434,1812.179,0.002625,1,1,1,short,11.0,51.9,41.5,0.21183,0.26479,1.80,1.46,-1.4500,-1.4500,0.00,0.00,-1.45,-1.4543,0.0043,full,sl,0
DS260914_XAMR30_V1_TRAIN,USDJPYm,965,964,2020.07.14 06:00:00,2020.07.14 06:30:00,2020.07.14 06:30:00,2020.07.14 06:30:00,2020.07.14 09:29:58,1.70610,107.169,0.120,0.071,0.056,0.052,0.072,2020.07.14 06:00,1797.193,1801.011,0.002124,1,1,1,short,11.0,55.6,44.5,0.19769,0.24711,1.78,1.56,-1.5600,-1.5600,0.00,0.00,-1.56,-1.5650,0.0050,full,sl,0
DS260914_XAMR30_V1_TRAIN,USDJPYm,967,966,2020.07.15 08:30:00,2020.07.15 09:00:00,2020.07.15 09:00:00,2020.07.15 09:00:00,2020.07.15 11:29:58,-3.56867,107.202,-0.304,0.085,0.062,0.051,0.068,2020.07.15 08:30,1813.368,1812.517,-0.000469,1,1,1,long,11.0,61.9,49.5,0.17762,0.22203,1.76,1.73,1.4000,1.4000,0.00,0.00,1.40,1.4024,0.0024,full,tp,0
DS260914_XAMR30_V1_TRAIN,USDJPYm,969,968,2020.07.16 10:00:00,2020.07.16 10:30:00,2020.07.16 10:30:00,2020.07.16 10:30:00,2020.07.16 11:59:58,1.56499,106.985,0.181,0.116,0.062,0.050,0.065,2020.07.16 10:00,1804.753,1805.417,0.000368,1,1,1,short,11.0,61.9,49.5,0.17762,0.22203,1.78,1.74,1.4000,1.4000,0.00,0.00,1.40,1.4004,0.0004,full,tp,0
DS260914_XAMR30_V1_TRAIN,USDJPYm,971,970,2020.07.17 00:00:00,2020.07.17 00:30:00,2020.07.17 00:30:00,2020.07.17 00:30:00,2020.07.17 00:59:58,1.72478,107.157,0.172,0.100,0.062,0.050,0.066,2020.07.17 00:00,1798.282,1798.522,0.000133,1,1,1,short,11.0,62.4,49.9,0.17620,0.22025,1.80,1.75,1.4000,1.4000,0.00,0.00,1.40,1.3982,0.0018,full,tp,0
DS260914_XAMR30_V1_TRAIN,USDJPYm,973,972,2020.07.21 05:30:00,2020.07.21 06:00:00,2020.07.21 06:00:00,2020.07.21 06:00:00,2020.07.21 06:59:58,1.77923,107.220,0.107,0.060,0.057,0.052,0.068,2020.07.21 05:30,1818.458,1818.693,0.000129,1,1,1,short,11.0,57.1,45.7,0.19274,0.24093,1.82,1.59,1.2900,1.2900,0.00,0.00,1.29,1.2863,0.0037,full,tp,0
DS260914_XAMR30_V1_TRAIN,USDJPYm,975,974,2020.07.28 00:00:00,2020.07.28 00:30:00,2020.07.28 00:30:00,2020.07.28 00:30:00,2020.07.28 00:59:58,-1.66541,105.467,-0.224,0.134,0.079,0.054,0.088,2020.07.28 00:00,1964.873,1963.849,-0.000521,1,1,1,long,11.0,79.1,63.3,0.13899,0.17374,1.84,1.47,1.2000,1.2000,0.00,0.00,1.20,1.1964,0.0036,full,tp,0
DS260914_XAMR30_V1_TRAIN,USDJPYm,977,976,2020.07.29 07:30:00,2020.07.29 08:00:00,2020.07.29 08:00:00,2020.07.29 08:00:00,2020.07.29 08:59:57,-3.04415,105.121,-0.301,0.099,0.083,0.055,0.098,2020.07.29 07:30,1958.626,1957.305,-0.000674,1,1,1,long,11.0,82.6,66.1,0.13322,0.16652,1.86,1.57,1.2600,1.2600,0.00,0.00,1.26,1.2584,0.0016,full,tp,0
DS260914_XAMR30_V1_TRAIN,USDJPYm,979,978,2020.07.30 05:30:00,2020.07.30 06:00:00,2020.07.30 06:00:00,2020.07.30 06:00:00,2020.07.30 06:59:58,2.35999,105.049,0.221,0.093,0.084,0.056,0.103,2020.07.30 05:30,1956.635,1958.369,0.000886,1,1,1,short,11.0,83.7,67.0,0.13140,0.16425,1.88,1.59,1.2700,1.2700,0.00,0.00,1.27,1.2737,0.0037,full,tp,0
DS260914_XAMR30_V1_TRAIN,USDJPYm,981,980,2020.07.30 23:30:00,2020.07.31 00:00:00,2020.07.31 00:00:00,2020.07.31 00:00:00,2020.07.31 00:29:58,-1.76444,104.926,-0.242,0.137,0.084,0.058,0.106,2020.07.30 23:30,1957.410,1956.910,-0.000255,1,1,1,long,11.0,84.2,67.4,0.13062,0.16327,1.89,1.60,-1.6100,-1.6100,0.00,0.00,-1.61,-1.6059,0.0041,full,sl,0
DS260914_XAMR30_V1_TRAIN,USDJPYm,983,982,2020.08.04 16:00:00,2020.08.04 16:30:00,2020.08.04 16:30:00,2020.08.04 16:30:00,2020.08.04 19:29:57,-1.89009,105.982,-0.183,0.097,0.113,0.073,0.122,2020.08.04 16:00,1995.021,1994.672,-0.000175,1,1,1,long,11.0,112.7,90.2,0.09759,0.12199,1.87,1.08,-1.0700,-1.0700,0.00,0.00,-1.07,-1.0691,0.0009,full,sl,0
DS260914_XAMR30_V1_TRAIN,USDJPYm,985,984,2020.08.05 00:30:00,2020.08.05 01:00:00,2020.08.05 01:00:00,2020.08.05 01:00:00,2020.08.05 05:59:58,-1.74886,105.839,-0.252,0.144,0.095,0.074,0.122,2020.08.05 00:30,2023.112,2020.476,-0.001303,1,1,1,long,11.0,94.6,75.7,0.11631,0.14539,1.85,1.79,1.4400,1.4400,0.00,0.00,1.44,1.4384,0.0016,full,tp,0
DS260914_XAMR30_V1_TRAIN,USDJPYm,987,986,2020.08.06 16:00:00,2020.08.06 16:30:00,2020.08.06 16:30:00,2020.08.06 16:30:00,2020.08.06 18:29:59,-1.51364,105.540,-0.077,0.051,0.114,0.078,0.124,2020.08.06 16:00,2057.816,2057.373,-0.000215,1,1,1,long,11.0,114.0,91.2,0.09649,0.12061,1.88,1.08,0.8600,0.8600,0.00,0.00,0.86,0.8620,0.0020,full,tp,0
DS260914_XAMR30_V1_TRAIN,USDJPYm,989,988,2020.08.07 14:30:00,2020.08.07 15:00:00,2020.08.07 15:00:00,2020.08.07 15:00:00,2020.08.07 16:59:58,3.20738,105.621,0.250,0.078,0.122,0.078,0.124,2020.08.07 14:30,2028.194,2038.772,0.005215,1,1,1,short,11.0,122.0,97.6,0.09016,0.11270,1.89,1.16,-1.1500,-1.1500,0.00,0.00,-1.15,-1.1510,0.0010,full,sl,0
DS260914_XAMR30_V1_TRAIN,USDJPYm,991,990,2020.08.10 11:00:00,2020.08.10 11:30:00,2020.08.10 11:30:00,2020.08.10 11:30:00,2020.08.10 11:59:57,3.02070,105.856,0.322,0.107,0.078,0.075,0.124,2020.08.10 11:00,2029.304,2030.100,0.000392,1,1,1,short,11.0,77.6,62.1,0.14167,0.17709,1.87,1.46,1.1700,1.1700,0.00,0.00,1.17,1.1685,0.0015,full,tp,0
DS260914_XAMR30_V1_TRAIN,USDJPYm,993,992,2020.08.11 06:30:00,2020.08.11 07:00:00,2020.08.11 07:00:00,2020.08.11 07:00:00,2020.08.11 07:29:58,1.89001,105.982,0.182,0.096,0.078,0.074,0.123,2020.08.11 06:30,1992.837,1999.596,0.003392,1,1,1,short,11.0,78.5,62.8,0.14013,0.17516,1.89,1.48,-1.4900,-1.4900,0.00,0.00,-1.49,-1.4872,0.0028,full,sl,0
DS260914_XAMR30_V1_TRAIN,USDJPYm,995,994,2020.08.12 00:00:00,2020.08.12 00:30:00,2020.08.12 00:30:00,2020.08.12 00:30:00,2020.08.12 00:59:58,2.18682,106.316,0.289,0.132,0.082,0.073,0.122,2020.08.12 00:00,1908.997,1923.538,0.007617,1,1,1,short,11.0,81.6,65.3,0.13473,0.16842,1.87,1.53,1.2200,1.2200,0.00,0.00,1.22,1.2202,0.0002,full,tp,0
DS260914_XAMR30_V1_TRAIN,USDJPYm,997,996,2020.08.13 11:00:00,2020.08.13 11:30:00,2020.08.13 11:30:00,2020.08.13 11:30:00,2020.08.13 13:59:58,1.58595,106.751,0.182,0.115,0.095,0.072,0.117,2020.08.13 11:00,1933.152,1934.005,0.000441,1,1,1,short,11.0,94.9,75.9,0.11588,0.14485,1.89,1.78,1.4200,1.4200,0.00,0.00,1.42,1.4225,0.0025,full,tp,0
DS260914_XAMR30_V1_TRAIN,USDJPYm,999,998,2020.08.14 12:30:00,2020.08.14 13:00:00,2020.08.14 13:00:00,2020.08.14 13:00:00,2020.08.14 13:59:58,-2.30019,106.803,-0.239,0.104,0.076,0.069,0.115,2020.08.14 12:30,1945.922,1945.643,-0.000143,1,1,1,long,11.0,75.7,60.6,0.14528,0.18160,1.91,1.41,-1.4300,-1.4300,0.00,0.00,-1.43,-1.4273,0.0027,full,sl,0
DS260914_XAMR30_V1_TRAIN,USDJPYm,1001,1000,2020.08.17 09:30:00,2020.08.17 10:00:00,2020.08.17 10:00:00,2020.08.17 10:00:00,2020.08.17 11:59:58,-3.05102,106.562,-0.210,0.069,0.068,0.068,0.104,2020.08.17 09:30,1951.766,1951.262,-0.000258,1,1,1,long,11.0,68.4,54.7,0.16092,0.20115,1.88,1.29,-1.2800,-1.2800,0.00,0.00,-1.28,-1.2795,0.0005,full,sl,0
DS260914_XAMR30_V1_TRAIN,USDJPYm,1003,1002,2020.08.18 02:30:00,2020.08.18 03:00:00,2020.08.18 03:00:00,2020.08.18 03:00:00,2020.08.18 03:29:58,-3.66331,106.101,-0.458,0.125,0.081,0.066,0.098,2020.08.18 02:30,1993.880,1991.988,-0.000949,1,1,1,long,11.0,80.5,64.4,0.13665,0.17081,1.87,1.52,-1.5200,-1.5200,0.00,0.00,-1.52,-1.5155,0.0045,full,sl,0
DS260914_XAMR30_V1_TRAIN,USDJPYm,1005,1004,2020.08.19 00:00:00,2020.08.19 00:30:00,2020.08.19 00:30:00,2020.08.19 00:30:00,2020.08.19 00:59:58,-3.55271,105.529,-0.307,0.086,0.067,0.066,0.098,2020.08.19 00:00,2005.155,2001.500,-0.001823,1,1,1,long,11.0,67.4,53.9,0.16314,0.20392,1.84,1.28,-1.2700,-1.2700,0.00,0.00,-1.27,-1.2742,0.0042,full,sl,0
DS260914_XAMR30_V1_TRAIN,USDJPYm,1007,1006,2020.08.24 15:30:00,2020.08.24 16:00:00,2020.08.24 16:00:00,2020.08.24 16:00:00,2020.08.24 18:29:58,1.69979,105.801,0.096,0.056,0.074,0.066,0.097,2020.08.24 15:30,1928.794,1930.156,0.000706,1,1,1,short,11.0,74.1,59.3,0.14851,0.18563,1.82,1.41,-1.4000,-1.4000,0.00,0.00,-1.40,-1.3966,0.0034,full,sl,0
DS260914_XAMR30_V1_TRAIN,USDJPYm,1009,1008,2020.08.25 10:00:00,2020.08.25 10:30:00,2020.08.25 10:30:00,2020.08.25 10:30:00,2020.08.25 10:59:58,3.96703,106.018,0.394,0.099,0.070,0.065,0.096,2020.08.25 10:00,1923.508,1926.154,0.001376,1,1,1,short,11.0,69.9,55.9,0.15730,0.19663,1.80,1.32,-1.3100,-1.3100,0.00,0.00,-1.31,-1.3148,0.0048,full,sl,0
DS260914_XAMR30_V1_TRAIN,USDJPYm,1011,1010,2020.08.26 01:30:00,2020.08.26 02:00:00,2020.08.26 02:00:00,2020.08.26 02:00:00,2020.08.26 02:29:58,1.72796,106.302,0.208,0.120,0.069,0.065,0.097,2020.08.26 01:30,1927.366,1929.128,0.000914,1,1,1,short,11.0,68.9,55.1,0.15975,0.19969,1.78,1.30,1.0300,1.0300,0.00,0.00,1.03,1.0333,0.0033,full,tp,0
DS260914_XAMR30_V1_TRAIN,USDJPYm,1013,1012,2020.08.27 00:00:00,2020.08.27 00:30:00,2020.08.27 00:30:00,2020.08.27 00:30:00,2020.08.27 00:59:58,-1.78693,106.111,-0.274,0.153,0.069,0.065,0.096,2020.08.27 00:00,1953.414,1951.150,-0.001159,1,1,1,long,11.0,68.5,54.8,0.16058,0.20073,1.80,1.29,1.0400,1.0400,0.00,0.00,1.04,1.0387,0.0013,full,tp,0
DS260914_XAMR30_V1_TRAIN,USDJPYm,1015,1014,2020.08.28 00:00:00,2020.08.28 00:30:00,2020.08.28 00:30:00,2020.08.28 00:30:00,2020.08.28 00:59:58,1.67935,106.353,0.361,0.215,0.075,0.065,0.097,2020.08.28 00:00,1927.921,1928.152,0.000120,1,1,1,short,11.0,74.7,59.8,0.14723,0.18403,1.81,1.41,1.1300,1.1300,0.00,0.00,1.13,1.1251,0.0049,full,tp,0
DS260914_XAMR30_V1_TRAIN,USDJPYm,1017,1016,2020.09.02 08:00:00,2020.09.02 08:30:00,2020.09.02 08:30:00,2020.09.02 08:30:00,2020.09.02 09:59:59,3.21324,105.968,0.222,0.069,0.079,0.069,0.113,2020.09.02 08:00,1961.872,1965.276,0.001735,1,1,1,short,11.0,79.4,63.5,0.13849,0.17311,1.83,1.49,1.2100,1.2100,0.00,0.00,1.21,1.2061,0.0039,full,tp,0
DS260914_XAMR30_V1_TRAIN,USDJPYm,1019,1018,2020.09.03 11:30:00,2020.09.03 12:00:00,2020.09.03 12:00:00,2020.09.03 12:00:00,2020.09.03 12:29:58,3.94511,106.237,0.217,0.055,0.070,0.066,0.107,2020.09.03 11:30,1928.205,1934.622,0.003328,1,1,1,short,11.0,69.8,55.8,0.15763,0.19703,1.85,1.32,-1.3100,-1.3100,0.00,0.00,-1.31,-1.3143,0.0043,full,sl,0
DS260914_XAMR30_V1_TRAIN,USDJPYm,1021,1020,2020.09.08 12:30:00,2020.09.08 13:00:00,2020.09.08 13:00:00,2020.09.08 13:00:00,2020.09.08 13:59:58,-6.79750,106.250,-0.266,0.039,0.082,0.059,0.105,2020.09.08 12:30,1918.312,1913.984,-0.002256,1,1,1,long,11.0,81.5,65.2,0.13497,0.16871,1.83,1.53,-1.5300,-1.5300,0.00,0.00,-1.53,-1.5296,0.0004,full,sl,0
DS260914_XAMR30_V1_TRAIN,USDJPYm,1023,1022,2020.09.09 00:00:00,2020.09.09 00:30:00,2020.09.09 00:30:00,2020.09.09 00:30:00,2020.09.09 00:59:58,-1.59124,106.077,-0.178,0.112,0.082,0.060,0.106,2020.09.09 00:00,1930.198,1929.673,-0.000272,1,1,1,long,11.0,82.4,65.9,0.13356,0.16696,1.81,1.56,1.2500,1.2500,0.00,0.00,1.25,1.2456,0.0044,full,tp,0
DS260914_XAMR30_V1_TRAIN,USDJPYm,1025,1024,2020.09.14 04:00:00,2020.09.14 04:30:00,2020.09.14 04:30:00,2020.09.14 04:30:00,2020.09.14 04:59:58,-1.75040,106.123,-0.072,0.041,0.053,0.051,0.092,2020.09.14 04:00,1949.060,1948.149,-0.000467,1,1,1,long,11.0,52.6,42.1,0.20896,0.26119,1.83,1.49,-1.5000,-1.5000,0.00,0.00,-1.50,-1.4999,0.0001,full,sl,0
DS260914_XAMR30_V1_TRAIN,USDJPYm,1027,1026,2020.09.15 11:00:00,2020.09.15 11:30:00,2020.09.15 11:30:00,2020.09.15 11:30:00,2020.09.15 12:29:57,-2.39688,105.733,-0.231,0.096,0.073,0.050,0.083,2020.09.15 11:00,1970.640,1967.461,-0.001613,1,1,1,long,11.0,72.6,58.1,0.15157,0.18947,1.80,1.37,-1.3900,-1.3900,0.00,0.00,-1.39,-1.3847,0.0053,full,sl,0
DS260914_XAMR30_V1_TRAIN,USDJPYm,1029,1028,2020.09.15 23:30:00,2020.09.16 00:00:00,2020.09.16 00:00:00,2020.09.16 00:00:00,2020.09.16 00:29:58,-1.82043,105.533,-0.137,0.075,0.062,0.050,0.081,2020.09.15 23:30,1954.607,1953.851,-0.000387,1,1,1,long,11.0,62.1,49.7,0.17722,0.22152,1.78,1.76,-1.7700,-1.7700,0.00,0.00,-1.77,-1.7656,0.0044,full,sl,0
DS260914_XAMR30_V1_TRAIN,USDJPYm,1031,1030,2020.09.18 09:00:00,2020.09.18 09:30:00,2020.09.18 09:30:00,2020.09.18 09:30:00,2020.09.18 09:59:58,-2.59775,104.743,-0.298,0.115,0.071,0.051,0.085,2020.09.18 09:00,1955.319,1954.482,-0.000428,1,1,1,long,11.0,71.1,56.9,0.15462,0.19327,1.76,1.35,-1.3600,-1.3600,0.00,0.00,-1.36,-1.3603,0.0003,full,sl,0
DS260914_XAMR30_V1_TRAIN,USDJPYm,1033,1032,2020.09.21 02:30:00,2020.09.21 03:00:00,2020.09.21 03:00:00,2020.09.21 03:00:00,2020.09.21 07:29:58,-1.57305,104.515,-0.193,0.122,0.074,0.051,0.086,2020.09.21 02:30,1953.329,1952.419,-0.000466,1,1,1,long,11.0,73.8,59.0,0.14908,0.18635,1.74,1.42,-1.4200,-1.4200,0.00,0.00,-1.42,-1.4195,0.0005,full,sl,0
DS260914_XAMR30_V1_TRAIN,USDJPYm,1035,1034,2020.09.22 23:30:00,2020.09.23 00:00:00,2020.09.23 00:00:00,2020.09.23 00:00:00,2020.09.23 00:59:58,1.91516,104.782,0.270,0.141,0.072,0.055,0.094,2020.09.22 23:30,1901.021,1904.223,0.001684,1,1,1,short,11.0,72.4,57.9,0.15187,0.18984,1.71,1.39,-1.3700,-1.3700,0.00,0.00,-1.37,-1.3698,0.0002,full,sl,0
DS260914_XAMR30_V1_TRAIN,USDJPYm,1037,1036,2020.09.24 00:00:00,2020.09.24 00:30:00,2020.09.24 00:30:00,2020.09.24 00:30:00,2020.09.24 01:29:58,2.58167,105.199,0.233,0.090,0.080,0.056,0.092,2020.09.24 00:00,1854.816,1860.326,0.002971,1,1,1,short,11.0,80.4,64.3,0.13677,0.17096,1.69,1.53,1.2100,1.2100,0.00,0.00,1.21,1.2148,0.0048,full,tp,0
DS260914_XAMR30_V1_TRAIN,USDJPYm,1039,1038,2020.09.25 12:30:00,2020.09.25 13:00:00,2020.09.25 13:00:00,2020.09.25 13:00:00,2020.09.25 13:59:58,1.50191,105.407,0.088,0.059,0.062,0.058,0.092,2020.09.25 12:30,1858.555,1860.583,0.001091,1,1,1,short,11.0,61.9,49.5,0.17783,0.22229,1.71,1.18,-1.1700,-1.1700,0.00,0.00,-1.17,-1.1747,0.0047,full,sl,0
DS260914_XAMR30_V1_TRAIN,USDJPYm,1041,1040,2020.09.28 00:30:00,2020.09.28 01:00:00,2020.09.28 01:00:00,2020.09.28 01:00:00,2020.09.28 01:59:57,-1.61066,105.507,-0.120,0.075,0.077,0.061,0.092,2020.09.28 00:30,1861.695,1859.520,-0.001168,1,1,1,long,11.0,77.2,61.8,0.14246,0.17808,1.69,1.46,1.1800,1.1800,0.00,0.00,1.18,1.1758,0.0042,full,tp,0
DS260914_XAMR30_V1_TRAIN,USDJPYm,1043,1042,2020.09.29 06:00:00,2020.09.29 06:30:00,2020.09.29 06:30:00,2020.09.29 06:30:00,2020.09.29 06:59:58,1.85044,105.486,0.139,0.075,0.063,0.062,0.091,2020.09.29 06:00,1878.495,1880.718,0.001183,1,1,1,short,11.0,63.1,50.5,0.17441,0.21801,1.71,1.19,-1.1900,-1.1900,0.00,0.00,-1.19,-1.1922,0.0022,full,sl,0
DS260914_XAMR30_V1_TRAIN,USDJPYm,1045,1044,2020.09.30 04:00:00,2020.09.30 04:30:00,2020.09.30 04:30:00,2020.09.30 04:30:00,2020.09.30 05:29:58,-1.62221,105.618,-0.073,0.045,0.068,0.062,0.091,2020.09.30 04:00,1889.174,1889.141,-0.000017,1,1,1,long,11.0,67.7,54.2,0.16245,0.20306,1.69,1.28,-1.2900,-1.2900,0.00,0.00,-1.29,-1.2893,0.0007,full,sl,0
DS260914_XAMR30_V1_TRAIN,USDJPYm,1047,1046,2020.10.05 16:00:00,2020.10.05 16:30:00,2020.10.05 16:30:00,2020.10.05 16:30:00,2020.10.05 16:59:57,2.57706,105.551,0.167,0.065,0.060,0.059,0.087,2020.10.05 16:00,1913.995,1914.702,0.000369,1,1,1,short,11.0,59.7,47.8,0.18421,0.23026,1.67,1.13,-1.1300,-1.1300,0.00,0.00,-1.13,-1.1345,0.0045,full,sl,0
DS260914_XAMR30_V1_TRAIN,USDJPYm,1049,1048,2020.10.07 09:30:00,2020.10.07 10:00:00,2020.10.07 10:00:00,2020.10.07 10:00:00,2020.10.07 12:29:58,4.18447,105.715,0.357,0.085,0.060,0.053,0.080,2020.10.07 09:30,1887.477,1888.211,0.000389,1,1,1,short,11.0,59.9,47.9,0.18377,0.22971,1.66,1.13,0.9100,0.9100,0.00,0.00,0.91,0.9054,0.0046,full,tp,0
DS260914_XAMR30_V1_TRAIN,USDJPYm,1051,1050,2020.10.09 02:00:00,2020.10.09 02:30:00,2020.10.09 02:30:00,2020.10.09 02:30:00,2020.10.09 03:29:58,-2.27282,105.961,-0.095,0.042,0.052,0.049,0.074,2020.10.09 02:00,1906.504,1905.401,-0.000579,1,1,1,long,11.0,51.8,41.4,0.21241,0.26552,1.67,1.46,-1.4700,-1.4700,0.00,0.00,-1.47,-1.4741,0.0041,full,sl,0
DS260914_XAMR30_V1_TRAIN,USDJPYm,1053,1052,2020.10.11 23:30:00,2020.10.12 00:00:00,2020.10.12 00:00:00,2020.10.12 00:00:00,2020.10.12 01:29:58,-1.78573,105.751,-0.132,0.074,0.071,0.048,0.073,2020.10.11 23:30,1931.176,1929.087,-0.001082,1,1,1,long,11.0,71.4,57.1,0.15400,0.19250,1.65,1.35,-1.3500,-1.3500,0.00,0.00,-1.35,-1.3452,0.0048,full,sl,0
DS260914_XAMR30_V1_TRAIN,USDJPYm,1055,1054,2020.10.14 11:30:00,2020.10.14 12:00:00,2020.10.14 12:00:00,2020.10.14 12:00:00,2020.10.14 12:29:58,-1.58921,105.430,-0.098,0.062,0.052,0.046,0.068,2020.10.14 11:30,1902.042,1900.273,-0.000930,1,1,1,long,11.0,52.5,42.0,0.20952,0.26190,1.63,1.49,-1.4800,-1.4800,0.00,0.00,-1.48,-1.4816,0.0016,full,sl,0
DS260914_XAMR30_V1_TRAIN,USDJPYm,1057,1056,2020.10.15 17:30:00,2020.10.15 18:00:00,2020.10.15 18:00:00,2020.10.15 18:00:00,2020.10.15 18:29:57,1.64369,105.278,0.152,0.092,0.060,0.046,0.065,2020.10.15 17:30,1904.395,1905.191,0.000418,1,1,1,short,11.0,60.1,48.1,0.18312,0.22889,1.61,1.14,-1.1400,-1.1400,0.00,0.00,-1.14,-1.1375,0.0025,full,sl,0
DS260914_XAMR30_V1_TRAIN,USDJPYm,1059,1058,2020.10.16 03:00:00,2020.10.16 03:30:00,2020.10.16 03:30:00,2020.10.16 03:30:00,2020.10.16 06:29:58,-1.66067,105.315,-0.096,0.058,0.059,0.046,0.064,2020.10.16 03:00,1908.344,1905.481,-0.001500,1,1,1,long,11.0,59.1,47.3,0.18622,0.23277,1.59,1.12,0.8900,0.8900,0.00,0.00,0.89,0.8929,0.0029,full,tp,0
DS260914_XAMR30_V1_TRAIN,USDJPYm,1061,1060,2020.10.19 00:00:00,2020.10.19 00:30:00,2020.10.19 00:30:00,2020.10.19 00:30:00,2020.10.19 00:59:58,1.66415,105.349,0.106,0.064,0.059,0.046,0.062,2020.10.19 00:00,1900.732,1900.765,0.000017,1,1,1,short,11.0,59.1,47.3,0.18599,0.23249,1.60,1.12,0.8900,0.8900,0.00,0.00,0.89,0.8918,0.0018,full,tp,0
DS260914_XAMR30_V1_TRAIN,USDJPYm,1063,1062,2020.10.20 00:30:00,2020.10.20 01:00:00,2020.10.20 01:00:00,2020.10.20 01:00:00,2020.10.20 02:29:57,3.17472,105.411,0.140,0.044,0.055,0.046,0.061,2020.10.20 00:30,1901.999,1903.346,0.000708,1,1,1,short,11.0,54.6,43.7,0.20157,0.25196,1.62,1.56,-1.5600,-1.5600,0.00,0.00,-1.56,-1.5624,0.0024,full,sl,0
DS260914_XAMR30_V1_TRAIN,USDJPYm,1065,1064,2020.10.21 01:00:00,2020.10.21 01:30:00,2020.10.21 01:30:00,2020.10.21 01:30:00,2020.10.21 03:59:57,-1.52331,105.491,-0.122,0.080,0.053,0.046,0.060,2020.10.21 01:00,1914.535,1914.482,-0.000028,1,1,1,long,11.0,52.7,42.2,0.20867,0.26084,1.59,1.50,-1.5100,-1.5100,0.00,0.00,-1.51,-1.5096,0.0004,full,sl,0
DS260914_XAMR30_V1_TRAIN,USDJPYm,1067,1066,2020.10.23 09:00:00,2020.10.23 09:30:00,2020.10.23 09:30:00,2020.10.23 09:30:00,2020.10.23 09:59:57,-1.72269,104.735,-0.146,0.084,0.053,0.048,0.065,2020.10.23 09:00,1910.932,1910.515,-0.000218,1,1,1,long,11.0,52.7,42.2,0.20867,0.26084,1.57,1.50,-1.5200,-1.5200,0.00,0.00,-1.52,-1.5208,0.0008,full,sl,0
DS260914_XAMR30_V1_TRAIN,USDJPYm,1069,1068,2020.10.26 03:30:00,2020.10.26 04:00:00,2020.10.26 04:00:00,2020.10.26 04:00:00,2020.10.26 04:59:57,1.78700,104.744,0.124,0.069,0.062,0.049,0.066,2020.10.26 03:30,1897.940,1898.278,0.000178,1,1,1,short,11.0,62.2,49.8,0.17681,0.22101,1.55,1.19,-1.1800,-1.1800,0.00,0.00,-1.18,-1.1818,0.0018,full,sl,0
DS260914_XAMR30_V1_TRAIN,USDJPYm,1071,1070,2020.10.27 09:00:00,2020.10.27 09:30:00,2020.10.27 09:30:00,2020.10.27 09:30:00,2020.10.27 09:59:57,-1.79589,104.790,-0.132,0.074,0.054,0.049,0.066,2020.10.27 09:00,1901.220,1899.687,-0.000806,1,1,1,long,11.0,54.3,43.4,0.20263,0.25329,1.53,1.04,-1.0300,-1.0300,0.00,0.00,-1.03,-1.0323,0.0023,full,sl,0
DS260914_XAMR30_V1_TRAIN,USDJPYm,1073,1072,2020.10.28 01:30:00,2020.10.28 02:00:00,2020.10.28 02:00:00,2020.10.28 02:00:00,2020.10.28 02:29:58,-2.06927,104.564,-0.146,0.071,0.057,0.049,0.067,2020.10.28 01:30,1906.832,1906.644,-0.000099,1,1,1,long,11.0,57.4,45.9,0.19178,0.23973,1.51,1.10,-1.0900,-1.0900,0.00,0.00,-1.09,-1.0922,0.0022,full,sl,0
DS260914_XAMR30_V1_TRAIN,USDJPYm,1075,1074,2020.10.29 08:30:00,2020.10.29 09:00:00,2020.10.29 09:00:00,2020.10.29 09:00:00,2020.10.29 09:29:58,-1.60421,104.352,-0.132,0.082,0.053,0.050,0.069,2020.10.29 08:30,1879.799,1877.521,-0.001212,1,1,1,long,11.0,53.1,42.5,0.20699,0.25874,1.50,1.02,-1.0200,-1.0200,0.00,0.00,-1.02,-1.0175,0.0025,full,sl,0
DS260914_XAMR30_V1_TRAIN,USDJPYm,1077,1076,2020.11.02 06:30:00,2020.11.02 07:00:00,2020.11.02 07:00:00,2020.11.02 07:00:00,2020.11.02 07:59:58,1.51798,104.604,0.139,0.091,0.060,0.051,0.077,2020.11.02 06:30,1883.749,1883.975,0.000120,1,1,1,short,11.0,60.2,48.2,0.18268,0.22835,1.48,1.15,-1.1400,-1.1400,0.00,0.00,-1.14,-1.1450,0.0050,full,sl,0
DS260914_XAMR30_V1_TRAIN,USDJPYm,1079,1078,2020.11.06 08:00:00,2020.11.06 08:30:00,2020.11.06 08:30:00,2020.11.06 08:30:00,2020.11.06 09:29:57,-1.68369,103.703,-0.230,0.136,0.099,0.054,0.100,2020.11.06 08:00,1947.705,1947.043,-0.000340,1,1,1,long,11.0,98.5,78.8,0.11168,0.13959,1.47,0.93,0.7600,0.7600,0.00,0.00,0.76,0.7628,0.0028,full,tp,0
DS260914_XAMR30_V1_TRAIN,USDJPYm,1081,1080,2020.11.11 08:00:00,2020.11.11 08:30:00,2020.11.11 08:30:00,2020.11.11 08:30:00,2020.11.11 08:59:58,1.73781,105.185,0.267,0.154,0.083,0.063,0.130,2020.11.11 08:00,1876.527,1877.038,0.000272,1,1,1,short,11.0,82.7,66.2,0.13299,0.16623,1.48,0.80,-0.7900,-0.7900,0.00,0.00,-0.79,-0.7865,0.0035,full,sl,0
DS260914_XAMR30_V1_TRAIN,USDJPYm,1083,1082,2020.11.12 15:30:00,2020.11.12 16:00:00,2020.11.12 16:00:00,2020.11.12 16:00:00,2020.11.12 17:59:58,-1.71338,105.306,-0.185,0.108,0.101,0.066,0.130,2020.11.12 15:30,1880.446,1878.890,-0.000827,1,1,1,long,11.0,100.8,80.6,0.10914,0.13643,1.47,0.96,0.7700,0.7700,0.00,0.00,0.77,0.7699,0.0001,full,tp,0
DS260914_XAMR30_V1_TRAIN,USDJPYm,1085,1084,2020.11.13 01:30:00,2020.11.13 02:00:00,2020.11.13 02:00:00,2020.11.13 02:00:00,2020.11.13 06:59:57,-3.51407,105.169,-0.257,0.073,0.072,0.067,0.130,2020.11.13 01:30,1880.952,1879.226,-0.000918,1,1,1,long,11.0,71.6,57.3,0.15354,0.19192,1.48,1.36,1.0900,1.0900,0.00,0.00,1.09,1.0859,0.0041,full,tp,0
DS260914_XAMR30_V1_TRAIN,USDJPYm,1087,1086,2020.11.16 02:30:00,2020.11.16 03:00:00,2020.11.16 03:00:00,2020.11.16 03:00:00,2020.11.16 07:59:58,-2.23091,104.753,-0.226,0.101,0.077,0.067,0.130,2020.11.16 02:30,1896.934,1895.269,-0.000878,1,1,1,long,11.0,77.1,61.7,0.14259,0.17824,1.49,1.47,-1.4700,-1.4700,0.00,0.00,-1.47,-1.4742,0.0042,full,sl,0
DS260914_XAMR30_V1_TRAIN,USDJPYm,1089,1088,2020.11.17 09:30:00,2020.11.17 10:00:00,2020.11.17 10:00:00,2020.11.17 10:00:00,2020.11.17 10:59:57,-1.85412,104.520,-0.230,0.124,0.069,0.067,0.139,2020.11.17 09:30,1891.326,1890.119,-0.000638,1,1,1,long,11.0,68.6,54.9,0.16025,0.20031,1.47,1.31,1.0500,1.0500,0.00,0.00,1.05,1.0541,0.0041,full,tp,0
DS260914_XAMR30_V1_TRAIN,USDJPYm,1091,1090,2020.11.18 09:30:00,2020.11.18 10:00:00,2020.11.18 10:00:00,2020.11.18 10:00:00,2020.11.18 10:29:58,-5.06650,104.126,-0.278,0.055,0.069,0.067,0.139,2020.11.18 09:30,1880.875,1879.357,-0.000807,1,1,1,long,11.0,68.9,55.1,0.15975,0.19969,1.49,1.32,-1.3300,-1.3300,0.00,0.00,-1.33,-1.3296,0.0004,full,sl,0
DS260914_XAMR30_V1_TRAIN,USDJPYm,1093,1092,2020.11.19 03:00:00,2020.11.19 03:30:00,2020.11.19 03:30:00,2020.11.19 03:30:00,2020.11.19 05:29:58,-1.60100,103.889,-0.126,0.079,0.072,0.066,0.121,2020.11.19 03:00,1870.830,1866.643,-0.002238,1,1,1,long,11.0,72.4,57.9,0.15187,0.18984,1.47,1.40,1.1200,1.1200,0.00,0.00,1.12,1.1172,0.0028,full,tp,0
DS260914_XAMR30_V1_TRAIN,USDJPYm,1095,1094,2020.11.27 02:00:00,2020.11.27 02:30:00,2020.11.27 02:30:00,2020.11.27 02:30:00,2020.11.27 03:29:58,-4.56658,104.241,-0.185,0.041,0.053,0.051,0.088,2020.11.27 02:00,1809.606,1809.144,-0.000255,1,1,1,long,11.0,53.4,42.7,0.20616,0.25770,1.48,1.03,-1.0200,-1.0200,0.00,0.00,-1.02,-1.0191,0.0009,full,sl,0
DS260914_XAMR30_V1_TRAIN,USDJPYm,1097,1096,2020.11.30 00:30:00,2020.11.30 01:00:00,2020.11.30 01:00:00,2020.11.30 01:00:00,2020.11.30 06:59:59,-2.31596,104.063,-0.191,0.083,0.068,0.050,0.084,2020.11.30 00:30,1783.110,1782.926,-0.000103,1,1,1,long,20.0,68.3,54.6,0.29289,0.36611,1.47,1.32,1.0600,1.0600,0.00,0.00,1.06,1.0582,0.0018,full,tp,0
DS260914_XAMR30_V1_TRAIN,USDJPYm,1099,1098,2020.12.01 03:00:00,2020.12.01 03:30:00,2020.12.01 03:30:00,2020.12.01 03:30:00,2020.12.01 06:29:57,1.56095,104.225,0.192,0.123,0.074,0.050,0.085,2020.12.01 03:00,1782.907,1785.230,0.001303,1,1,1,short,11.0,74.1,59.3,0.14836,0.18545,1.48,1.42,1.1300,1.1300,0.00,0.00,1.13,1.1307,0.0007,full,tp,0
DS260914_XAMR30_V1_TRAIN,USDJPYm,1101,1100,2020.12.02 07:00:00,2020.12.02 07:30:00,2020.12.02 07:30:00,2020.12.02 07:30:00,2020.12.02 07:59:58,1.94001,104.361,0.124,0.064,0.060,0.050,0.082,2020.12.02 07:00,1812.816,1812.930,0.000063,1,1,1,short,11.0,60.2,48.2,0.18268,0.22835,1.50,1.15,-1.1500,-1.1500,0.00,0.00,-1.15,-1.1478,0.0022,full,sl,0
DS260914_XAMR30_V1_TRAIN,USDJPYm,1103,1102,2020.12.03 12:00:00,2020.12.03 12:30:00,2020.12.03 12:30:00,2020.12.03 12:30:00,2020.12.03 12:59:58,-2.84669,104.398,-0.255,0.090,0.077,0.052,0.082,2020.12.03 12:00,1842.441,1842.406,-0.000019,1,1,1,long,11.0,76.7,61.4,0.14339,0.17924,1.48,1.46,-1.4800,-1.4800,0.00,0.00,-1.48,-1.4797,0.0003,full,sl,0
DS260914_XAMR30_V1_TRAIN,USDJPYm,1105,1104,2020.12.03 23:30:00,2020.12.04 00:00:00,2020.12.04 00:00:00,2020.12.04 00:00:00,2020.12.04 00:29:58,-1.56572,104.067,-0.255,0.163,0.069,0.052,0.083,2020.12.03 23:30,1841.048,1839.765,-0.000697,1,1,1,long,11.0,68.9,55.1,0.15959,0.19948,1.46,1.33,-1.3300,-1.3300,0.00,0.00,-1.33,-1.3299,0.0001,full,sl,0
DS260914_XAMR30_V1_TRAIN,USDJPYm,1107,1106,2020.12.07 09:00:00,2020.12.07 09:30:00,2020.12.07 09:30:00,2020.12.07 09:30:00,2020.12.07 10:29:58,2.63273,104.082,0.191,0.073,0.061,0.054,0.086,2020.12.07 09:00,1827.855,1830.995,0.001718,1,1,1,short,11.0,61.1,48.9,0.18012,0.22515,1.44,1.18,0.9400,0.9400,0.00,0.00,0.94,0.9403,0.0003,full,tp,0
DS260914_XAMR30_V1_TRAIN,USDJPYm,1109,1108,2020.12.08 12:30:00,2020.12.08 13:00:00,2020.12.08 13:00:00,2020.12.08 13:00:00,2020.12.08 13:29:58,1.86121,104.056,0.085,0.046,0.065,0.056,0.083,2020.12.08 12:30,1863.265,1865.593,0.001249,1,1,1,short,11.0,65.4,52.3,0.16831,0.21038,1.46,1.26,1.0000,1.0000,0.00,0.00,1.00,0.9991,0.0009,full,tp,0
DS260914_XAMR30_V1_TRAIN,USDJPYm,1111,1110,2020.12.09 15:00:00,2020.12.09 15:30:00,2020.12.09 15:30:00,2020.12.09 15:30:00,2020.12.09 16:59:58,2.18391,104.139,0.079,0.036,0.061,0.050,0.081,2020.12.09 15:00,1839.864,1841.674,0.000984,1,1,1,short,11.0,60.6,48.5,0.18139,0.22674,1.47,1.16,-1.1700,-1.1700,0.00,0.00,-1.17,-1.1699,0.0001,full,sl,0
DS260914_XAMR30_V1_TRAIN,USDJPYm,1113,1112,2020.12.10 02:00:00,2020.12.10 02:30:00,2020.12.10 02:30:00,2020.12.10 02:30:00,2020.12.10 02:59:58,2.34081,104.210,0.124,0.053,0.053,0.050,0.080,2020.12.10 02:00,1839.419,1841.371,0.001061,1,1,1,short,11.0,52.7,42.2,0.20867,0.26084,1.45,1.01,-1.0100,-1.0100,0.00,0.00,-1.01,-1.0155,0.0055,full,sl,0
DS260914_XAMR30_V1_TRAIN,USDJPYm,1115,1114,2020.12.11 00:30:00,2020.12.11 01:00:00,2020.12.11 01:00:00,2020.12.11 01:00:00,2020.12.11 01:29:58,-2.11890,104.274,-0.277,0.131,0.070,0.055,0.081,2020.12.11 00:30,1838.009,1837.169,-0.000457,1,1,1,long,11.0,69.6,55.7,0.15795,0.19744,1.44,1.33,-1.3500,-1.3500,0.00,0.00,-1.35,-1.3469,0.0031,full,sl,0
DS260914_XAMR30_V1_TRAIN,USDJPYm,1117,1116,2020.12.14 12:00:00,2020.12.14 12:30:00,2020.12.14 12:30:00,2020.12.14 12:30:00,2020.12.14 12:59:58,-2.36716,103.936,-0.191,0.081,0.061,0.056,0.081,2020.12.14 12:00,1827.321,1827.039,-0.000154,1,1,1,long,11.0,60.6,48.5,0.18160,0.22700,1.42,1.16,-1.1800,-1.1800,0.00,0.00,-1.18,-1.1765,0.0035,full,sl,0
DS260914_XAMR30_V1_TRAIN,USDJPYm,1119,1118,2020.12.15 14:00:00,2020.12.15 14:30:00,2020.12.15 14:30:00,2020.12.15 14:30:00,2020.12.15 14:59:58,-1.63915,103.985,-0.166,0.101,0.065,0.055,0.081,2020.12.15 14:00,1852.760,1849.033,-0.002012,1,1,1,long,11.0,65.1,52.1,0.16886,0.21107,1.40,1.25,-1.2500,-1.2500,0.00,0.00,-1.25,-1.2529,0.0029,full,sl,0
DS260914_XAMR30_V1_TRAIN,USDJPYm,1121,1120,2020.12.16 04:00:00,2020.12.16 04:30:00,2020.12.16 04:30:00,2020.12.16 04:30:00,2020.12.16 04:59:58,-2.08216,103.749,-0.249,0.120,0.058,0.054,0.080,2020.12.16 04:00,1857.481,1856.703,-0.000419,1,1,1,long,11.0,58.1,46.5,0.18942,0.23678,1.38,1.12,-1.1200,-1.1200,0.00,0.00,-1.12,-1.1213,0.0013,full,sl,0
DS260914_XAMR30_V1_TRAIN,USDJPYm,1123,1122,2020.12.17 06:30:00,2020.12.17 07:00:00,2020.12.17 07:00:00,2020.12.17 07:00:00,2020.12.17 07:29:58,-1.58029,103.443,-0.203,0.129,0.074,0.054,0.082,2020.12.17 06:30,1871.047,1869.164,-0.001006,1,1,1,long,11.0,74.4,59.5,0.14793,0.18492,1.36,0.72,-0.7200,-0.7200,0.00,0.00,-0.72,-0.7172,0.0028,full,sl,0
DS260914_XAMR30_V1_TRAIN,USDJPYm,1125,1124,2020.12.21 08:00:00,2020.12.21 08:30:00,2020.12.21 08:30:00,2020.12.21 08:30:00,2020.12.21 09:29:58,2.09973,103.382,0.166,0.079,0.080,0.055,0.082,2020.12.21 08:00,1894.150,1897.117,0.001566,1,1,1,short,11.0,80.1,64.1,0.13738,0.17172,1.35,0.78,-0.7700,-0.7700,0.00,0.00,-0.77,-0.7720,0.0020,full,sl,0
DS260914_XAMR30_V1_TRAIN,USDJPYm,1127,1126,2020.12.22 16:00:00,2020.12.22 16:30:00,2020.12.22 16:30:00,2020.12.22 16:30:00,2020.12.22 16:59:57,2.07712,103.439,0.182,0.088,0.076,0.055,0.085,2020.12.22 16:00,1861.644,1867.331,0.003055,1,1,1,short,11.0,76.0,60.8,0.14474,0.18092,1.34,0.73,-0.7300,-0.7300,0.00,0.00,-0.73,-0.7329,0.0029,full,sl,0
DS260914_XAMR30_V1_TRAIN,USDJPYm,1129,1128,2020.12.28 05:30:00,2020.12.28 06:00:00,2020.12.28 06:00:00,2020.12.28 06:00:00,2020.12.28 08:59:57,-2.04216,103.573,-0.124,0.061,0.063,0.054,0.085,2020.12.28 05:30,1894.727,1890.226,-0.002376,1,1,1,long,11.0,63.1,50.5,0.17421,0.21776,1.33,1.22,-1.2200,-1.2200,0.00,0.00,-1.22,-1.2186,0.0014,full,sl,0
DS260914_XAMR30_V1_TRAIN,USDJPYm,1131,1130,2020.12.29 16:30:00,2020.12.29 17:00:00,2020.12.29 17:00:00,2020.12.29 17:00:00,2020.12.29 17:59:58,-1.61504,103.651,-0.150,0.093,0.066,0.052,0.085,2020.12.29 16:30,1882.626,1880.710,-0.001018,1,1,1,long,11.0,65.6,52.5,0.16757,0.20947,1.31,1.27,1.0200,1.0200,0.00,0.00,1.02,1.0235,0.0035,full,tp,0
DS260914_XAMR30_V1_TRAIN,USDJPYm,1133,1132,2020.12.30 02:00:00,2020.12.30 02:30:00,2020.12.30 02:30:00,2020.12.30 02:30:00,2020.12.30 02:59:57,-3.55138,103.560,-0.202,0.057,0.065,0.052,0.084,2020.12.30 02:00,1882.990,1882.528,-0.000245,1,1,1,long,11.0,64.5,51.6,0.17054,0.21318,1.33,1.25,-1.2400,-1.2400,0.00,0.00,-1.24,-1.2390,0.0010,full,sl,0
DS260914_XAMR30_V1_TRAIN,USDJPYm,1135,1134,2020.12.31 10:00:00,2020.12.31 10:30:00,2020.12.31 10:30:00,2020.12.31 10:30:00,2020.12.31 11:59:57,-1.67715,103.180,-0.161,0.096,0.055,0.053,0.084,2020.12.31 10:00,1894.495,1892.621,-0.000989,1,1,1,long,11.0,55.5,44.4,0.19820,0.24775,1.31,1.07,0.8500,0.8500,0.00,0.00,0.85,0.8538,0.0038,full,tp,0
DS260914_XAMR30_V1_TRAIN,USDJPYm,1137,1136,2021.01.04 08:30:00,2021.01.04 09:00:00,2021.01.04 09:00:00,2021.01.04 09:00:00,2021.01.04 09:29:58,-2.70360,103.073,-0.273,0.101,0.067,0.054,0.081,2021.01.04 08:30,1934.816,1932.078,-0.001415,1,1,1,long,11.0,66.6,53.3,0.16524,0.20655,1.32,1.29,-1.3000,-1.3000,0.00,0.00,-1.30,-1.3042,0.0042,full,sl,0
DS260914_XAMR30_V1_TRAIN,USDJPYm,1139,1138,2021.01.05 10:00:00,2021.01.05 10:30:00,2021.01.05 10:30:00,2021.01.05 10:30:00,2021.01.05 10:59:58,-1.72721,103.004,-0.197,0.114,0.064,0.054,0.080,2021.01.05 10:00,1945.591,1944.800,-0.000407,1,1,1,long,11.0,64.1,51.3,0.17149,0.21437,1.30,1.25,0.9900,0.9900,0.00,0.00,0.99,0.9916,0.0016,full,tp,0
DS260914_XAMR30_V1_TRAIN,USDJPYm,1141,1140,2021.01.05 23:30:00,2021.01.06 00:00:00,2021.01.06 00:00:00,2021.01.06 00:00:00,2021.01.06 00:29:58,-1.62409,102.813,-0.147,0.091,0.058,0.054,0.079,2021.01.05 23:30,1951.456,1950.228,-0.000629,1,1,1,long,11.0,57.5,46.0,0.19130,0.23913,1.32,1.12,-1.1100,-1.1100,0.00,0.00,-1.11,-1.1107,0.0007,full,sl,0
DS260914_XAMR30_V1_TRAIN,USDJPYm,1143,1142,2021.01.07 09:00:00,2021.01.07 09:30:00,2021.01.07 09:30:00,2021.01.07 09:30:00,2021.01.07 09:59:58,2.36842,103.116,0.317,0.134,0.065,0.054,0.078,2021.01.07 09:00,1917.894,1920.424,0.001319,1,1,1,short,11.0,65.0,52.0,0.16923,0.21154,1.30,1.27,-1.2600,-1.2600,0.00,0.00,-1.26,-1.2561,0.0039,full,sl,0
DS260914_XAMR30_V1_TRAIN,USDJPYm,1145,1144,2021.01.08 02:00:00,2021.01.08 02:30:00,2021.01.08 02:30:00,2021.01.08 02:30:00,2021.01.08 03:29:57,1.58068,103.639,0.207,0.131,0.077,0.055,0.081,2021.01.08 02:00,1910.846,1911.297,0.000236,1,1,1,short,11.0,76.9,61.5,0.14312,0.17890,1.28,0.74,0.5900,0.5900,0.00,0.00,0.59,0.5878,0.0022,full,tp,0
DS260914_XAMR30_V1_TRAIN,USDJPYm,1147,1146,2021.01.11 05:00:00,2021.01.11 05:30:00,2021.01.11 05:30:00,2021.01.11 05:30:00,2021.01.11 06:29:58,2.61135,103.971,0.223,0.085,0.076,0.056,0.087,2021.01.11 05:00,1834.117,1834.599,0.000263,1,1,1,short,11.0,76.2,61.0,0.14433,0.18041,1.29,0.73,0.5900,0.5900,0.00,0.00,0.59,0.5858,0.0042,full,tp,0
DS260914_XAMR30_V1_TRAIN,USDJPYm,1149,1148,2021.01.12 02:00:00,2021.01.12 02:30:00,2021.01.12 02:30:00,2021.01.12 02:30:00,2021.01.12 06:29:57,1.72003,104.147,0.130,0.076,0.076,0.059,0.088,2021.01.12 02:00,1845.926,1848.438,0.001361,1,1,1,short,11.0,75.7,60.6,0.14528,0.18160,1.30,0.73,0.5900,0.5900,0.00,0.00,0.59,0.5853,0.0047,full,tp,0
DS260914_XAMR30_V1_TRAIN,USDJPYm,1151,1150,2021.01.13 00:00:00,2021.01.13 00:30:00,2021.01.13 00:30:00,2021.01.13 00:30:00,2021.01.13 00:59:58,-1.86944,104.010,-0.312,0.167,0.077,0.061,0.088,2021.01.13 00:00,1858.696,1858.599,-0.000052,1,1,1,long,11.0,77.2,61.8,0.14246,0.17808,1.31,0.74,-0.7400,-0.7400,0.00,0.00,-0.74,-0.7430,0.0030,full,sl,0
DS260914_XAMR30_V1_TRAIN,USDJPYm,1153,1152,2021.01.14 06:30:00,2021.01.14 07:00:00,2021.01.14 07:00:00,2021.01.14 07:00:00,2021.01.14 08:29:57,1.53188,103.915,0.131,0.086,0.085,0.062,0.091,2021.01.14 06:30,1840.486,1841.455,0.000526,1,1,1,short,11.0,84.7,67.8,0.12985,0.16231,1.30,0.82,0.6500,0.6500,0.00,0.00,0.65,0.6540,0.0040,full,tp,0
DS260914_XAMR30_V1_TRAIN,USDJPYm,1155,1154,2021.01.19 04:30:00,2021.01.19 05:00:00,2021.01.19 05:00:00,2021.01.19 05:00:00,2021.01.19 07:29:57,2.26704,103.785,0.214,0.095,0.070,0.060,0.091,2021.01.19 04:30,1837.082,1839.612,0.001377,1,1,1,short,11.0,70.4,56.3,0.15635,0.19543,1.31,0.67,-0.6700,-0.6700,0.00,0.00,-0.67,-0.6726,0.0026,full,sl,0
DS260914_XAMR30_V1_TRAIN,USDJPYm,1157,1156,2021.01.20 15:30:00,2021.01.20 16:00:00,2021.01.20 16:00:00,2021.01.20 16:00:00,2021.01.20 18:29:57,-5.19851,103.791,-0.245,0.047,0.073,0.057,0.091,2021.01.20 15:30,1867.254,1866.686,-0.000304,1,1,1,long,11.0,73.5,58.8,0.14966,0.18707,1.30,0.70,0.5700,0.5700,0.00,0.00,0.57,0.5694,0.0006,full,tp,0
DS260914_XAMR30_V1_TRAIN,USDJPYm,1159,1158,2021.01.21 04:30:00,2021.01.21 05:00:00,2021.01.21 05:00:00,2021.01.21 05:00:00,2021.01.21 05:29:58,-3.23392,103.619,-0.225,0.069,0.058,0.056,0.089,2021.01.21 04:30,1871.505,1870.952,-0.000295,1,1,1,long,11.0,58.5,46.8,0.18803,0.23504,1.31,1.13,-1.1200,-1.1200,0.00,0.00,-1.12,-1.1224,0.0024,full,sl,0
DS260914_XAMR30_V1_TRAIN,USDJPYm,1161,1160,2021.01.22 14:30:00,2021.01.22 15:00:00,2021.01.22 15:00:00,2021.01.22 15:00:00,2021.01.22 15:59:58,2.13730,103.625,0.152,0.071,0.053,0.052,0.083,2021.01.22 14:30,1843.807,1850.357,0.003552,1,1,1,short,11.0,53.5,42.8,0.20561,0.25701,1.29,1.04,-1.0400,-1.0400,0.00,0.00,-1.04,-1.0401,0.0001,full,sl,0
DS260914_XAMR30_V1_TRAIN,USDJPYm,1163,1162,2021.01.25 00:30:00,2021.01.25 01:00:00,2021.01.25 01:00:00,2021.01.25 01:00:00,2021.01.25 01:29:58,1.59165,103.720,0.087,0.055,0.053,0.051,0.081,2021.01.25 00:30,1856.991,1858.245,0.000675,1,1,1,short,11.0,52.7,42.2,0.20867,0.26084,1.27,1.01,-1.0200,-1.0200,0.00,0.00,-1.02,-1.0206,0.0006,full,sl,0
DS260914_XAMR30_V1_TRAIN,USDJPYm,1165,1164,2021.01.26 14:00:00,2021.01.26 14:30:00,2021.01.26 14:30:00,2021.01.26 14:30:00,2021.01.26 14:59:58,-2.40374,103.742,-0.099,0.041,0.049,0.046,0.076,2021.01.26 14:00,1857.038,1855.447,-0.000857,1,1,1,long,11.0,48.9,39.1,0.22482,0.28102,1.26,0.94,-0.9500,-0.9500,0.00,0.00,-0.95,-0.9459,0.0041,full,sl,0
DS260914_XAMR30_V1_TRAIN,USDJPYm,1167,1166,2021.01.27 13:00:00,2021.01.27 13:30:00,2021.01.27 13:30:00,2021.01.27 13:30:00,2021.01.27 13:59:57,2.40504,103.724,0.174,0.072,0.054,0.044,0.072,2021.01.27 13:00,1840.800,1843.329,0.001374,1,1,1,short,11.0,54.4,43.5,0.20237,0.25296,1.24,1.05,-1.0400,-1.0400,0.00,0.00,-1.04,-1.0389,0.0011,full,sl,0
DS260914_XAMR30_V1_TRAIN,USDJPYm,1169,1168,2021.01.28 04:00:00,2021.01.28 04:30:00,2021.01.28 04:30:00,2021.01.28 04:30:00,2021.01.28 05:59:58,2.20341,104.051,0.257,0.117,0.070,0.044,0.074,2021.01.28 04:00,1837.912,1838.557,0.000351,1,1,1,short,11.0,69.5,55.6,0.15827,0.19784,1.23,0.67,0.5400,0.5400,0.00,0.00,0.54,0.5372,0.0028,full,tp,0
DS260914_XAMR30_V1_TRAIN,USDJPYm,1171,1170,2021.01.29 01:00:00,2021.01.29 01:30:00,2021.01.29 01:30:00,2021.01.29 01:30:00,2021.01.29 02:29:58,2.56216,104.251,0.257,0.100,0.062,0.044,0.073,2021.01.29 01:00,1840.626,1842.566,0.001054,1,1,1,short,11.0,62.4,49.9,0.17620,0.22025,1.24,1.20,0.9600,0.9600,0.00,0.00,0.96,0.9573,0.0027,full,tp,0
DS260914_XAMR30_V1_TRAIN,USDJPYm,1173,1172,2021.02.01 08:30:00,2021.02.01 09:00:00,2021.02.01 09:00:00,2021.02.01 09:00:00,2021.02.01 09:59:57,1.97748,104.666,0.202,0.102,0.051,0.044,0.071,2021.02.01 08:30,1860.713,1862.578,0.001002,1,1,1,short,11.0,50.5,40.4,0.21782,0.27228,1.25,0.97,0.7600,0.7600,0.00,0.00,0.76,0.7631,0.0031,full,tp,0
DS260914_XAMR30_V1_TRAIN,USDJPYm,1175,1174,2021.02.02 05:00:00,2021.02.02 05:30:00,2021.02.02 05:30:00,2021.02.02 05:30:00,2021.02.02 05:59:58,2.10892,104.874,0.145,0.069,0.053,0.046,0.072,2021.02.02 05:00,1854.014,1854.932,0.000495,1,1,1,short,11.0,52.7,42.2,0.20867,0.26084,1.26,1.00,0.8000,0.8000,0.00,0.00,0.80,0.8002,0.0002,full,tp,0
DS260914_XAMR30_V1_TRAIN,USDJPYm,1177,1176,2021.02.04 06:00:00,2021.02.04 06:30:00,2021.02.04 06:30:00,2021.02.04 06:30:00,2021.02.04 07:29:58,3.17608,105.053,0.119,0.037,0.046,0.043,0.069,2021.02.04 06:00,1817.651,1821.148,0.001924,1,1,1,short,11.0,46.1,36.9,0.23839,0.29799,1.27,0.88,-0.8700,-0.8700,0.00,0.00,-0.87,-0.8744,0.0044,full,sl,0
DS260914_XAMR30_V1_TRAIN,USDJPYm,1179,1178,2021.02.04 23:30:00,2021.02.05 00:00:00,2021.02.05 00:00:00,2021.02.05 00:00:00,2021.02.05 00:29:57,2.53762,105.339,0.202,0.080,0.048,0.043,0.069,2021.02.04 23:30,1795.372,1795.793,0.000234,1,1,1,short,11.0,48.1,38.5,0.22849,0.28561,1.26,0.91,-0.9100,-0.9100,0.00,0.00,-0.91,-0.9089,0.0011,full,sl,0
DS260914_XAMR30_V1_TRAIN,USDJPYm,1181,1180,2021.02.09 03:00:00,2021.02.09 03:30:00,2021.02.09 03:30:00,2021.02.09 03:30:00,2021.02.09 04:29:58,-2.35952,105.269,-0.349,0.148,0.060,0.044,0.071,2021.02.09 03:00,1841.344,1840.841,-0.000273,1,1,1,long,11.0,59.5,47.6,0.18487,0.23109,1.25,1.13,-1.1300,-1.1300,0.00,0.00,-1.13,-1.1252,0.0048,full,sl,0
DS260914_XAMR30_V1_TRAIN,USDJPYm,1183,1182,2021.02.09 23:30:00,2021.02.10 00:00:00,2021.02.10 00:00:00,2021.02.10 00:00:00,2021.02.10 00:29:58,-2.29463,104.735,-0.172,0.075,0.049,0.047,0.074,2021.02.09 23:30,1838.772,1836.087,-0.001460,1,1,1,long,11.0,49.4,39.5,0.22254,0.27818,1.23,0.94,-0.9400,-0.9400,0.00,0.00,-0.94,-0.9374,0.0026,full,sl,0
DS260914_XAMR30_V1_TRAIN,USDJPYm,1185,1184,2021.02.12 08:30:00,2021.02.12 09:00:00,2021.02.12 09:00:00,2021.02.12 09:00:00,2021.02.12 09:29:58,6.44424,104.774,0.252,0.039,0.053,0.046,0.072,2021.02.12 08:30,1813.805,1816.947,0.001732,1,1,1,short,11.0,52.7,42.2,0.20867,0.26084,1.22,1.00,-1.0100,-1.0100,0.00,0.00,-1.01,-1.0088,0.0012,full,sl,0
DS260914_XAMR30_V1_TRAIN,USDJPYm,1187,1186,2021.02.15 00:00:00,2021.02.15 00:30:00,2021.02.15 00:30:00,2021.02.15 00:30:00,2021.02.15 01:59:58,2.18519,104.932,0.158,0.072,0.068,0.046,0.072,2021.02.15 00:00,1820.988,1822.405,0.000778,1,1,1,short,11.0,68.5,54.8,0.16058,0.20073,1.20,0.66,0.5200,0.5200,0.00,0.00,0.52,0.5236,0.0036,full,tp,0
DS260914_XAMR30_V1_TRAIN,USDJPYm,1189,1188,2021.02.16 00:00:00,2021.02.16 00:30:00,2021.02.16 00:30:00,2021.02.16 00:30:00,2021.02.16 00:59:57,2.24085,105.244,0.165,0.074,0.046,0.045,0.071,2021.02.16 00:00,1818.651,1820.937,0.001257,1,1,1,short,11.0,46.3,37.0,0.23765,0.29707,1.21,0.89,-0.8700,-0.8700,0.00,0.00,-0.87,-0.8724,0.0024,full,sl,0
DS260914_XAMR30_V1_TRAIN,USDJPYm,1191,1190,2021.02.18 20:00:00,2021.02.18 20:30:00,2021.02.18 20:30:00,2021.02.18 20:30:00,2021.02.19 00:29:58,-1.95181,105.759,-0.115,0.059,0.078,0.049,0.083,2021.02.18 20:00,1775.350,1774.600,-0.000422,1,1,1,long,11.0,77.7,62.2,0.14154,0.17693,1.20,0.74,0.5900,0.5900,0.00,0.00,0.59,0.5865,0.0035,full,tp,0
DS260914_XAMR30_V1_TRAIN,USDJPYm,1193,1192,2021.02.19 08:00:00,2021.02.19 08:30:00,2021.02.19 08:30:00,2021.02.19 08:30:00,2021.02.19 08:59:58,-3.53946,105.681,-0.165,0.047,0.066,0.049,0.083,2021.02.19 08:00,1773.891,1772.609,-0.000723,1,1,1,long,11.0,66.2,53.0,0.16613,0.20766,1.20,0.62,-0.6300,-0.6300,0.00,0.00,-0.63,-0.6258,0.0042,full,sl,0
DS260914_XAMR30_V1_TRAIN,USDJPYm,1195,1194,2021.02.22 07:30:00,2021.02.22 08:00:00,2021.02.22 08:00:00,2021.02.22 08:00:00,2021.02.22 08:29:57,1.66360,105.581,0.232,0.139,0.074,0.050,0.087,2021.02.22 07:30,1791.966,1794.540,0.001436,1,1,1,short,11.0,73.6,58.9,0.14937,0.18671,1.20,0.70,0.5600,0.5600,0.00,0.00,0.56,0.5579,0.0021,full,tp,0
DS260914_XAMR30_V1_TRAIN,USDJPYm,1197,1196,2021.02.24 02:00:00,2021.02.24 02:30:00,2021.02.24 02:30:00,2021.02.24 02:30:00,2021.02.24 02:59:58,1.57367,105.253,0.175,0.111,0.069,0.052,0.091,2021.02.24 02:00,1811.935,1812.678,0.000410,1,1,1,short,11.0,69.4,55.5,0.15860,0.19825,1.20,0.65,-0.6500,-0.6500,0.00,0.00,-0.65,-0.6540,0.0040,full,sl,0
DS260914_XAMR30_V1_TRAIN,USDJPYm,1199,1198,2021.02.25 01:00:00,2021.02.25 01:30:00,2021.02.25 01:30:00,2021.02.25 01:30:00,2021.02.25 02:29:58,3.04220,105.772,0.309,0.102,0.076,0.052,0.093,2021.02.25 01:00,1798.291,1801.602,0.001841,1,1,1,short,11.0,75.6,60.5,0.14556,0.18195,1.19,0.72,0.5700,0.5700,0.00,0.00,0.57,0.5659,0.0041,full,tp,0
DS260914_XAMR30_V1_TRAIN,USDJPYm,1201,1200,2021.02.26 20:00:00,2021.02.26 20:30:00,2021.02.26 20:30:00,2021.02.26 20:30:00,2021.02.28 23:59:58,1.55489,106.343,0.221,0.142,0.097,0.062,0.101,2021.02.26 20:00,1727.112,1729.366,0.001305,1,1,1,short,11.0,97.2,77.8,0.11315,0.14144,1.20,0.92,0.7300,0.7300,-0.12,0.00,0.61,0.7325,0.0025,full,tp,0
DS260914_XAMR30_V1_TRAIN,USDJPYm,1203,1202,2021.03.01 02:00:00,2021.03.01 02:30:00,2021.03.01 02:30:00,2021.03.01 02:30:00,2021.03.01 03:59:58,1.84296,106.424,0.251,0.136,0.096,0.062,0.101,2021.03.01 02:00,1745.010,1746.899,0.001083,1,1,1,short,11.0,96.4,77.1,0.11416,0.14270,1.21,0.90,0.7200,0.7200,0.00,0.00,0.72,0.7223,0.0023,full,tp,0
DS260914_XAMR30_V1_TRAIN,USDJPYm,1205,1204,2021.03.01 23:30:00,2021.03.02 00:00:00,2021.03.02 00:00:00,2021.03.02 00:00:00,2021.03.02 01:29:58,2.34014,106.666,0.148,0.063,0.068,0.064,0.101,2021.03.01 23:30,1723.762,1724.988,0.000711,1,1,1,short,11.0,68.1,54.5,0.16143,0.20178,1.22,0.64,-0.6400,-0.6400,0.00,0.00,-0.64,-0.6360,0.0040,full,sl,0
DS260914_XAMR30_V1_TRAIN,USDJPYm,1207,1206,2021.03.03 14:00:00,2021.03.03 14:30:00,2021.03.03 14:30:00,2021.03.03 14:30:00,2021.03.03 14:59:58,1.51807,106.847,0.109,0.072,0.068,0.062,0.099,2021.03.03 14:00,1712.322,1713.809,0.000868,1,1,1,short,11.0,68.2,54.6,0.16126,0.20157,1.21,0.64,-0.6400,-0.6400,0.00,0.00,-0.64,-0.6354,0.0046,full,sl,0
DS260914_XAMR30_V1_TRAIN,USDJPYm,1209,1208,2021.03.04 00:30:00,2021.03.04 01:00:00,2021.03.04 01:00:00,2021.03.04 01:00:00,2021.03.04 01:29:58,1.53611,106.926,0.067,0.043,0.063,0.062,0.098,2021.03.04 00:30,1712.100,1714.997,0.001692,1,1,1,short,11.0,63.0,50.4,0.17460,0.21825,1.20,1.18,-1.1800,-1.1800,0.00,0.00,-1.18,-1.1770,0.0030,full,sl,0
DS260914_XAMR30_V1_TRAIN,USDJPYm,1211,1210,2021.03.05 00:30:00,2021.03.05 01:00:00,2021.03.05 01:00:00,2021.03.05 01:00:00,2021.03.05 02:59:57,2.11559,107.546,0.331,0.157,0.080,0.061,0.099,2021.03.05 00:30,1692.567,1694.774,0.001304,1,1,1,short,11.0,80.4,64.3,0.13689,0.17111,1.19,0.75,-0.7400,-0.7400,0.00,0.00,-0.74,-0.7410,0.0010,full,sl,0
DS260914_XAMR30_V1_TRAIN,USDJPYm,1213,1212,2021.03.07 23:00:00,2021.03.07 23:30:00,2021.03.07 23:30:00,2021.03.07 23:30:00,2021.03.08 00:29:58,1.65640,108.186,0.247,0.149,0.080,0.064,0.102,2021.03.07 23:00,1706.301,1710.873,0.002679,1,1,1,short,43.0,79.9,63.9,0.53798,0.67248,1.17,0.74,0.5900,0.5900,0.00,0.00,0.59,0.5906,0.0006,full,tp,0
DS260914_XAMR30_V1_TRAIN,USDJPYm,1215,1214,2021.03.08 09:30:00,2021.03.08 10:00:00,2021.03.08 10:00:00,2021.03.08 10:00:00,2021.03.08 10:59:58,1.92026,108.330,0.230,0.120,0.065,0.064,0.100,2021.03.08 09:30,1690.051,1690.505,0.000269,1,1,1,short,11.0,65.4,52.3,0.16831,0.21038,1.18,0.60,0.4800,0.4800,0.00,0.00,0.48,0.4792,0.0008,full,tp,0
DS260914_XAMR30_V1_TRAIN,USDJPYm,1217,1216,2021.03.09 00:30:00,2021.03.09 01:00:00,2021.03.09 01:00:00,2021.03.09 01:00:00,2021.03.09 01:29:58,4.08062,108.701,0.362,0.089,0.070,0.062,0.098,2021.03.09 00:30,1682.565,1684.612,0.001217,1,1,1,short,11.0,69.6,55.7,0.15811,0.19764,1.19,0.65,-0.6400,-0.6400,0.00,0.00,-0.64,-0.6414,0.0014,full,sl,0
DS260914_XAMR30_V1_TRAIN,USDJPYm,1219,1218,2021.03.10 20:30:00,2021.03.10 21:00:00,2021.03.10 21:00:00,2021.03.10 21:00:00,2021.03.11 00:59:58,-1.76053,108.612,-0.244,0.139,0.107,0.066,0.113,2021.03.10 20:30,1725.601,1725.425,-0.000102,1,1,1,long,43.0,107.0,85.6,0.40187,0.50234,1.18,0.98,0.7900,0.7900,0.00,0.00,0.79,0.7929,0.0029,full,tp,0
DS260914_XAMR30_V1_TRAIN,USDJPYm,1221,1220,2021.03.12 10:00:00,2021.03.12 10:30:00,2021.03.12 10:30:00,2021.03.12 10:30:00,2021.03.12 10:59:57,2.22985,108.727,0.368,0.165,0.087,0.065,0.104,2021.03.12 10:00,1701.349,1702.332,0.000578,1,1,1,short,11.0,86.5,69.2,0.12717,0.15896,1.19,0.80,0.6300,0.6300,0.00,0.00,0.63,0.6329,0.0029,full,tp,0
DS260914_XAMR30_V1_TRAIN,USDJPYm,1223,1222,2021.03.15 06:30:00,2021.03.15 07:00:00,2021.03.15 07:00:00,2021.03.15 07:00:00,2021.03.15 07:59:57,2.05688,109.036,0.209,0.102,0.088,0.065,0.099,2021.03.15 06:30,1723.592,1723.728,0.000079,1,1,1,short,11.0,87.7,70.2,0.12541,0.15676,1.20,0.81,0.6400,0.6400,0.00,0.00,0.64,0.6412,0.0012,full,tp,0
DS260914_XAMR30_V1_TRAIN,USDJPYm,1225,1224,2021.03.16 12:30:00,2021.03.16 13:00:00,2021.03.16 13:00:00,2021.03.16 13:00:00,2021.03.16 13:29:58,-2.50687,109.136,-0.134,0.053,0.076,0.061,0.099,2021.03.16 12:30,1733.517,1732.489,-0.000593,1,1,1,long,11.0,75.9,60.7,0.14487,0.18109,1.21,0.70,-0.7000,-0.7000,0.00,0.00,-0.70,-0.6976,0.0024,full,sl,0
DS260914_XAMR30_V1_TRAIN,USDJPYm,1227,1226,2021.03.17 16:00:00,2021.03.17 16:30:00,2021.03.17 16:30:00,2021.03.17 16:30:00,2021.03.17 16:59:58,2.50589,109.127,0.176,0.070,0.080,0.062,0.100,2021.03.17 16:00,1727.211,1727.855,0.000373,1,1,1,short,11.0,79.9,63.9,0.13762,0.17203,1.20,0.74,0.5900,0.5900,0.00,0.00,0.59,0.5859,0.0041,full,tp,0
DS260914_XAMR30_V1_TRAIN,USDJPYm,1229,1228,2021.03.19 06:30:00,2021.03.19 07:00:00,2021.03.19 07:00:00,2021.03.19 07:00:00,2021.03.19 08:29:58,-1.87507,108.957,-0.176,0.094,0.089,0.068,0.107,2021.03.19 06:30,1742.447,1740.359,-0.001198,1,1,1,long,11.0,88.8,71.0,0.12389,0.15487,1.21,0.81,-0.8200,-0.8200,0.00,0.00,-0.82,-0.8187,0.0013,full,sl,0
DS260914_XAMR30_V1_TRAIN,USDJPYm,1231,1230,2021.03.22 07:30:00,2021.03.22 08:00:00,2021.03.22 08:00:00,2021.03.22 08:00:00,2021.03.22 09:29:57,-1.58319,108.824,-0.140,0.088,0.077,0.068,0.106,2021.03.22 07:30,1730.991,1729.299,-0.000977,1,1,1,long,11.0,76.6,61.3,0.14352,0.17940,1.20,0.71,-0.7100,-0.7100,0.00,0.00,-0.71,-0.7089,0.0011,full,sl,0
DS260914_XAMR30_V1_TRAIN,USDJPYm,1233,1232,2021.03.23 11:00:00,2021.03.23 11:30:00,2021.03.23 11:30:00,2021.03.23 11:30:00,2021.03.23 11:59:58,-2.28503,108.727,-0.153,0.067,0.080,0.066,0.106,2021.03.23 11:00,1740.202,1739.373,-0.000476,1,1,1,long,11.0,80.0,64.0,0.13750,0.17188,1.19,0.74,-0.7400,-0.7400,0.00,0.00,-0.74,-0.7373,0.0027,full,sl,0
DS260914_XAMR30_V1_TRAIN,USDJPYm,1235,1234,2021.03.23 23:30:00,2021.03.24 00:00:00,2021.03.24 00:00:00,2021.03.24 00:00:00,2021.03.24 00:29:58,-1.75703,108.650,-0.132,0.075,0.066,0.066,0.103,2021.03.23 23:30,1727.127,1727.082,-0.000026,1,1,1,long,11.0,65.8,52.6,0.16721,0.20901,1.18,0.61,0.4900,0.4900,0.00,0.00,0.49,0.4881,0.0019,full,tp,0
DS260914_XAMR30_V1_TRAIN,USDJPYm,1237,1236,2021.03.25 12:00:00,2021.03.25 12:30:00,2021.03.25 12:30:00,2021.03.25 12:30:00,2021.03.25 13:29:58,2.29924,108.901,0.198,0.086,0.060,0.059,0.099,2021.03.25 12:00,1728.411,1728.740,0.000190,1,1,1,short,11.0,60.4,48.3,0.18203,0.22754,1.18,1.11,0.8800,0.8800,0.00,0.00,0.88,0.8803,0.0003,full,tp,0
DS260914_XAMR30_V1_TRAIN,USDJPYm,1239,1238,2021.03.25 23:30:00,2021.03.26 00:00:00,2021.03.26 00:00:00,2021.03.26 00:00:00,2021.03.26 00:29:58,2.87100,109.048,0.126,0.044,0.060,0.059,0.097,2021.03.25 23:30,1726.862,1727.293,0.000250,1,1,1,short,11.0,60.2,48.2,0.18268,0.22835,1.20,1.10,-1.1000,-1.1000,0.00,0.00,-1.10,-1.0986,0.0014,full,sl,0
DS260914_XAMR30_V1_TRAIN,USDJPYm,1241,1240,2021.03.28 23:00:00,2021.03.28 23:30:00,2021.03.28 23:30:00,2021.03.28 23:30:00,2021.03.29 00:29:58,2.07228,109.530,0.236,0.114,0.072,0.057,0.095,2021.03.28 23:00,1731.141,1731.261,0.000069,1,1,1,short,11.0,72.2,57.8,0.15232,0.19041,1.18,0.66,0.5300,0.5300,0.00,0.00,0.53,0.5287,0.0013,full,tp,0
DS260914_XAMR30_V1_TRAIN,USDJPYm,1243,1242,2021.03.29 14:30:00,2021.03.29 15:00:00,2021.03.29 15:00:00,2021.03.29 15:00:00,2021.03.29 15:59:58,1.58798,109.593,0.168,0.106,0.071,0.057,0.093,2021.03.29 14:30,1708.077,1710.902,0.001654,1,1,1,short,11.0,70.7,56.6,0.15556,0.19444,1.19,0.65,0.5200,0.5200,0.00,0.00,0.52,0.5196,0.0004,full,tp,0
DS260914_XAMR30_V1_TRAIN,USDJPYm,1245,1244,2021.03.30 01:30:00,2021.03.30 02:00:00,2021.03.30 02:00:00,2021.03.30 02:00:00,2021.03.30 02:59:58,1.93662,109.722,0.151,0.078,0.062,0.055,0.093,2021.03.30 01:30,1710.265,1710.285,0.000012,1,1,1,short,11.0,62.5,50.0,0.17600,0.22000,1.20,1.14,-1.1500,-1.1500,0.00,0.00,-1.15,-1.1461,0.0039,full,sl,0
DS260914_XAMR30_V1_TRAIN,USDJPYm,1247,1246,2021.04.01 09:30:00,2021.04.01 10:00:00,2021.04.01 10:00:00,2021.04.01 10:00:00,2021.04.01 11:29:58,2.12495,110.676,0.150,0.071,0.080,0.059,0.095,2021.04.01 09:30,1713.713,1714.751,0.000606,1,1,1,short,11.0,79.9,63.9,0.13775,0.17218,1.18,0.73,0.5800,0.5800,0.00,0.00,0.58,0.5778,0.0022,full,tp,0
DS260914_XAMR30_V1_TRAIN,USDJPYm,1249,1248,2021.04.06 20:30:00,2021.04.06 21:00:00,2021.04.06 21:00:00,2021.04.06 21:00:00,2021.04.06 21:29:57,-2.01223,110.076,-0.380,0.189,0.071,0.058,0.087,2021.04.06 20:30,1743.841,1743.318,-0.000300,1,1,1,long,43.0,71.4,57.1,0.60200,0.75250,1.19,0.64,-0.6500,-0.6500,0.00,0.00,-0.65,-0.6473,0.0027,full,sl,0
DS260914_XAMR30_V1_TRAIN,USDJPYm,1251,1250,2021.04.07 01:00:00,2021.04.07 01:30:00,2021.04.07 01:30:00,2021.04.07 01:30:00,2021.04.07 02:29:59,-1.72588,109.975,-0.339,0.196,0.076,0.058,0.086,2021.04.07 01:00,1741.042,1739.215,-0.001049,1,1,1,long,8.0,75.6,60.5,0.10576,0.13220,1.18,0.69,0.5600,0.5600,0.00,0.00,0.56,0.5560,0.0040,full,tp,0
DS260914_XAMR30_V1_TRAIN,USDJPYm,1253,1252,2021.04.08 08:30:00,2021.04.08 09:00:00,2021.04.08 09:00:00,2021.04.08 09:00:00,2021.04.08 09:29:58,-3.68394,109.731,-0.281,0.076,0.071,0.056,0.091,2021.04.08 08:30,1745.201,1743.167,-0.001165,1,1,1,long,8.0,71.1,56.9,0.11256,0.14070,1.19,0.65,0.5200,0.5200,0.00,0.00,0.52,0.5205,0.0005,full,tp,0
DS260914_XAMR30_V1_TRAIN,USDJPYm,1255,1254,2021.04.09 08:30:00,2021.04.09 09:00:00,2021.04.09 09:00:00,2021.04.09 09:00:00,2021.04.09 10:29:57,1.56222,109.399,0.257,0.164,0.076,0.058,0.093,2021.04.09 08:30,1744.337,1745.450,0.000638,1,1,1,short,8.0,75.8,60.6,0.10556,0.13195,1.19,0.69,-0.6900,-0.6900,0.00,0.00,-0.69,-0.6926,0.0026,full,sl,0
DS260914_XAMR30_V1_TRAIN,USDJPYm,1257,1256,2021.04.12 09:30:00,2021.04.12 10:00:00,2021.04.12 10:00:00,2021.04.12 10:00:00,2021.04.12 11:29:57,-1.83952,109.551,-0.241,0.131,0.078,0.059,0.095,2021.04.12 09:30,1741.878,1741.337,-0.000311,1,1,1,long,8.0,78.1,62.5,0.10247,0.12809,1.18,0.71,0.5700,0.5700,0.00,0.00,0.57,0.5668,0.0032,full,tp,0
DS260914_XAMR30_V1_TRAIN,USDJPYm,1259,1258,2021.04.13 02:30:00,2021.04.13 03:00:00,2021.04.13 03:00:00,2021.04.13 03:00:00,2021.04.13 03:59:57,1.90870,109.461,0.166,0.087,0.062,0.057,0.095,2021.04.13 02:30,1734.993,1735.816,0.000474,1,1,1,short,8.0,61.9,49.5,0.12933,0.16166,1.19,1.13,-1.1300,-1.1300,0.00,0.00,-1.13,-1.1305,0.0005,full,sl,0
DS260914_XAMR30_V1_TRAIN,USDJPYm,1261,1260,2021.04.14 00:00:00,2021.04.14 00:30:00,2021.04.14 00:30:00,2021.04.14 00:30:00,2021.04.14 00:59:58,-1.82517,109.217,-0.324,0.178,0.060,0.059,0.101,2021.04.14 00:00,1746.575,1745.592,-0.000563,1,1,1,long,8.0,59.5,47.6,0.13445,0.16807,1.18,1.08,-1.0800,-1.0800,0.00,0.00,-1.08,-1.0841,0.0041,full,sl,0
DS260914_XAMR30_V1_TRAIN,USDJPYm,1263,1262,2021.04.15 07:30:00,2021.04.15 08:00:00,2021.04.15 08:00:00,2021.04.15 08:00:00,2021.04.15 08:29:58,-2.87167,108.922,-0.105,0.037,0.058,0.058,0.092,2021.04.15 07:30,1746.797,1745.590,-0.000691,1,1,1,long,8.0,58.3,46.6,0.13725,0.17157,1.16,1.08,0.8600,0.8600,0.00,0.00,0.86,0.8634,0.0034,full,tp,0
DS260914_XAMR30_V1_TRAIN,USDJPYm,1265,1264,2021.04.15 23:30:00,2021.04.16 00:00:00,2021.04.16 00:00:00,2021.04.16 00:00:00,2021.04.16 00:29:58,-1.97490,108.770,-0.084,0.043,0.060,0.058,0.092,2021.04.15 23:30,1763.944,1763.901,-0.000024,1,1,1,long,8.0,59.9,47.9,0.13365,0.16706,1.17,1.10,-1.1000,-1.1000,0.00,0.00,-1.10,-1.1046,0.0046,full,sl,0
DS260914_XAMR30_V1_TRAIN,USDJPYm,1267,1266,2021.04.19 01:00:00,2021.04.19 01:30:00,2021.04.19 01:30:00,2021.04.19 01:30:00,2021.04.19 01:59:58,-1.53581,108.775,-0.080,0.052,0.075,0.059,0.092,2021.04.19 01:00,1782.133,1776.886,-0.002944,1,1,1,long,8.0,75.1,60.1,0.10646,0.13308,1.16,0.69,-0.6900,-0.6900,0.00,0.00,-0.69,-0.6904,0.0004,full,sl,0
DS260914_XAMR30_V1_TRAIN,USDJPYm,1269,1268,2021.04.22 02:00:00,2021.04.22 02:30:00,2021.04.22 02:30:00,2021.04.22 02:30:00,2021.04.22 04:59:58,-1.52839,108.074,-0.099,0.065,0.060,0.060,0.091,2021.04.22 02:00,1796.075,1794.651,-0.000793,1,1,1,long,8.0,60.1,48.1,0.13317,0.16647,1.15,1.11,-1.1100,-1.1100,0.00,0.00,-1.11,-1.1119,0.0019,full,sl,0
DS260914_XAMR30_V1_TRAIN,USDJPYm,1271,1270,2021.04.23 00:30:00,2021.04.23 01:00:00,2021.04.23 01:00:00,2021.04.23 01:00:00,2021.04.23 01:29:57,-1.77172,108.020,-0.145,0.082,0.066,0.061,0.092,2021.04.23 00:30,1784.372,1783.986,-0.000216,1,1,1,long,8.0,66.3,53.0,0.12069,0.15086,1.13,0.61,-0.6100,-0.6100,0.00,0.00,-0.61,-0.6121,0.0021,full,sl,0
DS260914_XAMR30_V1_TRAIN,USDJPYm,1273,1272,2021.04.26 02:30:00,2021.04.26 03:00:00,2021.04.26 03:00:00,2021.04.26 03:00:00,2021.04.26 04:29:58,-1.59766,107.879,-0.159,0.099,0.067,0.060,0.091,2021.04.26 02:30,1781.068,1780.617,-0.000253,1,1,1,long,8.0,66.9,53.5,0.11966,0.14957,1.12,0.62,-0.6200,-0.6200,0.00,0.00,-0.62,-0.6223,0.0023,full,sl,0
DS260914_XAMR30_V1_TRAIN,USDJPYm,1275,1274,2021.04.27 02:30:00,2021.04.27 03:00:00,2021.04.27 03:00:00,2021.04.27 03:00:00,2021.04.27 03:29:58,1.84633,108.059,0.281,0.152,0.077,0.059,0.093,2021.04.27 02:30,1774.656,1778.008,0.001889,1,1,1,short,8.0,77.4,61.9,0.10342,0.12927,1.11,0.72,0.5700,0.5700,0.00,0.00,0.57,0.5726,0.0026,full,tp,0
DS260914_XAMR30_V1_TRAIN,USDJPYm,1277,1276,2021.04.28 01:30:00,2021.04.28 02:00:00,2021.04.28 02:00:00,2021.04.28 02:00:00,2021.04.28 02:29:58,3.48902,108.535,0.350,0.100,0.062,0.060,0.091,2021.04.28 01:30,1767.376,1769.650,0.001287,1,1,1,short,8.0,62.4,49.9,0.12815,0.16018,1.12,0.57,0.4600,0.4600,0.00,0.00,0.46,0.4594,0.0006,full,tp,0
DS260914_XAMR30_V1_TRAIN,USDJPYm,1279,1278,2021.04.29 08:30:00,2021.04.29 09:00:00,2021.04.29 09:00:00,2021.04.29 09:00:00,2021.04.29 09:29:58,1.72237,108.697,0.274,0.159,0.070,0.060,0.092,2021.04.29 08:30,1777.187,1777.314,0.000071,1,1,1,short,8.0,69.9,55.9,0.11452,0.14315,1.13,0.64,-0.6400,-0.6400,0.00,0.00,-0.64,-0.6419,0.0019,full,sl,0
DS260914_XAMR30_V1_TRAIN,USDJPYm,1281,1280,2021.04.30 19:30:00,2021.04.30 20:00:00,2021.04.30 20:00:00,2021.04.30 20:00:00,2021.04.30 20:29:58,1.73479,109.031,0.251,0.145,0.085,0.061,0.095,2021.04.30 19:30,1767.407,1768.392,0.000557,1,1,1,short,43.0,84.7,67.8,0.50759,0.63449,1.12,0.78,-0.7800,-0.7800,0.00,0.00,-0.78,-0.7774,0.0026,full,sl,0
DS260914_XAMR30_V1_TRAIN,USDJPYm,1283,1282,2021.05.03 01:00:00,2021.05.03 01:30:00,2021.05.03 01:30:00,2021.05.03 01:30:00,2021.05.03 02:29:58,1.60834,109.141,0.242,0.151,0.063,0.061,0.095,2021.05.03 01:00,1770.786,1770.984,0.000112,1,1,1,short,8.0,63.0,50.4,0.12698,0.15873,1.10,0.58,-0.5800,-0.5800,0.00,0.00,-0.58,-0.5756,0.0044,full,sl,0
DS260914_XAMR30_V1_TRAIN,USDJPYm,1285,1284,2021.05.06 04:30:00,2021.05.06 05:00:00,2021.05.06 05:00:00,2021.05.06 05:00:00,2021.05.06 05:29:58,1.59530,109.285,0.107,0.067,0.063,0.060,0.097,2021.05.06 04:30,1788.416,1788.551,0.000075,1,1,1,short,8.0,63.5,50.8,0.12598,0.15748,1.10,0.58,0.4700,0.4700,0.00,0.00,0.47,0.4664,0.0036,full,tp,0
DS260914_XAMR30_V1_TRAIN,USDJPYm,1287,1286,2021.05.09 22:00:00,2021.05.09 22:30:00,2021.05.09 22:30:00,2021.05.09 22:30:00,2021.05.09 23:29:57,-1.60508,108.823,-0.292,0.182,0.083,0.060,0.100,2021.05.09 22:00,1832.896,1832.606,-0.000158,1,1,1,long,43.0,83.4,66.7,0.51541,0.64426,1.10,0.76,-0.7700,-0.7700,0.00,0.00,-0.77,-0.7650,0.0050,full,sl,0
DS260914_XAMR30_V1_TRAIN,USDJPYm,1289,1288,2021.05.11 01:00:00,2021.05.11 01:30:00,2021.05.11 01:30:00,2021.05.11 01:30:00,2021.05.11 02:29:58,1.91794,108.808,0.131,0.068,0.072,0.061,0.099,2021.05.11 01:00,1833.800,1835.241,0.000786,1,1,1,short,8.0,71.7,57.4,0.11155,0.13944,1.09,0.66,0.5200,0.5200,0.00,0.00,0.52,0.5235,0.0035,full,tp,0
DS260914_XAMR30_V1_TRAIN,USDJPYm,1291,1290,2021.05.12 12:30:00,2021.05.12 13:00:00,2021.05.12 13:00:00,2021.05.12 13:00:00,2021.05.12 13:29:57,1.91515,108.754,0.241,0.126,0.095,0.060,0.101,2021.05.12 12:30,1833.101,1839.803,0.003656,1,1,1,short,8.0,95.5,76.4,0.08377,0.10471,1.10,0.88,0.7000,0.7000,0.00,0.00,0.70,0.6978,0.0022,full,tp,0
DS260914_XAMR30_V1_TRAIN,USDJPYm,1293,1292,2021.05.12 23:30:00,2021.05.13 00:00:00,2021.05.13 00:00:00,2021.05.13 00:00:00,2021.05.13 00:29:58,1.73306,109.241,0.417,0.240,0.067,0.060,0.103,2021.05.12 23:30,1817.037,1817.489,0.000249,1,1,1,short,8.0,66.9,53.5,0.11966,0.14957,1.11,0.62,-0.6100,-0.6100,0.00,0.00,-0.61,-0.6106,0.0006,full,sl,0
DS260914_XAMR30_V1_TRAIN,USDJPYm,1295,1294,2021.05.14 09:00:00,2021.05.14 09:30:00,2021.05.14 09:30:00,2021.05.14 09:30:00,2021.05.14 10:29:58,-1.52175,109.474,-0.145,0.095,0.064,0.060,0.098,2021.05.14 09:00,1834.842,1833.885,-0.000522,1,1,1,long,8.0,64.1,51.3,0.12472,0.15590,1.10,0.58,0.4700,0.4700,0.00,0.00,0.47,0.4662,0.0038,full,tp,0
DS260914_XAMR30_V1_TRAIN,USDJPYm,1297,1296,2021.05.17 06:30:00,2021.05.17 07:00:00,2021.05.17 07:00:00,2021.05.17 07:00:00,2021.05.17 08:29:58,-2.65536,109.365,-0.169,0.064,0.070,0.060,0.096,2021.05.17 06:30,1853.823,1853.348,-0.000256,1,1,1,long,8.0,69.9,55.9,0.11452,0.14315,1.11,0.64,0.5100,0.5100,0.00,0.00,0.51,0.5125,0.0025,full,tp,0
DS260914_XAMR30_V1_TRAIN,USDJPYm,1299,1298,2021.05.18 06:00:00,2021.05.18 06:30:00,2021.05.18 06:30:00,2021.05.18 06:30:00,2021.05.18 07:29:58,-2.23598,109.202,-0.127,0.057,0.064,0.059,0.095,2021.05.18 06:00,1871.206,1869.701,-0.000804,1,1,1,long,8.0,64.4,51.5,0.12431,0.15538,1.11,0.59,-0.5900,-0.5900,0.00,0.00,-0.59,-0.5871,0.0029,full,sl,0
DS260914_XAMR30_V1_TRAIN,USDJPYm,1301,1300,2021.05.19 10:30:00,2021.05.19 11:00:00,2021.05.19 11:00:00,2021.05.19 11:00:00,2021.05.19 11:29:58,2.33313,109.013,0.231,0.099,0.065,0.059,0.091,2021.05.19 10:30,1856.405,1857.520,0.000601,1,1,1,short,8.0,65.5,52.4,0.12214,0.15267,1.11,0.61,-0.6000,-0.6000,0.00,0.00,-0.60,-0.6038,0.0038,full,sl,0
DS260914_XAMR30_V1_TRAIN,USDJPYm,1303,1302,2021.05.21 10:30:00,2021.05.21 11:00:00,2021.05.21 11:00:00,2021.05.21 11:00:00,2021.05.21 11:59:58,-2.22003,108.801,-0.123,0.055,0.069,0.059,0.092,2021.05.21 10:30,1879.627,1878.261,-0.000727,1,1,1,long,8.0,68.9,55.1,0.11606,0.14508,1.10,0.63,0.5100,0.5100,0.00,0.00,0.51,0.5058,0.0042,full,tp,0
DS260914_XAMR30_V1_TRAIN,USDJPYm,1305,1304,2021.05.26 15:00:00,2021.05.26 15:30:00,2021.05.26 15:30:00,2021.05.26 15:30:00,2021.05.26 15:59:58,2.51124,108.859,0.191,0.076,0.076,0.054,0.087,2021.05.26 15:00,1899.883,1902.913,0.001595,1,1,1,short,8.0,75.6,60.5,0.10586,0.13233,1.10,0.70,-0.7000,-0.7000,0.00,0.00,-0.70,-0.6964,0.0036,full,sl,0
DS260914_XAMR30_V1_TRAIN,USDJPYm,1307,1306,2021.05.27 09:30:00,2021.05.27 10:00:00,2021.05.27 10:00:00,2021.05.27 10:00:00,2021.05.27 10:29:58,2.07027,109.062,0.135,0.065,0.060,0.053,0.085,2021.05.27 09:30,1896.067,1896.415,0.000184,1,1,1,short,8.0,59.8,47.8,0.13381,0.16726,1.09,0.55,0.4400,0.4400,0.00,0.00,0.44,0.4398,0.0002,full,tp,0
DS260914_XAMR30_V1_TRAIN,USDJPYm,1309,1308,2021.05.28 02:00:00,2021.05.28 02:30:00,2021.05.28 02:30:00,2021.05.28 02:30:00,2021.05.28 03:59:57,1.52135,109.578,0.289,0.190,0.060,0.053,0.084,2021.05.28 02:00,1893.791,1895.090,0.000686,1,1,1,short,8.0,60.0,48.0,0.13333,0.16667,1.10,1.10,-1.0900,-1.0900,0.00,0.00,-1.09,-1.0916,0.0016,full,sl,0
DS260914_XAMR30_V1_TRAIN,USDJPYm,1311,1310,2021.05.31 17:00:00,2021.05.31 17:30:00,2021.05.31 17:30:00,2021.05.31 17:30:00,2021.05.31 19:29:57,-2.40097,109.664,-0.198,0.083,0.058,0.052,0.084,2021.05.31 17:00,1906.664,1906.640,-0.000013,1,1,1,long,20.0,58.1,46.5,0.34440,0.43050,1.08,1.06,0.8400,0.8400,0.00,0.00,0.84,0.8399,0.0001,full,tp,0
DS260914_XAMR30_V1_TRAIN,USDJPYm,1313,1312,2021.06.01 02:30:00,2021.06.01 03:00:00,2021.06.01 03:00:00,2021.06.01 03:00:00,2021.06.01 03:29:58,-2.82928,109.555,-0.168,0.060,0.059,0.052,0.083,2021.06.01 02:30,1912.668,1911.093,-0.000823,1,1,1,long,8.0,59.1,47.3,0.13527,0.16908,1.10,1.08,0.8600,0.8600,0.00,0.00,0.86,0.8589,0.0011,full,tp,0
DS260914_XAMR30_V1_TRAIN,USDJPYm,1315,1314,2021.06.02 00:30:00,2021.06.02 01:00:00,2021.06.02 01:00:00,2021.06.02 01:00:00,2021.06.02 01:59:58,1.57322,109.497,0.124,0.079,0.053,0.052,0.084,2021.06.02 00:30,1898.693,1898.807,0.000060,1,1,1,short,8.0,53.2,42.6,0.15034,0.18792,1.11,0.97,0.7800,0.7800,0.00,0.00,0.78,0.7848,0.0048,full,tp,0
DS260914_XAMR30_V1_TRAIN,USDJPYm,1317,1316,2021.06.03 19:00:00,2021.06.03 19:30:00,2021.06.03 19:30:00,2021.06.03 19:30:00,2021.06.03 22:29:58,1.96978,109.927,0.338,0.172,0.082,0.051,0.082,2021.06.03 19:00,1872.223,1872.807,0.000312,1,1,1,short,8.0,82.0,65.6,0.09756,0.12195,1.12,0.75,-0.7400,-0.7400,0.00,0.00,-0.74,-0.7431,0.0031,full,sl,0
DS260914_XAMR30_V1_TRAIN,USDJPYm,1319,1318,2021.06.07 18:30:00,2021.06.07 19:00:00,2021.06.07 19:00:00,2021.06.07 19:00:00,2021.06.07 21:29:57,-2.54772,109.427,-0.175,0.068,0.058,0.052,0.084,2021.06.07 18:30,1899.434,1898.809,-0.000329,1,1,1,long,8.0,57.7,46.2,0.13861,0.17327,1.11,1.04,-1.0600,-1.0600,0.00,0.00,-1.06,-1.0623,0.0023,full,sl,0
DS260914_XAMR30_V1_TRAIN,USDJPYm,1321,1320,2021.06.09 13:30:00,2021.06.09 14:00:00,2021.06.09 14:00:00,2021.06.09 14:00:00,2021.06.09 14:29:58,-3.60986,109.428,-0.144,0.040,0.068,0.051,0.083,2021.06.09 13:30,1894.606,1894.442,-0.000087,1,1,1,long,8.0,67.8,54.2,0.11802,0.14752,1.09,0.62,0.4900,0.4900,0.00,0.00,0.49,0.4939,0.0039,full,tp,0
DS260914_XAMR30_V1_TRAIN,USDJPYm,1323,1322,2021.06.10 20:30:00,2021.06.10 21:00:00,2021.06.10 21:00:00,2021.06.10 21:00:00,2021.06.10 21:29:58,-2.61619,109.484,-0.221,0.084,0.080,0.051,0.087,2021.06.10 20:30,1898.302,1898.286,-0.000008,1,1,1,long,43.0,80.5,64.4,0.53416,0.66770,1.10,0.73,-0.7300,-0.7300,0.00,0.00,-0.73,-0.7322,0.0022,full,sl,0
DS260914_XAMR30_V1_TRAIN,USDJPYm,1325,1324,2021.06.11 15:30:00,2021.06.11 16:00:00,2021.06.11 16:00:00,2021.06.11 16:00:00,2021.06.11 16:59:58,1.78916,109.528,0.219,0.123,0.082,0.049,0.084,2021.06.11 15:30,1877.102,1880.146,0.001622,1,1,1,short,8.0,82.4,65.9,0.09705,0.12132,1.09,0.75,0.6000,0.6000,0.00,0.00,0.60,0.6017,0.0017,full,tp,0
DS260914_XAMR30_V1_TRAIN,USDJPYm,1327,1326,2021.06.14 02:30:00,2021.06.14 03:00:00,2021.06.14 03:00:00,2021.06.14 03:00:00,2021.06.14 06:29:58,1.63213,109.642,0.138,0.085,0.076,0.049,0.083,2021.06.14 02:30,1865.327,1866.255,0.000497,1,1,1,short,8.0,75.8,60.6,0.10556,0.13195,1.10,0.69,0.5600,0.5600,0.00,0.00,0.56,0.5560,0.0040,full,tp,0
DS260914_XAMR30_V1_TRAIN,USDJPYm,1329,1328,2021.06.15 09:00:00,2021.06.15 09:30:00,2021.06.15 09:30:00,2021.06.15 09:30:00,2021.06.15 10:29:58,1.61818,109.990,0.138,0.085,0.051,0.048,0.081,2021.06.15 09:00,1864.006,1865.293,0.000690,1,1,1,short,8.0,50.7,40.6,0.15775,0.19718,1.11,0.92,0.7500,0.7500,0.00,0.00,0.75,0.7449,0.0051,full,tp,0
DS260914_XAMR30_V1_TRAIN,USDJPYm,1331,1330,2021.06.16 13:00:00,2021.06.16 13:30:00,2021.06.16 13:30:00,2021.06.16 13:30:00,2021.06.16 14:29:58,-1.57708,110.005,-0.109,0.069,0.065,0.046,0.079,2021.06.16 13:00,1857.646,1857.566,-0.000043,1,1,1,long,8.0,65.4,52.3,0.12227,0.15284,1.12,0.59,0.4700,0.4700,0.00,0.00,0.47,0.4729,0.0029,full,tp,0
DS260914_XAMR30_V1_TRAIN,USDJPYm,1333,1332,2021.06.22 06:00:00,2021.06.22 06:30:00,2021.06.22 06:30:00,2021.06.22 06:30:00,2021.06.22 06:59:58,1.84011,110.275,0.173,0.094,0.076,0.048,0.091,2021.06.22 06:00,1780.993,1783.448,0.001378,1,1,1,short,8.0,75.6,60.5,0.10586,0.13233,1.13,0.69,0.5400,0.5400,0.00,0.00,0.54,0.5435,0.0035,full,tp,0
DS260914_XAMR30_V1_TRAIN,USDJPYm,1335,1334,2021.06.23 00:00:00,2021.06.23 00:30:00,2021.06.23 00:30:00,2021.06.23 00:30:00,2021.06.23 01:29:58,2.33923,110.549,0.172,0.073,0.052,0.048,0.089,2021.06.23 00:00,1777.578,1778.086,0.000286,1,1,1,short,8.0,52.1,41.7,0.15364,0.19204,1.13,0.94,-0.9400,-0.9400,0.00,0.00,-0.94,-0.9388,0.0012,full,sl,0
DS260914_XAMR30_V1_TRAIN,USDJPYm,1337,1336,2021.06.24 03:30:00,2021.06.24 04:00:00,2021.06.24 04:00:00,2021.06.24 04:00:00,2021.06.24 04:59:58,1.67534,110.897,0.113,0.067,0.054,0.050,0.092,2021.06.24 03:30,1775.164,1775.896,0.000412,1,1,1,short,8.0,53.9,43.1,0.14834,0.18543,1.12,0.97,0.7800,0.7800,0.00,0.00,0.78,0.7750,0.0050,full,tp,0
DS260914_XAMR30_V1_TRAIN,USDJPYm,1339,1338,2021.06.25 12:30:00,2021.06.25 13:00:00,2021.06.25 13:00:00,2021.06.25 13:00:00,2021.06.25 13:29:58,-4.46487,110.796,-0.264,0.059,0.061,0.050,0.088,2021.06.25 12:30,1785.365,1785.349,-0.000009,1,1,1,long,8.0,60.6,48.5,0.13208,0.16509,1.13,1.09,-1.1000,-1.1000,0.00,0.00,-1.10,-1.1043,0.0043,full,sl,0
DS260914_XAMR30_V1_TRAIN,USDJPYm,1341,1340,2021.06.28 03:30:00,2021.06.28 04:00:00,2021.06.28 04:00:00,2021.06.28 04:00:00,2021.06.28 06:29:58,-1.56198,110.755,-0.126,0.080,0.059,0.051,0.085,2021.06.28 03:30,1779.366,1779.115,-0.000141,1,1,1,long,8.0,59.1,47.3,0.13543,0.16929,1.12,1.07,0.8500,0.8500,0.00,0.00,0.85,0.8493,0.0007,full,tp,0
DS260914_XAMR30_V1_TRAIN,USDJPYm,1343,1342,2021.06.29 01:30:00,2021.06.29 02:00:00,2021.06.29 02:00:00,2021.06.29 02:00:00,2021.06.29 04:29:58,-1.55812,110.632,-0.134,0.086,0.054,0.051,0.085,2021.06.29 01:30,1776.627,1774.478,-0.001210,1,1,1,long,8.0,53.9,43.1,0.14834,0.18543,1.13,0.98,0.7800,0.7800,0.00,0.00,0.78,0.7779,0.0021,full,tp,0
DS260914_XAMR30_V1_TRAIN,USDJPYm,1345,1344,2021.06.30 08:30:00,2021.06.30 09:00:00,2021.06.30 09:00:00,2021.06.30 09:00:00,2021.06.30 09:29:58,-1.56788,110.524,-0.063,0.040,0.060,0.053,0.089,2021.06.30 08:30,1756.789,1756.481,-0.000175,1,1,1,long,8.0,59.5,47.6,0.13445,0.16807,1.14,1.08,0.8700,0.8700,0.00,0.00,0.87,0.8686,0.0014,full,tp,0
DS260914_XAMR30_V1_TRAIN,USDJPYm,1347,1346,2021.07.01 09:30:00,2021.07.01 10:00:00,2021.07.01 10:00:00,2021.07.01 10:00:00,2021.07.01 10:29:58,3.34582,111.048,0.444,0.133,0.057,0.053,0.088,2021.07.01 09:30,1773.742,1775.588,0.001041,1,1,1,short,8.0,57.3,45.8,0.13965,0.17456,1.15,1.04,-1.0200,-1.0200,0.00,0.00,-1.02,-1.0220,0.0020,full,sl,0
DS260914_XAMR30_V1_TRAIN,USDJPYm,1349,1348,2021.07.02 19:30:00,2021.07.02 20:00:00,2021.07.02 20:00:00,2021.07.02 20:00:00,2021.07.04 21:29:57,-1.76434,111.331,-0.305,0.173,0.084,0.051,0.088,2021.07.02 19:30,1789.758,1787.755,-0.001119,1,1,1,long,43.0,83.8,67.0,0.51321,0.64152,1.14,0.75,-0.7600,-0.7600,0.00,0.00,-0.76,-0.7570,0.0030,full,sl,0
DS260914_XAMR30_V1_TRAIN,USDJPYm,1351,1350,2021.07.05 08:00:00,2021.07.05 08:30:00,2021.07.05 08:30:00,2021.07.05 08:30:00,2021.07.05 09:59:58,-2.62435,111.152,-0.265,0.101,0.055,0.051,0.082,2021.07.05 08:00,1792.650,1792.148,-0.000280,1,1,1,long,8.0,55.1,44.1,0.14508,0.18135,1.13,0.99,-0.9900,-0.9900,0.00,0.00,-0.99,-0.9924,0.0024,full,sl,0
DS260914_XAMR30_V1_TRAIN,USDJPYm,1353,1352,2021.07.06 08:00:00,2021.07.06 08:30:00,2021.07.06 08:30:00,2021.07.06 08:30:00,2021.07.06 08:59:57,-1.53613,110.904,-0.107,0.070,0.053,0.048,0.080,2021.07.06 08:00,1807.330,1803.864,-0.001918,1,1,1,long,8.0,53.2,42.6,0.15034,0.18792,1.11,0.96,0.7800,0.7800,0.00,0.00,0.78,0.7758,0.0042,full,tp,0
DS260914_XAMR30_V1_TRAIN,USDJPYm,1355,1354,2021.07.07 00:00:00,2021.07.07 00:30:00,2021.07.07 00:30:00,2021.07.07 00:30:00,2021.07.07 00:59:58,-4.31002,110.707,-0.197,0.046,0.051,0.048,0.081,2021.07.07 00:00,1795.503,1794.917,-0.000326,1,1,1,long,8.0,50.6,40.5,0.15797,0.19746,1.12,0.91,-0.9200,-0.9200,0.00,0.00,-0.92,-0.9234,0.0034,full,sl,0
DS260914_XAMR30_V1_TRAIN,USDJPYm,1357,1356,2021.07.08 01:00:00,2021.07.08 01:30:00,2021.07.08 01:30:00,2021.07.08 01:30:00,2021.07.08 02:29:57,-1.91967,110.626,-0.153,0.080,0.062,0.048,0.082,2021.07.08 01:00,1804.346,1802.344,-0.001110,1,1,1,long,8.0,62.0,49.6,0.12903,0.16129,1.11,0.56,-0.5600,-0.5600,0.00,0.00,-0.56,-0.5615,0.0015,full,sl,0
DS260914_XAMR30_V1_TRAIN,USDJPYm,1359,1358,2021.07.12 11:00:00,2021.07.12 11:30:00,2021.07.12 11:30:00,2021.07.12 11:30:00,2021.07.12 12:29:58,1.74329,110.117,0.114,0.066,0.072,0.051,0.091,2021.07.12 11:00,1800.305,1800.848,0.000302,1,1,1,short,8.0,72.4,57.9,0.11045,0.13807,1.10,0.65,0.5300,0.5300,0.00,0.00,0.53,0.5264,0.0036,full,tp,0
DS260914_XAMR30_V1_TRAIN,USDJPYm,1361,1360,2021.07.13 04:30:00,2021.07.13 05:00:00,2021.07.13 05:00:00,2021.07.13 05:00:00,2021.07.13 05:59:58,2.18902,110.287,0.135,0.062,0.053,0.051,0.092,2021.07.13 04:30,1809.658,1809.690,0.000018,1,1,1,short,8.0,52.9,42.3,0.15115,0.18893,1.11,0.96,0.7600,0.7600,0.00,0.00,0.76,0.7610,0.0010,full,tp,0
DS260914_XAMR30_V1_TRAIN,USDJPYm,1363,1362,2021.07.14 00:00:00,2021.07.14 00:30:00,2021.07.14 00:30:00,2021.07.14 00:30:00,2021.07.14 00:59:58,2.54660,110.453,0.225,0.088,0.053,0.051,0.093,2021.07.14 00:00,1805.999,1806.440,0.000244,1,1,1,short,8.0,52.8,42.2,0.15156,0.18945,1.12,0.96,0.7600,0.7600,0.00,0.00,0.76,0.7592,0.0008,full,tp,0
DS260914_XAMR30_V1_TRAIN,USDJPYm,1365,1364,2021.07.15 00:30:00,2021.07.15 01:00:00,2021.07.15 01:00:00,2021.07.15 01:00:00,2021.07.15 01:29:58,-1.52737,110.155,-0.255,0.167,0.052,0.051,0.094,2021.07.15 00:30,1825.908,1824.912,-0.000545,1,1,1,long,8.0,51.6,41.3,0.15512,0.19391,1.13,0.93,-0.9500,-0.9500,0.00,0.00,-0.95,-0.9467,0.0033,full,sl,0
DS260914_XAMR30_V1_TRAIN,USDJPYm,1367,1366,2021.07.16 12:00:00,2021.07.16 12:30:00,2021.07.16 12:30:00,2021.07.16 12:30:00,2021.07.16 12:59:58,1.61656,110.014,0.185,0.115,0.073,0.054,0.094,2021.07.16 12:00,1817.766,1821.043,0.001803,1,1,1,short,8.0,73.1,58.5,0.10938,0.13672,1.12,0.66,-0.6600,-0.6600,0.00,0.00,-0.66,-0.6620,0.0020,full,sl,0
DS260914_XAMR30_V1_TRAIN,USDJPYm,1369,1368,2021.07.19 00:30:00,2021.07.19 01:00:00,2021.07.19 01:00:00,2021.07.19 01:00:00,2021.07.19 03:59:58,-1.54735,110.023,-0.159,0.103,0.091,0.055,0.092,2021.07.19 00:30,1815.844,1814.781,-0.000585,1,1,1,long,8.0,90.6,72.5,0.08826,0.11032,1.11,0.82,0.6600,0.6600,0.00,0.00,0.66,0.6640,0.0040,full,tp,0
DS260914_XAMR30_V1_TRAIN,USDJPYm,1371,1370,2021.07.21 08:30:00,2021.07.21 09:00:00,2021.07.21 09:00:00,2021.07.21 09:00:00,2021.07.21 09:29:58,2.12050,109.842,0.252,0.119,0.074,0.058,0.097,2021.07.21 08:30,1803.579,1807.303,0.002065,1,1,1,short,8.0,73.9,59.1,0.10821,0.13527,1.12,0.67,0.5400,0.5400,0.00,0.00,0.54,0.5362,0.0038,full,tp,0
DS260914_XAMR30_V1_TRAIN,USDJPYm,1373,1372,2021.07.23 10:30:00,2021.07.23 11:00:00,2021.07.23 11:00:00,2021.07.23 11:00:00,2021.07.23 11:59:57,2.40133,110.257,0.220,0.092,0.060,0.055,0.093,2021.07.23 10:30,1797.256,1797.718,0.000257,1,1,1,short,8.0,60.2,48.2,0.13286,0.16607,1.13,1.09,-1.0900,-1.0900,0.00,0.00,-1.09,-1.0856,0.0044,full,sl,0
DS260914_XAMR30_V1_TRAIN,USDJPYm,1375,1374,2021.07.27 08:00:00,2021.07.27 08:30:00,2021.07.27 08:30:00,2021.07.27 08:30:00,2021.07.27 09:29:58,-2.92410,110.261,-0.182,0.062,0.065,0.053,0.090,2021.07.27 08:00,1798.676,1796.501,-0.001209,1,1,1,long,8.0,65.1,52.1,0.12281,0.15351,1.11,0.59,-0.5900,-0.5900,0.00,0.00,-0.59,-0.5908,0.0008,full,sl,0
DS260914_XAMR30_V1_TRAIN,USDJPYm,1377,1376,2021.07.29 19:30:00,2021.07.29 20:00:00,2021.07.29 20:00:00,2021.07.29 20:00:00,2021.07.30 00:29:57,-3.09655,109.713,-0.265,0.086,0.088,0.056,0.091,2021.07.29 19:30,1829.681,1828.703,-0.000535,1,1,1,long,43.0,87.8,70.2,0.48983,0.61229,1.10,0.80,-0.8000,-0.8000,0.00,0.00,-0.80,-0.8046,0.0046,full,sl,0
DS260914_XAMR30_V1_TRAIN,USDJPYm,1379,1378,2021.07.30 01:30:00,2021.07.30 02:00:00,2021.07.30 02:00:00,2021.07.30 02:00:00,2021.07.30 02:59:58,-1.54987,109.612,-0.143,0.093,0.063,0.055,0.090,2021.07.30 01:30,1829.502,1828.134,-0.000748,1,1,1,long,8.0,62.8,50.2,0.12742,0.15927,1.09,0.58,0.4600,0.4600,0.00,0.00,0.46,0.4565,0.0035,full,tp,0
DS260914_XAMR30_V1_TRAIN,USDJPYm,1381,1380,2021.08.02 13:30:00,2021.08.02 14:00:00,2021.08.02 14:00:00,2021.08.02 14:00:00,2021.08.02 14:29:57,-1.69909,109.621,-0.145,0.085,0.072,0.054,0.090,2021.08.02 13:30,1809.436,1808.708,-0.000402,1,1,1,long,8.0,72.4,57.9,0.11056,0.13820,1.10,0.66,-0.6600,-0.6600,0.00,0.00,-0.66,-0.6581,0.0019,full,sl,0
DS260914_XAMR30_V1_TRAIN,USDJPYm,1383,1382,2021.08.03 02:30:00,2021.08.03 03:00:00,2021.08.03 03:00:00,2021.08.03 03:00:00,2021.08.03 03:59:57,-1.62503,109.391,-0.179,0.110,0.057,0.054,0.087,2021.08.03 02:30,1811.739,1811.068,-0.000370,1,1,1,long,8.0,56.7,45.4,0.14106,0.17632,1.09,1.03,0.8200,0.8200,0.00,0.00,0.82,0.8237,0.0037,full,tp,0
DS260914_XAMR30_V1_TRAIN,USDJPYm,1385,1384,2021.08.05 01:00:00,2021.08.05 01:30:00,2021.08.05 01:30:00,2021.08.05 01:30:00,2021.08.05 02:29:58,1.60689,109.337,0.316,0.197,0.054,0.053,0.084,2021.08.05 01:00,1809.703,1810.997,0.000715,1,1,1,short,8.0,53.7,43.0,0.14894,0.18617,1.10,0.98,-0.9800,-0.9800,0.00,0.00,-0.98,-0.9845,0.0045,full,sl,0
DS260914_XAMR30_V1_TRAIN,USDJPYm,1387,1386,2021.08.06 14:00:00,2021.08.06 14:30:00,2021.08.06 14:30:00,2021.08.06 14:30:00,2021.08.06 15:29:58,5.51586,109.822,0.496,0.090,0.078,0.053,0.082,2021.08.06 14:00,1763.634,1765.562,0.001093,1,1,1,short,8.0,77.9,62.3,0.10275,0.12844,1.08,0.71,0.5600,0.5600,0.00,0.00,0.56,0.5623,0.0023,full,tp,0
DS260914_XAMR30_V1_TRAIN,USDJPYm,1389,1388,2021.08.09 00:00:00,2021.08.09 00:30:00,2021.08.09 00:30:00,2021.08.09 00:30:00,2021.08.09 01:29:57,1.58010,110.067,0.206,0.131,0.055,0.053,0.083,2021.08.09 00:00,1719.031,1721.891,0.001664,1,1,1,short,8.0,54.8,43.8,0.14602,0.18253,1.09,1.00,0.8000,0.8000,0.00,0.00,0.80,0.7984,0.0016,full,tp,0
DS260914_XAMR30_V1_TRAIN,USDJPYm,1391,1390,2021.08.10 14:00:00,2021.08.10 14:30:00,2021.08.10 14:30:00,2021.08.10 14:30:00,2021.08.10 20:30:00,4.22387,110.373,0.173,0.041,0.067,0.051,0.082,2021.08.10 14:00,1721.926,1723.848,0.001116,1,1,1,short,8.0,67.1,53.7,0.11928,0.14909,1.10,0.61,-0.4600,-0.4600,0.00,0.00,-0.46,-0.4611,0.0011,full,time_exit,0
DS260914_XAMR30_V1_TRAIN,USDJPYm,1393,1392,2021.08.11 13:00:00,2021.08.11 13:30:00,2021.08.11 13:30:00,2021.08.11 13:30:00,2021.08.11 13:59:57,-2.91868,110.613,-0.165,0.057,0.071,0.047,0.080,2021.08.11 13:00,1744.777,1744.069,-0.000406,1,1,1,long,8.0,70.9,56.7,0.11279,0.14099,1.10,0.64,-0.6400,-0.6400,0.00,0.00,-0.64,-0.6432,0.0032,full,sl,0
DS260914_XAMR30_V1_TRAIN,USDJPYm,1395,1394,2021.08.13 11:00:00,2021.08.13 11:30:00,2021.08.13 11:30:00,2021.08.13 11:30:00,2021.08.13 12:29:57,-3.19754,110.365,-0.143,0.045,0.047,0.044,0.076,2021.08.13 11:00,1759.754,1759.483,-0.000154,1,1,1,long,8.0,46.6,37.3,0.17178,0.21472,1.09,0.84,-0.8500,-0.8500,0.00,0.00,-0.85,-0.8531,0.0031,full,sl,0
DS260914_XAMR30_V1_TRAIN,USDJPYm,1397,1396,2021.08.16 05:00:00,2021.08.16 05:30:00,2021.08.16 05:30:00,2021.08.16 05:30:00,2021.08.16 06:29:57,-1.94539,109.744,-0.330,0.170,0.068,0.044,0.078,2021.08.16 05:00,1777.083,1774.156,-0.001647,1,1,1,long,8.0,68.4,54.7,0.11691,0.14614,1.07,0.62,-0.6200,-0.6200,0.00,0.00,-0.62,-0.6218,0.0018,full,sl,0
DS260914_XAMR30_V1_TRAIN,USDJPYm,1399,1398,2021.08.18 09:30:00,2021.08.18 10:00:00,2021.08.18 10:00:00,2021.08.18 10:00:00,2021.08.18 10:59:57,1.59475,109.538,0.119,0.074,0.057,0.044,0.081,2021.08.18 09:30,1787.923,1788.034,0.000062,1,1,1,short,8.0,56.7,45.4,0.14106,0.17632,1.07,1.03,-1.0400,-1.0400,0.00,0.00,-1.04,-1.0391,0.0009,full,sl,0
DS260914_XAMR30_V1_TRAIN,USDJPYm,1401,1400,2021.08.19 01:00:00,2021.08.19 01:30:00,2021.08.19 01:30:00,2021.08.19 01:30:00,2021.08.19 01:59:58,2.29596,109.764,0.215,0.094,0.065,0.044,0.081,2021.08.19 01:00,1784.391,1785.023,0.000354,1,1,1,short,8.0,65.3,52.2,0.12254,0.15317,1.05,0.59,-0.5900,-0.5900,0.00,0.00,-0.59,-0.5907,0.0007,full,sl,0
DS260914_XAMR30_V1_TRAIN,USDJPYm,1403,1402,2021.08.20 07:30:00,2021.08.20 08:00:00,2021.08.20 08:00:00,2021.08.20 08:00:00,2021.08.20 08:59:58,-1.52443,109.741,-0.130,0.085,0.076,0.044,0.081,2021.08.20 07:30,1787.493,1785.336,-0.001207,1,1,1,long,8.0,75.6,60.5,0.10576,0.13220,1.04,0.69,0.5600,0.5600,0.00,0.00,0.56,0.5562,0.0038,full,tp,0
DS260914_XAMR30_V1_TRAIN,USDJPYm,1405,1404,2021.08.23 08:00:00,2021.08.23 08:30:00,2021.08.23 08:30:00,2021.08.23 08:30:00,2021.08.23 09:29:57,1.78281,109.828,0.116,0.065,0.056,0.046,0.080,2021.08.23 08:00,1785.308,1785.454,0.000082,1,1,1,short,8.0,55.5,44.4,0.14414,0.18018,1.05,1.01,-1.0200,-1.0200,0.00,0.00,-1.02,-1.0182,0.0018,full,sl,0
DS260914_XAMR30_V1_TRAIN,USDJPYm,1407,1406,2021.08.25 01:00:00,2021.08.25 01:30:00,2021.08.25 01:30:00,2021.08.25 01:30:00,2021.08.25 01:59:58,1.70543,109.708,0.106,0.062,0.052,0.047,0.082,2021.08.25 01:00,1795.823,1796.185,0.000202,1,1,1,short,8.0,52.2,41.8,0.15321,0.19152,1.03,0.94,-0.9500,-0.9500,0.00,0.00,-0.95,-0.9466,0.0034,full,sl,0
DS260914_XAMR30_V1_TRAIN,USDJPYm,1409,1408,2021.08.26 07:00:00,2021.08.26 07:30:00,2021.08.26 07:30:00,2021.08.26 07:30:00,2021.08.26 07:59:58,2.72356,109.961,0.201,0.074,0.057,0.049,0.081,2021.08.26 07:00,1784.439,1786.647,0.001237,1,1,1,short,8.0,56.6,45.3,0.14141,0.17677,1.02,0.52,-0.5200,-0.5200,0.00,0.00,-0.52,-0.5172,0.0028,full,sl,0
DS260914_XAMR30_V1_TRAIN,USDJPYm,1411,1410,2021.08.27 11:00:00,2021.08.27 11:30:00,2021.08.27 11:30:00,2021.08.27 11:30:00,2021.08.27 12:29:58,1.97273,110.046,0.113,0.057,0.051,0.051,0.083,2021.08.27 11:00,1794.443,1794.686,0.000135,1,1,1,short,8.0,51.4,41.1,0.15556,0.19444,1.01,0.93,-0.9300,-0.9300,0.00,0.00,-0.93,-0.9255,0.0045,full,sl,0
DS260914_XAMR30_V1_TRAIN,USDJPYm,1413,1412,2021.08.30 01:00:00,2021.08.30 01:30:00,2021.08.30 01:30:00,2021.08.30 01:30:00,2021.08.30 02:29:58,-1.64171,109.914,-0.178,0.108,0.057,0.052,0.087,2021.08.30 01:00,1820.942,1819.840,-0.000605,1,1,1,long,8.0,56.9,45.5,0.14070,0.17588,1.00,0.52,0.4100,0.4100,0.00,0.00,0.41,0.4099,0.0001,full,tp,0
DS260914_XAMR30_V1_TRAIN,USDJPYm,1415,1414,2021.08.31 12:00:00,2021.08.31 12:30:00,2021.08.31 12:30:00,2021.08.31 12:30:00,2021.08.31 12:59:58,-3.14526,109.870,-0.122,0.039,0.067,0.049,0.082,2021.08.31 12:00,1812.605,1811.981,-0.000344,1,1,1,long,8.0,66.7,53.4,0.11991,0.14989,1.00,0.61,-0.6100,-0.6100,0.00,0.00,-0.61,-0.6108,0.0008,full,sl,0
DS260914_XAMR30_V1_TRAIN,USDJPYm,1417,1416,2021.09.01 02:30:00,2021.09.01 03:00:00,2021.09.01 03:00:00,2021.09.01 03:00:00,2021.09.01 03:59:57,2.16325,109.982,0.232,0.107,0.049,0.049,0.083,2021.09.01 02:30,1811.673,1813.926,0.001244,1,1,1,short,8.0,49.0,39.2,0.16327,0.20408,0.99,0.89,0.7100,0.7100,0.00,0.00,0.71,0.7080,0.0020,full,tp,0
DS260914_XAMR30_V1_TRAIN,USDJPYm,1419,1418,2021.09.07 06:30:00,2021.09.07 07:00:00,2021.09.07 07:00:00,2021.09.07 07:00:00,2021.09.07 08:29:58,2.42924,109.819,0.098,0.040,0.053,0.044,0.072,2021.09.07 06:30,1816.624,1818.618,0.001098,1,1,1,short,8.0,53.4,42.7,0.14993,0.18742,1.01,0.97,-0.9600,-0.9600,0.00,0.00,-0.96,-0.9639,0.0039,full,sl,0
DS260914_XAMR30_V1_TRAIN,USDJPYm,1421,1420,2021.09.09 09:00:00,2021.09.09 09:30:00,2021.09.09 09:30:00,2021.09.09 09:30:00,2021.09.09 11:59:58,-2.64581,110.144,-0.236,0.089,0.059,0.044,0.071,2021.09.09 09:00,1794.737,1794.255,-0.000269,1,1,1,long,8.0,58.6,46.9,0.13659,0.17073,0.99,0.54,-0.5400,-0.5400,0.00,0.00,-0.54,-0.5371,0.0029,full,sl,0
DS260914_XAMR30_V1_TRAIN,USDJPYm,1423,1422,2021.09.13 05:00:00,2021.09.13 05:30:00,2021.09.13 05:30:00,2021.09.13 05:30:00,2021.09.13 06:29:58,2.67450,109.906,0.108,0.040,0.049,0.044,0.067,2021.09.13 05:00,1790.854,1791.278,0.000237,1,1,1,short,8.0,49.0,39.2,0.16327,0.20408,0.98,0.89,-0.8900,-0.8900,0.00,0.00,-0.89,-0.8904,0.0004,full,sl,0
DS260914_XAMR30_V1_TRAIN,USDJPYm,1425,1424,2021.09.14 11:00:00,2021.09.14 11:30:00,2021.09.14 11:30:00,2021.09.14 11:30:00,2021.09.14 12:59:58,2.04793,110.029,0.086,0.042,0.047,0.043,0.067,2021.09.14 11:00,1786.718,1787.787,0.000598,1,1,1,short,8.0,46.9,37.5,0.17047,0.21309,0.97,0.85,0.6900,0.6900,0.00,0.00,0.69,0.6904,0.0004,full,tp,0
DS260914_XAMR30_V1_TRAIN,USDJPYm,1427,1426,2021.09.15 06:00:00,2021.09.15 06:30:00,2021.09.15 06:30:00,2021.09.15 06:30:00,2021.09.15 07:29:57,-1.75894,109.722,-0.224,0.128,0.058,0.044,0.066,2021.09.15 06:00,1802.720,1801.623,-0.000609,1,1,1,long,8.0,57.8,46.2,0.13844,0.17305,0.98,0.53,0.4200,0.4200,0.00,0.00,0.42,0.4199,0.0001,full,tp,0
DS260914_XAMR30_V1_TRAIN,USDJPYm,1429,1428,2021.09.17 02:00:00,2021.09.17 02:30:00,2021.09.17 02:30:00,2021.09.17 02:30:00,2021.09.17 03:29:57,1.79623,109.623,0.252,0.140,0.052,0.043,0.069,2021.09.17 02:00,1754.939,1756.787,0.001053,1,1,1,short,8.0,52.1,41.7,0.15364,0.19204,0.99,0.95,0.7600,0.7600,0.00,0.00,0.76,0.7648,0.0048,full,tp,0
DS260914_XAMR30_V1_TRAIN,USDJPYm,1431,1430,2021.09.20 07:00:00,2021.09.20 07:30:00,2021.09.20 07:30:00,2021.09.20 07:30:00,2021.09.20 07:59:57,-1.64830,109.893,-0.142,0.086,0.057,0.044,0.067,2021.09.20 07:00,1753.113,1750.954,-0.001232,1,1,1,long,8.0,57.4,45.9,0.13930,0.17413,1.00,0.52,0.4200,0.4200,0.00,0.00,0.42,0.4189,0.0011,full,tp,0
DS260914_XAMR30_V1_TRAIN,USDJPYm,1433,1432,2021.09.21 20:00:00,2021.09.21 20:30:00,2021.09.21 20:30:00,2021.09.21 20:30:00,2021.09.21 21:29:58,-1.88600,109.398,-0.217,0.115,0.066,0.047,0.073,2021.09.21 20:00,1775.212,1774.202,-0.000569,1,1,1,long,43.0,66.4,53.1,0.64801,0.81001,1.00,0.60,-0.6000,-0.6000,0.00,0.00,-0.60,-0.6046,0.0046,full,sl,0
DS260914_XAMR30_V1_TRAIN,USDJPYm,1435,1434,2021.09.23 01:30:00,2021.09.23 02:00:00,2021.09.23 02:00:00,2021.09.23 02:00:00,2021.09.23 03:59:57,3.65970,109.641,0.239,0.065,0.061,0.048,0.077,2021.09.23 01:30,1763.154,1763.313,0.000090,1,1,1,short,8.0,61.3,49.0,0.13054,0.16317,0.99,0.56,0.4500,0.4500,0.00,0.00,0.45,0.4461,0.0039,full,tp,0
DS260914_XAMR30_V1_TRAIN,USDJPYm,1437,1436,2021.09.24 00:00:00,2021.09.24 00:30:00,2021.09.24 00:30:00,2021.09.24 00:30:00,2021.09.24 01:59:58,5.60239,110.072,0.328,0.059,0.051,0.047,0.079,2021.09.24 00:00,1746.201,1746.994,0.000454,1,1,1,short,8.0,51.4,41.1,0.15556,0.19444,1.00,0.94,0.7400,0.7400,0.00,0.00,0.74,0.7430,0.0030,full,tp,0
DS260914_XAMR30_V1_TRAIN,USDJPYm,1439,1438,2021.09.27 00:00:00,2021.09.27 00:30:00,2021.09.27 00:30:00,2021.09.27 00:30:00,2021.09.27 00:59:58,1.79820,110.570,0.115,0.064,0.052,0.047,0.080,2021.09.27 00:00,1749.526,1752.660,0.001791,1,1,1,short,8.0,52.2,41.8,0.15321,0.19152,1.01,0.94,-0.9400,-0.9400,0.00,0.00,-0.94,-0.9392,0.0008,full,sl,0
DS260914_XAMR30_V1_TRAIN,USDJPYm,1441,1440,2021.09.28 01:00:00,2021.09.28 01:30:00,2021.09.28 01:30:00,2021.09.28 01:30:00,2021.09.28 02:59:57,2.32546,110.885,0.217,0.093,0.054,0.048,0.083,2021.09.28 01:00,1749.545,1749.885,0.000194,1,1,1,short,8.0,54.4,43.5,0.14717,0.18397,1.00,0.98,-0.9700,-0.9700,0.00,0.00,-0.97,-0.9716,0.0016,full,sl,0
DS260914_XAMR30_V1_TRAIN,USDJPYm,1443,1442,2021.09.28 23:30:00,2021.09.29 00:00:00,2021.09.29 00:00:00,2021.09.29 00:00:00,2021.09.29 00:29:58,2.30124,111.348,0.177,0.077,0.072,0.052,0.088,2021.09.28 23:30,1734.194,1735.300,0.000638,1,1,1,short,8.0,72.3,57.8,0.11067,0.13834,0.98,0.65,-0.6500,-0.6500,0.00,0.00,-0.65,-0.6452,0.0048,full,sl,0
DS260914_XAMR30_V1_TRAIN,USDJPYm,1445,1444,2021.10.01 03:30:00,2021.10.01 04:00:00,2021.10.01 04:00:00,2021.10.01 04:00:00,2021.10.01 06:29:57,-1.61976,111.500,-0.350,0.216,0.087,0.054,0.092,2021.10.01 03:30,1754.531,1753.988,-0.000309,1,1,1,long,8.0,87.3,69.8,0.09165,0.11457,0.97,0.78,0.6300,0.6300,0.00,0.00,0.63,0.6293,0.0007,full,tp,0
DS260914_XAMR30_V1_TRAIN,USDJPYm,1447,1446,2021.10.03 22:30:00,2021.10.03 23:00:00,2021.10.03 23:00:00,2021.10.03 23:00:00,2021.10.03 23:59:58,-2.22442,111.127,-0.148,0.067,0.069,0.058,0.099,2021.10.03 22:30,1764.785,1763.859,-0.000525,1,1,1,long,11.0,68.9,55.1,0.15959,0.19948,0.98,0.62,-0.6200,-0.6200,0.00,0.00,-0.62,-0.6220,0.0020,full,sl,0
DS260914_XAMR30_V1_TRAIN,USDJPYm,1449,1448,2021.10.03 23:30:00,2021.10.04 00:00:00,2021.10.04 00:00:00,2021.10.04 00:00:00,2021.10.04 00:59:57,-2.51947,111.114,-0.171,0.068,0.068,0.058,0.099,2021.10.03 23:30,1763.631,1763.152,-0.000272,1,1,1,long,8.0,68.2,54.6,0.11728,0.14660,0.97,0.61,-0.6100,-0.6100,0.00,0.00,-0.61,-0.6132,0.0032,full,sl,0
DS260914_XAMR30_V1_TRAIN,USDJPYm,1451,1450,2021.10.05 14:00:00,2021.10.05 14:30:00,2021.10.05 14:30:00,2021.10.05 14:30:00,2021.10.05 14:59:58,2.40891,111.140,0.318,0.132,0.088,0.061,0.101,2021.10.05 14:00,1753.046,1753.386,0.000194,1,1,1,short,8.0,87.7,70.2,0.09121,0.11401,0.97,0.79,-0.7900,-0.7900,0.00,0.00,-0.79,-0.7889,0.0011,full,sl,0
DS260914_XAMR30_V1_TRAIN,USDJPYm,1453,1452,2021.10.06 02:00:00,2021.10.06 02:30:00,2021.10.06 02:30:00,2021.10.06 02:30:00,2021.10.06 03:29:58,2.98001,111.367,0.222,0.075,0.062,0.060,0.101,2021.10.06 02:00,1757.360,1757.645,0.000162,1,1,1,short,8.0,61.9,49.5,0.12918,0.16148,0.95,0.56,-0.5600,-0.5600,0.00,0.00,-0.56,-0.5553,0.0047,full,sl,0
DS260914_XAMR30_V1_TRAIN,USDJPYm,1455,1454,2021.10.07 17:00:00,2021.10.07 17:30:00,2021.10.07 17:30:00,2021.10.07 17:30:00,2021.10.07 20:59:57,1.99283,111.443,0.127,0.064,0.085,0.060,0.102,2021.10.07 17:00,1758.016,1758.918,0.000513,1,1,1,short,8.0,84.9,67.9,0.09428,0.11785,0.95,0.76,-0.7600,-0.7600,0.00,0.00,-0.76,-0.7613,0.0013,full,sl,0
DS260914_XAMR30_V1_TRAIN,USDJPYm,1457,1456,2021.10.08 07:30:00,2021.10.08 08:00:00,2021.10.08 08:00:00,2021.10.08 08:00:00,2021.10.08 09:29:57,2.33728,111.690,0.262,0.112,0.064,0.059,0.102,2021.10.08 07:30,1754.554,1756.327,0.001011,1,1,1,short,8.0,64.0,51.2,0.12500,0.15625,0.93,0.57,0.4600,0.4600,0.00,0.00,0.46,0.4558,0.0042,full,tp,0
DS260914_XAMR30_V1_TRAIN,USDJPYm,1459,1458,2021.10.10 22:30:00,2021.10.10 23:00:00,2021.10.10 23:00:00,2021.10.10 23:00:00,2021.10.11 00:29:58,2.62013,111.974,0.293,0.112,0.064,0.061,0.104,2021.10.10 22:30,1752.681,1755.094,0.001377,1,1,1,short,11.0,63.6,50.9,0.17284,0.21605,0.94,0.57,0.4500,0.4500,0.00,0.00,0.45,0.4545,0.0045,full,tp,0
DS260914_XAMR30_V1_TRAIN,USDJPYm,1461,1460,2021.10.11 00:00:00,2021.10.11 00:30:00,2021.10.11 00:30:00,2021.10.11 00:30:00,2021.10.11 00:59:58,1.68142,112.006,0.185,0.110,0.066,0.061,0.104,2021.10.11 00:00,1753.956,1757.186,0.001842,1,1,1,short,8.0,66.4,53.1,0.12056,0.15070,0.95,0.59,-0.5900,-0.5900,0.00,0.00,-0.59,-0.5879,0.0021,full,sl,0
DS260914_XAMR30_V1_TRAIN,USDJPYm,1463,1462,2021.10.12 00:30:00,2021.10.12 01:00:00,2021.10.12 01:00:00,2021.10.12 01:00:00,2021.10.12 01:29:58,4.20814,113.035,0.411,0.098,0.067,0.062,0.106,2021.10.12 00:30,1751.812,1751.962,0.000086,1,1,1,short,8.0,66.6,53.3,0.12004,0.15005,0.94,0.60,0.4700,0.4700,0.00,0.00,0.47,0.4674,0.0026,full,tp,0
DS260914_XAMR30_V1_TRAIN,USDJPYm,1465,1464,2021.10.13 20:30:00,2021.10.13 21:00:00,2021.10.13 21:00:00,2021.10.13 21:00:00,2021.10.14 00:29:58,-2.22670,113.430,-0.218,0.098,0.101,0.064,0.108,2021.10.13 20:30,1793.029,1792.929,-0.000056,1,1,1,long,43.0,101.0,80.8,0.42574,0.53218,0.95,0.89,0.7100,0.7100,0.00,0.00,0.71,0.7146,0.0046,full,tp,0
DS260914_XAMR30_V1_TRAIN,USDJPYm,1467,1466,2021.10.14 17:30:00,2021.10.14 18:00:00,2021.10.14 18:00:00,2021.10.14 18:00:00,2021.10.14 22:29:58,1.50841,113.491,0.187,0.124,0.100,0.066,0.108,2021.10.14 17:30,1796.427,1797.099,0.000374,1,1,1,short,8.0,100.1,80.1,0.07994,0.09993,0.96,0.88,-0.8800,-0.8800,0.00,0.00,-0.88,-0.8789,0.0011,full,sl,0
DS260914_XAMR30_V1_TRAIN,USDJPYm,1469,1468,2021.10.15 01:00:00,2021.10.15 01:30:00,2021.10.15 01:30:00,2021.10.15 01:30:00,2021.10.15 01:59:58,2.38100,113.604,0.223,0.094,0.070,0.065,0.108,2021.10.15 01:00,1794.546,1795.612,0.000594,1,1,1,short,8.0,69.6,55.7,0.11487,0.14359,0.94,0.62,-0.6100,-0.6100,0.00,0.00,-0.61,-0.6146,0.0046,full,sl,0
DS260914_XAMR30_V1_TRAIN,USDJPYm,1471,1470,2021.10.17 23:00:00,2021.10.17 23:30:00,2021.10.17 23:30:00,2021.10.17 23:30:00,2021.10.18 00:59:58,1.52673,114.133,0.175,0.115,0.073,0.065,0.109,2021.10.17 23:00,1768.472,1769.711,0.000701,1,1,1,short,11.0,73.3,58.6,0.15010,0.18762,0.93,0.64,0.5200,0.5200,0.00,0.00,0.52,0.5164,0.0036,full,tp,0
DS260914_XAMR30_V1_TRAIN,USDJPYm,1473,1472,2021.10.19 06:00:00,2021.10.19 06:30:00,2021.10.19 06:30:00,2021.10.19 06:30:00,2021.10.19 06:59:57,-1.93484,114.212,-0.156,0.080,0.081,0.064,0.108,2021.10.19 06:00,1777.474,1777.467,-0.000004,1,1,1,long,8.0,81.1,64.9,0.09868,0.12335,0.94,0.71,-0.7100,-0.7100,0.00,0.00,-0.71,-0.7106,0.0006,full,sl,0
DS260914_XAMR30_V1_TRAIN,USDJPYm,1475,1474,2021.10.20 00:30:00,2021.10.20 01:00:00,2021.10.20 01:00:00,2021.10.20 01:00:00,2021.10.20 01:29:58,2.43994,114.297,0.322,0.132,0.074,0.064,0.108,2021.10.20 00:30,1767.298,1769.073,0.001004,1,1,1,short,8.0,73.8,59.0,0.10842,0.13553,0.93,0.65,0.5200,0.5200,0.00,0.00,0.52,0.5150,0.0050,full,tp,0
DS260914_XAMR30_V1_TRAIN,USDJPYm,1477,1476,2021.10.21 04:00:00,2021.10.21 04:30:00,2021.10.21 04:30:00,2021.10.21 04:30:00,2021.10.21 04:59:58,-2.22556,114.302,-0.218,0.098,0.085,0.066,0.108,2021.10.21 04:00,1786.351,1785.595,-0.000423,1,1,1,long,8.0,85.0,68.0,0.09412,0.11765,0.94,0.74,-0.7500,-0.7500,0.00,0.00,-0.75,-0.7456,0.0044,full,sl,0
DS260914_XAMR30_V1_TRAIN,USDJPYm,1479,1478,2021.10.26 08:30:00,2021.10.26 09:00:00,2021.10.26 09:00:00,2021.10.26 09:00:00,2021.10.26 11:29:57,1.96897,113.820,0.175,0.089,0.070,0.070,0.110,2021.10.26 08:30,1802.103,1802.188,0.000047,1,1,1,short,8.0,70.3,56.2,0.11382,0.14228,0.93,0.61,0.4900,0.4900,0.00,0.00,0.49,0.4915,0.0015,full,tp,0
DS260914_XAMR30_V1_TRAIN,USDJPYm,1481,1480,2021.10.27 08:00:00,2021.10.27 08:30:00,2021.10.27 08:30:00,2021.10.27 08:30:00,2021.10.27 08:59:58,-2.25456,114.015,-0.277,0.123,0.084,0.069,0.107,2021.10.27 08:00,1787.490,1786.088,-0.000784,1,1,1,long,8.0,84.5,67.6,0.09467,0.11834,0.93,0.74,-0.7400,-0.7400,0.00,0.00,-0.74,-0.7390,0.0010,full,sl,0
DS260914_XAMR30_V1_TRAIN,USDJPYm,1483,1482,2021.10.28 02:30:00,2021.10.28 03:00:00,2021.10.28 03:00:00,2021.10.28 03:00:00,2021.10.28 04:29:58,-1.73414,113.796,-0.194,0.112,0.082,0.072,0.109,2021.10.28 02:30,1799.878,1799.584,-0.000163,1,1,1,long,8.0,81.6,65.3,0.09807,0.12259,0.92,0.72,-0.7200,-0.7200,0.00,0.00,-0.72,-0.7223,0.0023,full,sl,0
DS260914_XAMR30_V1_TRAIN,USDJPYm,1485,1484,2021.10.29 09:00:00,2021.10.29 09:30:00,2021.10.29 09:30:00,2021.10.29 09:30:00,2021.10.29 09:59:58,1.62726,113.601,0.171,0.105,0.097,0.073,0.110,2021.10.29 09:00,1792.742,1795.060,0.001293,1,1,1,short,8.0,97.0,77.6,0.08247,0.10309,0.91,0.85,0.6900,0.6900,0.00,0.00,0.69,0.6860,0.0040,full,tp,0
DS260914_XAMR30_V1_TRAIN,USDJPYm,1487,1486,2021.11.01 00:00:00,2021.11.01 00:30:00,2021.11.01 00:30:00,2021.11.01 00:30:00,2021.11.01 00:59:58,2.34683,113.895,0.285,0.121,0.083,0.073,0.110,2021.11.01 00:00,1780.020,1781.336,0.000739,1,1,1,short,8.0,83.1,66.5,0.09630,0.12038,0.92,0.73,0.5800,0.5800,0.00,0.00,0.58,0.5784,0.0016,full,tp,0
DS260914_XAMR30_V1_TRAIN,USDJPYm,1489,1488,2021.11.02 05:00:00,2021.11.02 05:30:00,2021.11.02 05:30:00,2021.11.02 05:30:00,2021.11.02 07:29:58,-2.07742,114.020,-0.326,0.157,0.101,0.073,0.106,2021.11.02 05:00,1794.003,1793.416,-0.000327,1,1,1,long,8.0,100.7,80.6,0.07943,0.09929,0.93,0.89,-0.8900,-0.8900,0.00,0.00,-0.89,-0.8891,0.0009,full,sl,0
DS260914_XAMR30_V1_TRAIN,USDJPYm,1491,1490,2021.11.03 14:30:00,2021.11.03 15:00:00,2021.11.03 15:00:00,2021.11.03 15:00:00,2021.11.03 15:29:58,2.80428,113.884,0.186,0.066,0.078,0.073,0.106,2021.11.03 14:30,1762.173,1763.155,0.000557,1,1,1,short,8.0,78.4,62.7,0.10200,0.12750,0.92,0.69,0.5500,0.5500,0.00,0.00,0.55,0.5526,0.0026,full,tp,0
DS260914_XAMR30_V1_TRAIN,USDJPYm,1493,1492,2021.11.04 01:30:00,2021.11.04 02:00:00,2021.11.04 02:00:00,2021.11.04 02:00:00,2021.11.04 05:59:57,2.78773,113.975,0.233,0.083,0.088,0.073,0.108,2021.11.04 01:30,1775.020,1775.481,0.000260,1,1,1,short,8.0,87.9,70.3,0.09098,0.11373,0.93,0.77,0.6100,0.6100,0.00,0.00,0.61,0.6133,0.0033,full,tp,0
DS260914_XAMR30_V1_TRAIN,USDJPYm,1495,1494,2021.11.08 14:30:00,2021.11.08 15:00:00,2021.11.08 15:00:00,2021.11.08 15:00:00,2021.11.08 15:59:57,-3.09283,113.488,-0.378,0.122,0.100,0.067,0.107,2021.11.08 14:30,1823.510,1822.453,-0.000580,1,1,1,long,8.0,99.9,79.9,0.08011,0.10014,0.94,0.88,0.7100,0.7100,0.00,0.00,0.71,0.7067,0.0033,full,tp,0
DS260914_XAMR30_V1_TRAIN,USDJPYm,1497,1496,2021.11.09 02:00:00,2021.11.09 02:30:00,2021.11.09 02:30:00,2021.11.09 02:30:00,2021.11.09 02:59:58,-2.44583,113.302,-0.259,0.106,0.069,0.065,0.106,2021.11.09 02:00,1824.823,1824.505,-0.000174,1,1,1,long,11.0,68.8,55.0,0.15992,0.19990,0.95,0.61,-0.6100,-0.6100,0.00,0.00,-0.61,-0.6107,0.0007,full,sl,0
DS260914_XAMR30_V1_TRAIN,USDJPYm,1499,1498,2021.11.10 08:00:00,2021.11.10 08:30:00,2021.11.10 08:30:00,2021.11.10 08:30:00,2021.11.10 08:59:58,1.97265,112.933,0.166,0.084,0.069,0.067,0.109,2021.11.10 08:00,1824.086,1826.375,0.001255,1,1,1,short,8.0,68.6,54.9,0.11667,0.14583,0.94,0.61,-0.6100,-0.6100,0.00,0.00,-0.61,-0.6097,0.0003,full,sl,0
DS260914_XAMR30_V1_TRAIN,USDJPYm,1501,1500,2021.11.11 00:00:00,2021.11.11 00:30:00,2021.11.11 00:30:00,2021.11.11 00:30:00,2021.11.11 01:29:58,1.63915,113.515,0.437,0.267,0.085,0.069,0.112,2021.11.11 00:00,1848.493,1850.469,0.001069,1,1,1,short,11.0,84.7,67.8,0.12985,0.16231,0.93,0.75,-0.7500,-0.7500,0.00,0.00,-0.75,-0.7454,0.0046,full,sl,0
DS260914_XAMR30_V1_TRAIN,USDJPYm,1503,1502,2021.11.15 18:00:00,2021.11.15 18:30:00,2021.11.15 18:30:00,2021.11.15 18:30:00,2021.11.15 20:59:58,1.94669,113.932,0.136,0.070,0.073,0.065,0.101,2021.11.15 18:00,1863.350,1864.202,0.000457,1,1,1,short,8.0,72.5,58.0,0.11034,0.13793,0.92,0.64,-0.6400,-0.6400,0.00,0.00,-0.64,-0.6396,0.0004,full,sl,0
DS260914_XAMR30_V1_TRAIN,USDJPYm,1505,1504,2021.11.16 01:30:00,2021.11.16 02:00:00,2021.11.16 02:00:00,2021.11.16 02:00:00,2021.11.16 02:29:58,2.57285,114.025,0.262,0.102,0.067,0.064,0.101,2021.11.16 01:30,1864.810,1865.880,0.000574,1,1,1,short,8.0,67.4,53.9,0.11864,0.14831,0.91,0.59,0.4700,0.4700,0.00,0.00,0.47,0.4727,0.0027,full,tp,0
DS260914_XAMR30_V1_TRAIN,USDJPYm,1507,1506,2021.11.17 00:00:00,2021.11.17 00:30:00,2021.11.17 00:30:00,2021.11.17 00:30:00,2021.11.17 01:29:58,2.64392,114.478,0.329,0.124,0.089,0.064,0.101,2021.11.17 00:00,1850.313,1853.038,0.001473,1,1,1,short,11.0,88.7,71.0,0.12399,0.15499,0.91,0.78,0.6200,0.6200,0.00,0.00,0.62,0.6188,0.0012,full,tp,0
DS260914_XAMR30_V1_TRAIN,USDJPYm,1509,1508,2021.11.22 23:00:00,2021.11.22 23:30:00,2021.11.22 23:30:00,2021.11.22 23:30:00,2021.11.23 00:59:57,1.53849,114.495,0.332,0.216,0.083,0.067,0.104,2021.11.22 23:00,1807.139,1809.541,0.001329,1,1,1,short,43.0,83.1,66.5,0.51718,0.64648,0.92,0.72,0.5800,0.5800,-0.12,0.00,0.46,0.5839,0.0039,full,tp,0
DS260914_XAMR30_V1_TRAIN,USDJPYm,1511,1510,2021.11.23 02:30:00,2021.11.23 03:00:00,2021.11.23 03:00:00,2021.11.23 03:00:00,2021.11.23 07:29:58,2.36560,114.588,0.491,0.208,0.080,0.067,0.104,2021.11.23 02:30,1809.257,1809.863,0.000335,1,1,1,short,8.0,80.2,64.2,0.09973,0.12467,0.93,0.70,0.5600,0.5600,0.00,0.00,0.56,0.5564,0.0036,full,tp,0
DS260914_XAMR30_V1_TRAIN,USDJPYm,1513,1512,2021.11.24 00:30:00,2021.11.24 01:00:00,2021.11.24 01:00:00,2021.11.24 01:00:00,2021.11.24 01:59:58,1.66865,114.955,0.240,0.144,0.080,0.068,0.110,2021.11.24 00:30,1791.238,1791.475,0.000132,1,1,1,short,8.0,79.9,63.9,0.10009,0.12511,0.94,0.70,0.5600,0.5600,0.00,0.00,0.56,0.5559,0.0041,full,tp,0
DS260914_XAMR30_V1_TRAIN,USDJPYm,1515,1514,2021.11.26 00:30:00,2021.11.26 01:00:00,2021.11.26 01:00:00,2021.11.26 01:00:00,2021.11.26 01:29:57,-3.49292,115.275,-0.333,0.095,0.091,0.062,0.108,2021.11.26 00:30,1792.777,1792.016,-0.000424,1,1,1,long,8.0,90.6,72.5,0.08833,0.11041,0.95,0.79,-0.7900,-0.7900,0.00,0.00,-0.79,-0.7923,0.0023,full,sl,0
DS260914_XAMR30_V1_TRAIN,USDJPYm,1517,1516,2021.12.03 08:30:00,2021.12.03 09:00:00,2021.12.03 09:00:00,2021.12.03 09:00:00,2021.12.03 10:29:58,1.61926,113.156,0.207,0.128,0.082,0.077,0.167,2021.12.03 08:30,1768.514,1769.772,0.000711,1,1,1,short,8.0,82.1,65.7,0.09739,0.12174,0.94,0.71,0.5800,0.5800,0.00,0.00,0.58,0.5825,0.0025,full,tp,0
DS260914_XAMR30_V1_TRAIN,USDJPYm,1519,1518,2021.12.07 14:00:00,2021.12.07 14:30:00,2021.12.07 14:30:00,2021.12.07 14:30:00,2021.12.07 15:29:58,1.95283,113.518,0.166,0.085,0.101,0.079,0.170,2021.12.07 14:00,1775.269,1778.829,0.002005,1,1,1,short,8.0,100.7,80.6,0.07943,0.09929,0.94,0.89,0.7100,0.7100,0.00,0.00,0.71,0.7130,0.0030,full,tp,0
DS260914_XAMR30_V1_TRAIN,USDJPYm,1521,1520,2021.12.10 14:30:00,2021.12.10 15:00:00,2021.12.10 15:00:00,2021.12.10 15:00:00,2021.12.10 15:29:57,-1.68588,113.564,-0.171,0.101,0.096,0.081,0.168,2021.12.10 14:30,1784.719,1780.125,-0.002574,1,1,1,long,8.0,96.0,76.8,0.08333,0.10417,0.96,0.85,-0.8500,-0.8500,0.00,0.00,-0.85,-0.8473,0.0027,full,sl,0
DS260914_XAMR30_V1_TRAIN,USDJPYm,1523,1522,2021.12.14 15:30:00,2021.12.14 16:00:00,2021.12.14 16:00:00,2021.12.14 16:00:00,2021.12.14 16:59:58,1.98011,113.590,0.128,0.064,0.096,0.072,0.127,2021.12.14 15:30,1771.645,1774.166,0.001423,1,1,1,short,8.0,96.4,77.1,0.08296,0.10370,0.94,0.85,0.6800,0.6800,0.00,0.00,0.68,0.6776,0.0024,full,tp,0
DS260914_XAMR30_V1_TRAIN,USDJPYm,1525,1524,2021.12.15 16:30:00,2021.12.15 17:00:00,2021.12.15 17:00:00,2021.12.15 17:00:00,2021.12.15 17:59:58,2.03149,113.748,0.082,0.040,0.068,0.065,0.116,2021.12.15 16:30,1766.791,1767.871,0.000611,1,1,1,short,8.0,68.2,54.6,0.11728,0.14660,0.95,0.60,-0.6000,-0.6000,0.00,0.00,-0.60,-0.5970,0.0030,full,sl,0
DS260914_XAMR30_V1_TRAIN,USDJPYm,1527,1526,2021.12.16 02:30:00,2021.12.16 03:00:00,2021.12.16 03:00:00,2021.12.16 03:00:00,2021.12.16 04:59:57,2.23214,113.924,0.196,0.088,0.085,0.065,0.113,2021.12.16 02:30,1782.212,1782.424,0.000119,1,1,1,short,8.0,84.6,67.7,0.09451,0.11814,0.94,0.75,0.6000,0.6000,0.00,0.00,0.60,0.5962,0.0038,full,tp,0
DS260914_XAMR30_V1_TRAIN,USDJPYm,1529,1528,2021.12.17 13:30:00,2021.12.17 14:00:00,2021.12.17 14:00:00,2021.12.17 14:00:00,2021.12.17 15:29:58,-3.13867,113.616,-0.283,0.090,0.105,0.064,0.107,2021.12.17 13:30,1812.286,1806.490,-0.003198,1,1,1,long,8.0,104.9,83.9,0.07624,0.09530,0.95,0.92,0.7400,0.7400,0.00,0.00,0.74,0.7406,0.0006,full,tp,0
DS260914_XAMR30_V1_TRAIN,USDJPYm,1531,1530,2021.12.20 07:00:00,2021.12.20 07:30:00,2021.12.20 07:30:00,2021.12.20 07:30:00,2021.12.20 07:59:57,-1.52392,113.565,-0.192,0.126,0.086,0.064,0.106,2021.12.20 07:00,1802.126,1799.124,-0.001666,1,1,1,long,8.0,86.1,68.9,0.09287,0.11609,0.96,0.76,0.6100,0.6100,0.00,0.00,0.61,0.6082,0.0018,full,tp,0
DS260914_XAMR30_V1_TRAIN,USDJPYm,1533,1532,2021.12.21 16:30:00,2021.12.21 17:00:00,2021.12.21 17:00:00,2021.12.21 17:00:00,2021.12.21 17:59:58,4.58061,113.726,0.403,0.088,0.075,0.063,0.101,2021.12.21 16:30,1785.558,1788.210,0.001485,1,1,1,short,8.0,75.0,60.0,0.10667,0.13333,0.97,0.66,-0.6600,-0.6600,0.00,0.00,-0.66,-0.6567,0.0033,full,sl,0
DS260914_XAMR30_V1_TRAIN,USDJPYm,1535,1534,2021.12.22 01:00:00,2021.12.22 01:30:00,2021.12.22 01:30:00,2021.12.22 01:30:00,2021.12.22 02:59:58,1.64382,113.909,0.209,0.127,0.066,0.062,0.101,2021.12.22 01:00,1788.918,1789.317,0.000223,1,1,1,short,8.0,65.7,52.6,0.12174,0.15217,0.96,0.58,0.4600,0.4600,0.00,0.00,0.46,0.4647,0.0047,full,tp,0
DS260914_XAMR30_V1_TRAIN,USDJPYm,1537,1536,2021.12.23 15:00:00,2021.12.23 15:30:00,2021.12.23 15:30:00,2021.12.23 15:30:00,2021.12.23 15:59:57,2.03086,114.232,0.144,0.071,0.064,0.058,0.095,2021.12.23 15:00,1802.935,1805.494,0.001419,1,1,1,short,8.0,64.5,51.6,0.12403,0.15504,0.97,0.57,-0.5700,-0.5700,0.00,0.00,-0.57,-0.5680,0.0020,full,sl,0
DS260914_XAMR30_V1_TRAIN,USDJPYm,1539,1538,2021.12.27 09:00:00,2021.12.27 09:30:00,2021.12.27 09:30:00,2021.12.27 09:30:00,2021.12.27 10:29:58,5.13334,114.412,0.269,0.052,0.052,0.052,0.088,2021.12.27 09:00,1805.983,1806.038,0.000030,1,1,1,short,8.0,51.6,41.3,0.15491,0.19364,0.96,0.90,0.7200,0.7200,0.00,0.00,0.72,0.7153,0.0047,full,tp,0
DS260914_XAMR30_V1_TRAIN,USDJPYm,1541,1540,2021.12.28 00:30:00,2021.12.28 01:00:00,2021.12.28 01:00:00,2021.12.28 01:00:00,2021.12.28 01:59:57,2.05962,114.711,0.181,0.088,0.052,0.050,0.088,2021.12.28 00:30,1811.337,1811.407,0.000039,1,1,1,short,8.0,52.2,41.8,0.15321,0.19152,0.97,0.91,0.7300,0.7300,0.00,0.00,0.73,0.7314,0.0014,full,tp,0
DS260914_XAMR30_V1_TRAIN,USDJPYm,1543,1542,2021.12.30 01:30:00,2021.12.30 02:00:00,2021.12.30 02:00:00,2021.12.30 02:00:00,2021.12.30 03:29:57,1.86860,114.920,0.108,0.058,0.048,0.048,0.086,2021.12.30 01:30,1802.393,1803.310,0.000509,1,1,1,short,8.0,48.2,38.6,0.16593,0.20741,0.98,0.84,0.6800,0.6800,0.00,0.00,0.68,0.6783,0.0017,full,tp,0
DS260914_XAMR30_V1_TRAIN,USDJPYm,1545,1544,2021.12.31 17:30:00,2021.12.31 18:00:00,2021.12.31 18:00:00,2021.12.31 18:00:00,2021.12.31 18:29:57,-1.74992,115.086,-0.065,0.037,0.072,0.045,0.075,2021.12.31 17:30,1826.765,1826.543,-0.000122,1,1,1,long,8.0,72.0,57.6,0.11111,0.13889,0.99,0.63,0.5000,0.5000,0.00,0.00,0.50,0.5040,0.0040,full,tp,0
DS260914_XAMR30_V1_TRAIN,USDJPYm,1547,1546,2022.01.03 00:00:00,2022.01.03 00:30:00,2022.01.03 00:30:00,2022.01.03 00:30:00,2022.01.03 05:59:58,4.57827,115.091,0.146,0.032,0.073,0.045,0.074,2022.01.03 00:00,1828.453,1828.932,0.000262,1,1,1,short,11.0,72.7,58.2,0.15128,0.18910,1.00,0.63,-0.6300,-0.6300,0.00,0.00,-0.63,-0.6331,0.0031,full,sl,0
DS260914_XAMR30_V1_TRAIN,USDJPYm,1549,1548,2022.01.04 00:30:00,2022.01.04 01:00:00,2022.01.04 01:00:00,2022.01.04 01:00:00,2022.01.04 01:59:58,1.58087,115.251,0.133,0.084,0.060,0.045,0.069,2022.01.04 00:30,1803.531,1804.397,0.000480,1,1,1,short,8.0,60.0,48.0,0.13333,0.16667,0.99,0.52,-0.5200,-0.5200,0.00,0.00,-0.52,-0.5197,0.0003,full,sl,0
DS260914_XAMR30_V1_TRAIN,USDJPYm,1551,1550,2022.01.05 00:00:00,2022.01.05 00:30:00,2022.01.05 00:30:00,2022.01.05 00:30:00,2022.01.05 00:59:58,1.52438,115.950,0.219,0.144,0.069,0.045,0.072,2022.01.05 00:00,1813.885,1813.980,0.000052,1,1,1,short,11.0,68.7,55.0,0.16008,0.20010,0.98,0.60,-0.5900,-0.5900,0.00,0.00,-0.59,-0.5936,0.0036,full,sl,0
DS260914_XAMR30_V1_TRAIN,USDJPYm,1553,1552,2022.01.07 14:30:00,2022.01.07 15:00:00,2022.01.07 15:00:00,2022.01.07 15:00:00,2022.01.07 15:29:58,-2.45440,115.846,-0.159,0.065,0.088,0.046,0.091,2022.01.07 14:30,1792.074,1790.948,-0.000628,1,1,1,long,8.0,88.5,70.8,0.09040,0.11299,0.97,0.76,-0.7600,-0.7600,0.00,0.00,-0.76,-0.7612,0.0012,full,sl,0
DS260914_XAMR30_V1_TRAIN,USDJPYm,1555,1554,2022.01.10 11:30:00,2022.01.10 12:00:00,2022.01.10 12:00:00,2022.01.10 12:00:00,2022.01.10 12:29:58,-3.34016,115.681,-0.374,0.112,0.076,0.048,0.092,2022.01.10 11:30,1800.986,1800.552,-0.000241,1,1,1,long,8.0,75.8,60.6,0.10556,0.13195,0.96,0.66,-0.6600,-0.6600,0.00,0.00,-0.66,-0.6595,0.0005,full,sl,0
DS260914_XAMR30_V1_TRAIN,USDJPYm,1557,1556,2022.01.13 23:00:00,2022.01.13 23:30:00,2022.01.13 23:30:00,2022.01.13 23:30:00,2022.01.13 23:59:58,-2.43360,114.354,-0.201,0.083,0.067,0.061,0.100,2022.01.13 23:00,1821.473,1821.224,-0.000137,1,1,1,long,43.0,67.3,53.8,0.63907,0.79883,0.95,0.58,-0.5900,-0.5900,0.00,0.00,-0.59,-0.5871,0.0029,full,sl,0
DS260914_XAMR30_V1_TRAIN,USDJPYm,1559,1558,2022.01.13 23:30:00,2022.01.14 00:00:00,2022.01.14 00:00:00,2022.01.14 00:00:00,2022.01.14 00:29:57,-3.12715,114.343,-0.262,0.084,0.069,0.061,0.100,2022.01.13 23:30,1821.255,1820.818,-0.000240,1,1,1,long,11.0,69.4,55.5,0.15860,0.19825,0.94,0.61,-0.6100,-0.6100,0.00,0.00,-0.61,-0.6050,0.0050,full,sl,0
DS260914_XAMR30_V1_TRAIN,USDJPYm,1561,1560,2022.01.19 04:30:00,2022.01.19 05:00:00,2022.01.19 05:00:00,2022.01.19 05:00:00,2022.01.19 05:29:58,-1.93129,114.599,-0.225,0.117,0.091,0.066,0.112,2022.01.19 04:30,1811.844,1811.725,-0.000066,1,1,1,long,8.0,91.1,72.9,0.08784,0.10980,0.94,0.80,-0.8000,-0.8000,0.00,0.00,-0.80,-0.7962,0.0038,full,sl,0
DS260914_XAMR30_V1_TRAIN,USDJPYm,1563,1562,2022.01.20 01:30:00,2022.01.20 02:00:00,2022.01.20 02:00:00,2022.01.20 02:00:00,2022.01.20 02:29:58,-1.71660,114.365,-0.168,0.098,0.096,0.066,0.111,2022.01.20 01:30,1843.444,1841.319,-0.001153,1,1,1,long,8.0,95.6,76.5,0.08364,0.10456,0.92,0.84,0.6700,0.6700,0.00,0.00,0.67,0.6738,0.0038,full,tp,0
DS260914_XAMR30_V1_TRAIN,USDJPYm,1565,1564,2022.01.20 23:30:00,2022.01.21 00:00:00,2022.01.21 00:00:00,2022.01.21 00:00:00,2022.01.21 00:29:58,-2.05914,114.191,-0.219,0.106,0.092,0.066,0.110,2022.01.20 23:30,1839.132,1838.889,-0.000132,1,1,1,long,11.0,92.1,73.7,0.11938,0.14922,0.93,0.80,-0.8100,-0.8100,0.00,0.00,-0.81,-0.8077,0.0023,full,sl,0
DS260914_XAMR30_V1_TRAIN,USDJPYm,1567,1566,2022.01.24 08:30:00,2022.01.24 09:00:00,2022.01.24 09:00:00,2022.01.24 09:00:00,2022.01.24 09:29:57,-1.87698,113.795,-0.213,0.113,0.085,0.069,0.112,2022.01.24 08:30,1840.935,1840.481,-0.000247,1,1,1,long,8.0,84.9,67.9,0.09428,0.11785,0.92,0.75,-0.7500,-0.7500,0.00,0.00,-0.75,-0.7489,0.0011,full,sl,0
DS260914_XAMR30_V1_TRAIN,USDJPYm,1569,1568,2022.01.24 23:30:00,2022.01.25 00:00:00,2022.01.25 00:00:00,2022.01.25 00:00:00,2022.01.25 00:59:58,1.65762,113.827,0.167,0.101,0.090,0.072,0.115,2022.01.24 23:30,1842.664,1843.521,0.000465,1,1,1,short,11.0,89.7,71.8,0.12261,0.15326,0.91,0.79,0.6300,0.6300,0.00,0.00,0.63,0.6319,0.0019,full,tp,0
DS260914_XAMR30_V1_TRAIN,USDJPYm,1571,1570,2022.01.26 13:00:00,2022.01.26 13:30:00,2022.01.26 13:30:00,2022.01.26 13:30:00,2022.01.26 14:59:58,2.85641,113.989,0.278,0.097,0.071,0.070,0.114,2022.01.26 13:00,1846.737,1846.872,0.000073,1,1,1,short,8.0,71.4,57.1,0.11211,0.14014,0.92,0.62,-0.6200,-0.6200,0.00,0.00,-0.62,-0.6210,0.0010,full,sl,0
DS260914_XAMR30_V1_TRAIN,USDJPYm,1573,1572,2022.01.27 04:00:00,2022.01.27 04:30:00,2022.01.27 04:30:00,2022.01.27 04:30:00,2022.01.27 06:29:58,1.96648,114.387,0.239,0.122,0.092,0.073,0.114,2022.01.27 04:00,1815.876,1815.982,0.000058,1,1,1,short,8.0,92.4,73.9,0.08662,0.10828,0.91,0.80,-0.8000,-0.8000,0.00,0.00,-0.80,-0.8020,0.0020,full,sl,0
DS260914_XAMR30_V1_TRAIN,USDJPYm,1575,1574,2022.01.28 00:30:00,2022.01.28 01:00:00,2022.01.28 01:00:00,2022.01.28 01:00:00,2022.01.28 03:59:58,2.32076,115.099,0.346,0.149,0.091,0.074,0.115,2022.01.28 00:30,1795.814,1797.199,0.000771,1,1,1,short,8.0,90.9,72.7,0.08805,0.11006,0.90,0.79,0.6300,0.6300,0.00,0.00,0.63,0.6327,0.0027,full,tp,0
DS260914_XAMR30_V1_TRAIN,USDJPYm,1577,1576,2022.02.01 09:30:00,2022.02.01 10:00:00,2022.02.01 10:00:00,2022.02.01 10:00:00,2022.02.01 12:29:58,-3.48980,115.086,-0.403,0.115,0.096,0.077,0.114,2022.02.01 09:30,1806.435,1805.421,-0.000561,1,1,1,long,8.0,95.5,76.4,0.08377,0.10471,0.91,0.82,-0.8300,-0.8300,0.00,0.00,-0.83,-0.8290,0.0010,full,sl,0
DS260914_XAMR30_V1_TRAIN,USDJPYm,1579,1578,2022.02.02 11:30:00,2022.02.02 12:00:00,2022.02.02 12:00:00,2022.02.02 12:00:00,2022.02.02 12:29:58,-3.25888,114.670,-0.332,0.102,0.080,0.075,0.111,2022.02.02 11:30,1802.883,1802.784,-0.000055,1,1,1,long,8.0,79.5,63.6,0.10063,0.12579,0.90,0.69,-0.6900,-0.6900,0.00,0.00,-0.69,-0.6914,0.0014,full,sl,0
DS260914_XAMR30_V1_TRAIN,USDJPYm,1581,1580,2022.02.03 15:00:00,2022.02.03 15:30:00,2022.02.03 15:30:00,2022.02.03 15:30:00,2022.02.03 15:59:58,1.79288,114.635,0.300,0.167,0.098,0.073,0.111,2022.02.03 15:00,1791.404,1799.171,0.004336,1,1,1,short,8.0,97.9,78.3,0.08175,0.10219,0.88,0.86,0.6800,0.6800,0.00,0.00,0.68,0.6791,0.0009,full,tp,0
DS260914_XAMR30_V1_TRAIN,USDJPYm,1583,1582,2022.02.07 01:30:00,2022.02.07 02:00:00,2022.02.07 02:00:00,2022.02.07 02:00:00,2022.02.07 05:29:58,1.65255,115.113,0.176,0.106,0.073,0.069,0.112,2022.02.07 01:30,1809.724,1810.346,0.000344,1,1,1,short,8.0,72.7,58.2,0.11002,0.13752,0.90,0.64,-0.6300,-0.6300,0.00,0.00,-0.63,-0.6328,0.0028,full,sl,0
DS260914_XAMR30_V1_TRAIN,USDJPYm,1585,1584,2022.02.08 02:30:00,2022.02.08 03:00:00,2022.02.08 03:00:00,2022.02.08 03:00:00,2022.02.08 03:59:58,2.08455,115.140,0.241,0.116,0.071,0.066,0.108,2022.02.08 02:30,1821.758,1821.989,0.000127,1,1,1,short,8.0,71.1,56.9,0.11245,0.14056,0.89,0.62,0.4900,0.4900,0.00,0.00,0.49,0.4943,0.0043,full,tp,0
DS260914_XAMR30_V1_TRAIN,USDJPYm,1587,1586,2022.02.10 09:30:00,2022.02.10 10:00:00,2022.02.10 10:00:00,2022.02.10 10:00:00,2022.02.10 13:59:57,3.72379,115.552,0.230,0.062,0.081,0.064,0.104,2022.02.10 09:30,1831.339,1832.492,0.000630,1,1,1,short,8.0,80.6,64.5,0.09920,0.12400,0.89,0.70,-0.7000,-0.7000,0.00,0.00,-0.70,-0.6991,0.0009,full,sl,0
DS260914_XAMR30_V1_TRAIN,USDJPYm,1589,1588,2022.02.10 23:30:00,2022.02.11 00:00:00,2022.02.11 00:00:00,2022.02.11 00:00:00,2022.02.11 00:29:58,1.62841,115.831,0.199,0.122,0.091,0.064,0.106,2022.02.10 23:30,1826.612,1826.796,0.000101,1,1,1,short,11.0,91.1,72.9,0.12069,0.15086,0.88,0.78,-0.7800,-0.7800,0.00,0.00,-0.78,-0.7836,0.0036,full,sl,0
DS260914_XAMR30_V1_TRAIN,USDJPYm,1591,1590,2022.02.14 08:30:00,2022.02.14 09:00:00,2022.02.14 09:00:00,2022.02.14 09:00:00,2022.02.14 09:29:58,-2.20637,115.549,-0.432,0.196,0.099,0.064,0.101,2022.02.14 08:30,1858.023,1856.711,-0.000706,1,1,1,long,8.0,99.3,79.4,0.08058,0.10072,0.87,0.85,0.6900,0.6900,0.00,0.00,0.69,0.6857,0.0043,full,tp,0
DS260914_XAMR30_V1_TRAIN,USDJPYm,1593,1592,2022.02.16 14:00:00,2022.02.16 14:30:00,2022.02.16 14:30:00,2022.02.16 14:30:00,2022.02.16 14:59:58,-2.28589,115.635,-0.150,0.065,0.090,0.062,0.101,2022.02.16 14:00,1858.689,1858.224,-0.000250,1,1,1,long,8.0,90.1,72.1,0.08875,0.11094,0.88,0.78,-0.7800,-0.7800,0.00,0.00,-0.78,-0.7799,0.0001,full,sl,0
DS260914_XAMR30_V1_TRAIN,USDJPYm,1595,1594,2022.02.17 04:00:00,2022.02.17 04:30:00,2022.02.17 04:30:00,2022.02.17 04:30:00,2022.02.17 05:29:58,-2.47451,115.482,-0.246,0.100,0.094,0.063,0.101,2022.02.17 04:00,1874.547,1872.786,-0.000939,1,1,1,long,8.0,93.8,75.0,0.08530,0.10663,0.87,0.81,0.6500,0.6500,0.00,0.00,0.65,0.6504,0.0004,full,tp,0
DS260914_XAMR30_V1_TRAIN,USDJPYm,1597,1596,2022.02.18 00:30:00,2022.02.18 01:00:00,2022.02.18 01:00:00,2022.02.18 01:00:00,2022.02.18 01:29:57,-1.71701,115.068,-0.156,0.091,0.085,0.064,0.113,2022.02.18 00:30,1902.240,1899.456,-0.001464,1,1,1,long,8.0,84.8,67.8,0.09436,0.11794,0.88,0.74,0.5900,0.5900,0.00,0.00,0.59,0.5914,0.0014,full,tp,0
DS260914_XAMR30_V1_TRAIN,USDJPYm,1599,1598,2022.02.21 11:30:00,2022.02.21 12:00:00,2022.02.21 12:00:00,2022.02.21 12:00:00,2022.02.21 12:29:58,-2.05507,114.978,-0.108,0.052,0.065,0.065,0.108,2022.02.21 11:30,1896.906,1894.581,-0.001226,1,1,1,long,8.0,64.7,51.8,0.12362,0.15453,0.89,0.57,0.4500,0.4500,0.00,0.00,0.45,0.4525,0.0025,full,tp,0
DS260914_XAMR30_V1_TRAIN,USDJPYm,1601,1600,2022.02.21 23:30:00,2022.02.22 00:00:00,2022.02.22 00:00:00,2022.02.22 00:00:00,2022.02.22 00:29:57,-4.72711,114.833,-0.248,0.052,0.068,0.063,0.108,2022.02.21 23:30,1909.851,1909.377,-0.000248,1,1,1,long,10.0,68.4,54.7,0.14614,0.18267,0.89,0.59,-0.5900,-0.5900,0.00,0.00,-0.59,-0.5936,0.0036,full,sl,0
DS260914_XAMR30_V1_TRAIN,USDJPYm,1603,1602,2022.02.23 14:30:00,2022.02.23 15:00:00,2022.02.23 15:00:00,2022.02.23 15:00:00,2022.02.23 15:29:58,1.64436,115.033,0.109,0.067,0.079,0.062,0.108,2022.02.23 14:30,1900.293,1905.964,0.002984,1,1,1,short,8.0,78.9,63.1,0.10136,0.12670,0.89,0.69,0.5500,0.5500,0.00,0.00,0.55,0.5475,0.0025,full,tp,0
DS260914_XAMR30_V1_TRAIN,USDJPYm,1605,1604,2022.02.23 23:30:00,2022.02.24 00:00:00,2022.02.24 00:00:00,2022.02.24 00:00:00,2022.02.24 00:29:58,-1.98875,115.005,-0.126,0.064,0.066,0.062,0.108,2022.02.23 23:30,1910.836,1910.758,-0.000041,1,1,1,long,11.0,65.8,52.6,0.16721,0.20901,0.89,0.57,-0.5700,-0.5700,0.00,0.00,-0.57,-0.5747,0.0047,full,sl,0
DS260914_XAMR30_V1_TRAIN,USDJPYm,1607,1606,2022.02.25 17:30:00,2022.02.25 18:00:00,2022.02.25 18:00:00,2022.02.25 18:00:00,2022.02.25 19:29:57,2.00412,115.398,0.349,0.174,0.099,0.066,0.116,2022.02.25 17:30,1883.875,1887.390,0.001866,1,1,1,short,8.0,98.6,78.9,0.08116,0.10145,0.89,0.86,0.6800,0.6800,0.00,0.00,0.68,0.6830,0.0030,full,tp,0
DS260914_XAMR30_V1_TRAIN,USDJPYm,1609,1608,2022.02.28 14:00:00,2022.02.28 14:30:00,2022.02.28 14:30:00,2022.02.28 14:30:00,2022.02.28 14:59:58,-1.88645,115.497,-0.198,0.105,0.079,0.067,0.114,2022.02.28 14:00,1917.033,1915.867,-0.000608,1,1,1,long,8.0,79.3,63.4,0.10090,0.12613,0.90,0.68,-0.6900,-0.6900,0.00,0.00,-0.69,-0.6856,0.0044,full,sl,0
DS260914_XAMR30_V1_TRAIN,USDJPYm,1611,1610,2022.03.01 09:30:00,2022.03.01 10:00:00,2022.03.01 10:00:00,2022.03.01 10:00:00,2022.03.01 10:29:58,-2.33902,115.131,-0.356,0.152,0.075,0.067,0.112,2022.03.01 09:30,1916.741,1916.229,-0.000267,1,1,1,long,8.0,75.4,60.3,0.10616,0.13270,0.89,0.65,0.5200,0.5200,0.00,0.00,0.52,0.5225,0.0025,full,tp,0
DS260914_XAMR30_V1_TRAIN,USDJPYm,1613,1612,2022.03.02 10:30:00,2022.03.02 11:00:00,2022.03.02 11:00:00,2022.03.02 11:00:00,2022.03.02 12:29:58,1.56648,115.037,0.236,0.151,0.081,0.067,0.112,2022.03.02 10:30,1921.713,1926.561,0.002523,1,1,1,short,8.0,80.6,64.5,0.09920,0.12400,0.89,0.71,-0.7000,-0.7000,0.00,0.00,-0.70,-0.7022,0.0022,full,sl,0
DS260914_XAMR30_V1_TRAIN,USDJPYm,1615,1614,2022.03.08 01:30:00,2022.03.08 02:00:00,2022.03.08 02:00:00,2022.03.08 02:00:00,2022.03.08 02:59:58,1.60450,115.244,0.231,0.144,0.085,0.071,0.111,2022.03.08 01:30,1981.386,1985.049,0.001849,1,1,1,short,8.0,84.5,67.6,0.09467,0.11834,0.88,0.74,0.5900,0.5900,0.00,0.00,0.59,0.5892,0.0008,full,tp,0
DS260914_XAMR30_V1_TRAIN,USDJPYm,1617,1616,2022.03.09 01:00:00,2022.03.09 01:30:00,2022.03.09 01:30:00,2022.03.09 01:30:00,2022.03.09 02:29:58,4.29758,115.595,0.314,0.073,0.076,0.074,0.112,2022.03.09 01:00,2038.630,2040.726,0.001028,1,1,1,short,8.0,75.6,60.5,0.10576,0.13220,0.89,0.66,0.5300,0.5300,0.00,0.00,0.53,0.5266,0.0034,full,tp,0
DS260914_XAMR30_V1_TRAIN,USDJPYm,1619,1618,2022.03.10 14:00:00,2022.03.10 14:30:00,2022.03.10 14:30:00,2022.03.10 14:30:00,2022.03.10 15:59:58,1.85172,115.937,0.173,0.094,0.095,0.074,0.112,2022.03.10 14:00,1996.449,2002.119,0.002840,1,1,1,short,8.0,95.1,76.1,0.08408,0.10511,0.90,0.82,0.6600,0.6600,0.00,0.00,0.66,0.6550,0.0050,full,tp,0
DS260914_XAMR30_V1_TRAIN,USDJPYm,1621,1620,2022.03.11 06:00:00,2022.03.11 06:30:00,2022.03.11 06:30:00,2022.03.11 06:30:00,2022.03.11 07:29:58,3.51300,116.202,0.453,0.129,0.098,0.073,0.107,2022.03.11 06:00,1983.644,1987.151,0.001768,1,1,1,short,8.0,97.7,78.2,0.08187,0.10234,0.91,0.85,-0.8400,-0.8400,0.00,0.00,-0.84,-0.8394,0.0006,full,sl,0
DS260914_XAMR30_V1_TRAIN,USDJPYm,1623,1622,2022.03.13 22:30:00,2022.03.13 23:00:00,2022.03.13 23:00:00,2022.03.13 23:00:00,2022.03.13 23:59:57,4.69476,116.919,0.580,0.124,0.089,0.073,0.106,2022.03.13 22:30,1973.710,1980.361,0.003370,1,1,1,short,11.0,89.4,71.5,0.12300,0.15375,0.90,0.76,-0.7600,-0.7600,0.00,0.00,-0.76,-0.7568,0.0032,full,sl,0
DS260914_XAMR30_V1_TRAIN,USDJPYm,1625,1624,2022.03.14 00:30:00,2022.03.14 01:00:00,2022.03.14 01:00:00,2022.03.14 01:00:00,2022.03.14 01:59:58,4.70616,117.016,0.510,0.108,0.096,0.073,0.106,2022.03.14 00:30,1971.763,1977.231,0.002773,1,1,1,short,8.0,96.4,77.1,0.08302,0.10378,0.89,0.82,-0.8200,-0.8200,0.00,0.00,-0.82,-0.8162,0.0038,full,sl,0
DS260914_XAMR30_V1_TRAIN,USDJPYm,1627,1626,2022.03.15 06:00:00,2022.03.15 06:30:00,2022.03.15 06:30:00,2022.03.15 06:30:00,2022.03.15 07:29:58,3.62125,118.058,0.265,0.073,0.100,0.073,0.106,2022.03.15 06:00,1925.971,1926.600,0.000327,1,1,1,short,8.0,100.3,80.2,0.07977,0.09972,0.87,0.85,0.6800,0.6800,0.00,0.00,0.68,0.6766,0.0034,full,tp,0
DS260914_XAMR30_V1_TRAIN,USDJPYm,1629,1628,2022.03.16 14:30:00,2022.03.16 15:00:00,2022.03.16 15:00:00,2022.03.16 15:00:00,2022.03.16 15:59:58,2.02468,118.256,0.150,0.074,0.087,0.073,0.107,2022.03.16 14:30,1909.038,1909.800,0.000399,1,1,1,short,8.0,87.4,69.9,0.09150,0.11438,0.88,0.74,-0.7300,-0.7300,0.00,0.00,-0.73,-0.7342,0.0042,full,sl,0
DS260914_XAMR30_V1_TRAIN,USDJPYm,1631,1630,2022.03.17 07:00:00,2022.03.17 07:30:00,2022.03.17 07:30:00,2022.03.17 07:30:00,2022.03.17 07:59:58,1.50877,118.626,0.195,0.129,0.103,0.073,0.109,2022.03.17 07:00,1931.891,1932.596,0.000365,1,1,1,short,8.0,103.3,82.6,0.07746,0.09682,0.87,0.87,0.7000,0.7000,0.00,0.00,0.70,0.6990,0.0010,full,tp,0
DS260914_XAMR30_V1_TRAIN,USDJPYm,1633,1632,2022.03.18 09:00:00,2022.03.18 09:30:00,2022.03.18 09:30:00,2022.03.18 09:30:00,2022.03.18 10:29:58,1.75131,118.707,0.207,0.118,0.080,0.075,0.109,2022.03.18 09:00,1932.540,1932.567,0.000014,1,1,1,short,8.0,79.5,63.6,0.10063,0.12579,0.88,0.67,-0.6700,-0.6700,0.00,0.00,-0.67,-0.6723,0.0023,full,sl,0
DS260914_XAMR30_V1_TRAIN,USDJPYm,1635,1634,2022.03.20 22:30:00,2022.03.20 23:00:00,2022.03.20 23:00:00,2022.03.20 23:00:00,2022.03.21 00:29:58,1.88713,119.000,0.246,0.130,0.078,0.076,0.110,2022.03.20 22:30,1918.960,1920.082,0.000585,1,1,1,short,11.0,77.9,62.3,0.14128,0.17661,0.87,0.66,0.5200,0.5200,0.00,0.00,0.52,0.5201,0.0001,full,tp,0
DS260914_XAMR30_V1_TRAIN,USDJPYm,1637,1636,2022.03.21 01:30:00,2022.03.21 02:00:00,2022.03.21 02:00:00,2022.03.21 02:00:00,2022.03.21 05:29:58,1.50350,119.047,0.144,0.096,0.080,0.075,0.110,2022.03.21 01:30,1924.340,1928.162,0.001986,1,1,1,short,8.0,80.1,64.1,0.09982,0.12478,0.88,0.67,-0.6700,-0.6700,0.00,0.00,-0.67,-0.6708,0.0008,full,sl,0
DS260914_XAMR30_V1_TRAIN,USDJPYm,1639,1638,2022.03.22 01:30:00,2022.03.22 02:00:00,2022.03.22 02:00:00,2022.03.22 02:00:00,2022.03.22 04:29:57,3.48770,119.385,0.469,0.135,0.101,0.073,0.109,2022.03.22 01:30,1930.710,1932.869,0.001118,1,1,1,short,8.0,101.5,81.2,0.07882,0.09852,0.87,0.86,-0.8500,-0.8500,0.00,0.00,-0.85,-0.8503,0.0003,full,sl,0
DS260914_XAMR30_V1_TRAIN,USDJPYm,1641,1640,2022.03.24 04:00:00,2022.03.24 04:30:00,2022.03.24 04:30:00,2022.03.24 04:30:00,2022.03.24 05:59:57,1.62822,121.028,0.198,0.121,0.102,0.075,0.126,2022.03.24 04:00,1938.852,1939.385,0.000275,1,1,1,short,8.0,101.7,81.4,0.07865,0.09831,0.86,0.85,-0.8400,-0.8400,0.00,0.00,-0.84,-0.8407,0.0007,full,sl,0
DS260914_XAMR30_V1_TRAIN,USDJPYm,1643,1642,2022.03.24 23:30:00,2022.03.25 00:00:00,2022.03.25 00:00:00,2022.03.25 00:00:00,2022.03.25 00:29:58,2.46384,121.869,0.478,0.194,0.083,0.077,0.132,2022.03.24 23:30,1958.962,1959.217,0.000130,1,1,1,short,8.0,82.6,66.1,0.09680,0.12100,0.85,0.68,0.5400,0.5400,0.00,0.00,0.54,0.5397,0.0003,full,tp,0
DS260914_XAMR30_V1_TRAIN,USDJPYm,1645,1644,2022.04.17 23:30:00,2022.04.18 00:00:00,2022.04.18 00:00:00,2022.04.18 00:00:00,2022.04.18 00:29:58,1.71387,126.329,0.280,0.164,0.102,0.095,0.150,2022.04.17 23:30,1979.635,1986.463,0.003449,1,1,1,short,8.0,101.8,81.4,0.07860,0.09825,0.85,0.84,-0.8000,-0.8000,0.00,0.00,-0.80,-0.8050,0.0050,full,sl,0
DS260914_XAMR30_V1_TRAIN,USDJPYm,1647,1646,2022.10.10 17:00:00,2022.10.10 17:30:00,2022.10.10 17:30:00,2022.10.10 17:30:00,2022.10.10 18:29:57,3.47647,145.460,0.277,0.080,0.103,0.102,0.165,2022.10.10 17:00,1667.774,1667.997,0.000134,1,1,1,short,11.0,103.3,82.6,0.10650,0.13313,0.84,0.81,0.5700,0.5700,0.00,0.00,0.57,0.5698,0.0002,full,tp,0
DS260914_XAMR30_V1_TRAIN,USDJPYm,1649,1648,2022.10.11 05:30:00,2022.10.11 06:00:00,2022.10.11 06:00:00,2022.10.11 06:00:00,2022.10.11 06:59:57,2.28768,145.618,0.165,0.072,0.101,0.099,0.158,2022.10.11 05:30,1663.793,1666.514,0.001635,1,1,1,short,11.0,100.7,80.6,0.10922,0.13652,0.85,0.69,0.5600,0.5600,0.00,0.00,0.56,0.5559,0.0041,full,tp,0
DS260914_XAMR30_V1_TRAIN,USDJPYm,1651,1650,2022.10.12 19:30:00,2022.10.12 20:00:00,2022.10.12 20:00:00,2022.10.12 20:00:00,2022.10.12 20:59:57,2.22896,146.446,0.392,0.176,0.123,0.098,0.154,2022.10.12 19:30,1673.929,1675.141,0.000724,1,1,1,short,43.0,122.9,98.3,0.35000,0.43750,0.86,0.84,-0.8400,-0.8400,0.00,0.00,-0.84,-0.8370,0.0030,full,sl,0
DS260914_XAMR30_V1_TRAIN,USDJPYm,1653,1652,2022.10.14 03:30:00,2022.10.14 04:00:00,2022.10.14 04:00:00,2022.10.14 04:00:00,2022.10.14 04:29:58,1.93833,147.093,0.262,0.135,0.112,0.094,0.153,2022.10.14 03:30,1667.276,1668.996,0.001032,1,1,1,short,11.0,111.6,89.3,0.09859,0.12324,0.85,0.76,-0.7600,-0.7600,0.00,0.00,-0.76,-0.7595,0.0005,full,sl,0
DS260914_XAMR30_V1_TRAIN,USDJPYm,1655,1654,2022.10.17 04:30:00,2022.10.17 05:00:00,2022.10.17 05:00:00,2022.10.17 05:00:00,2022.10.17 05:59:58,2.07350,148.275,0.519,0.250,0.122,0.094,0.155,2022.10.17 04:30,1649.338,1649.445,0.000065,1,1,1,short,11.0,122.0,97.6,0.09016,0.11270,0.83,0.83,0.6600,0.6600,0.00,0.00,0.66,0.6591,0.0009,full,tp,0
DS260914_XAMR30_V1_TRAIN,USDJPYm,1657,1656,2022.10.18 07:30:00,2022.10.18 08:00:00,2022.10.18 08:00:00,2022.10.18 08:00:00,2022.10.18 08:59:58,1.56155,148.804,0.160,0.102,0.106,0.093,0.150,2022.10.18 07:30,1652.966,1656.356,0.002051,1,1,1,short,11.0,105.5,84.4,0.10427,0.13033,0.84,0.71,-0.7100,-0.7100,0.00,0.00,-0.71,-0.7111,0.0011,full,sl,0
DS260914_XAMR30_V1_TRAIN,USDJPYm,1659,1658,2022.10.19 07:30:00,2022.10.19 08:00:00,2022.10.19 08:00:00,2022.10.19 08:00:00,2022.10.19 08:29:58,2.44549,149.164,0.179,0.073,0.091,0.090,0.150,2022.10.19 07:30,1639.278,1644.742,0.003333,1,1,1,short,11.0,90.6,72.5,0.12136,0.15169,0.83,0.61,-0.6100,-0.6100,0.00,0.00,-0.61,-0.6090,0.0010,full,sl,0
DS260914_XAMR30_V1_TRAIN,USDJPYm,1661,1660,2022.10.20 23:30:00,2022.10.21 00:00:00,2022.10.21 00:00:00,2022.10.21 00:00:00,2022.10.21 02:29:57,1.93406,149.936,0.234,0.121,0.106,0.085,0.139,2022.10.20 23:30,1625.497,1626.980,0.000912,1,1,1,short,11.0,105.7,84.6,0.10405,0.13007,0.82,0.71,-0.7100,-0.7100,0.00,0.00,-0.71,-0.7054,0.0046,full,sl,0
DS260914_XAMR30_V1_TRAIN,USDJPYm,1663,1662,2022.10.31 22:00:00,2022.10.31 22:30:00,2022.10.31 22:30:00,2022.10.31 22:30:00,2022.10.31 23:59:57,1.75124,148.330,0.325,0.186,0.105,0.100,0.278,2022.10.31 22:00,1632.830,1633.590,0.000465,1,1,1,short,69.0,105.1,84.1,0.65625,0.82031,0.81,0.70,-0.7100,-0.7100,0.00,0.00,-0.71,-0.7058,0.0042,full,sl,0
DS260914_XAMR30_V1_TRAIN,USDJPYm,1665,1664,2022.11.01 00:00:00,2022.11.01 00:30:00,2022.11.01 00:30:00,2022.11.01 00:30:00,2022.11.01 00:59:57,1.68950,148.383,0.329,0.194,0.099,0.098,0.278,2022.11.01 00:00,1632.419,1632.721,0.000185,1,1,1,short,11.0,99.4,79.5,0.11063,0.13829,0.80,0.67,-0.6700,-0.6700,0.00,0.00,-0.67,-0.6653,0.0047,full,sl,0
DS260914_XAMR30_V1_TRAIN,USDJPYm,1667,1666,2023.03.06 00:30:00,2023.03.06 01:00:00,2023.03.06 01:00:00,2023.03.06 01:00:00,2023.03.06 01:29:58,-1.85493,136.149,-0.310,0.167,0.117,0.112,0.191,2023.03.06 00:30,1854.025,1852.184,-0.000993,1,1,1,long,11.0,117.1,93.7,0.09390,0.11738,0.79,0.79,-0.8600,-0.8600,0.00,0.00,-0.86,-0.8620,0.0020,full,sl,0
DS260914_XAMR30_V1_TRAIN,USDJPYm,1669,1668,2023.05.17 06:30:00,2023.05.17 07:00:00,2023.05.17 07:00:00,2023.05.17 07:00:00,2023.05.17 07:59:58,2.15683,136.361,0.448,0.208,0.105,0.101,0.176,2023.05.17 06:30,1987.433,1988.775,0.000675,1,1,1,short,11.0,104.7,83.8,0.10505,0.13131,0.78,0.77,-0.7700,-0.7700,0.00,0.00,-0.77,-0.7669,0.0031,full,sl,0
DS260914_XAMR30_V1_TRAIN,USDJPYm,1671,1670,2023.05.18 00:30:00,2023.05.18 01:00:00,2023.05.18 01:00:00,2023.05.18 01:00:00,2023.05.18 01:29:58,1.55560,137.191,0.247,0.159,0.101,0.100,0.171,2023.05.18 00:30,1982.447,1983.502,0.000532,1,1,1,short,11.0,101.4,81.1,0.10853,0.13566,0.77,0.74,0.5900,0.5900,0.00,0.00,0.59,0.5897,0.0003,full,tp,0
DS260914_XAMR30_V1_TRAIN,USDJPYm,1673,1672,2023.05.25 22:00:00,2023.05.25 22:30:00,2023.05.25 22:30:00,2023.05.25 22:30:00,2023.05.25 23:29:58,2.31548,139.660,0.315,0.136,0.106,0.102,0.172,2023.05.25 22:00,1940.636,1942.445,0.000932,1,1,1,short,69.0,106.2,85.0,0.64963,0.81204,0.78,0.77,0.6100,0.6100,0.00,0.00,0.61,0.6077,0.0023,full,tp,0
DS260914_XAMR30_V1_TRAIN,USDJPYm,1675,1674,2023.06.19 00:00:00,2023.06.19 00:30:00,2023.06.19 00:30:00,2023.06.19 00:30:00,2023.06.19 03:29:59,1.57471,141.353,0.542,0.344,0.109,0.102,0.198,2023.06.19 00:00,1957.046,1958.027,0.000501,1,1,1,short,11.0,108.7,87.0,0.10118,0.12648,0.79,0.78,0.6100,0.6100,0.00,0.00,0.61,0.6135,0.0035,full,tp,0
DS260914_XAMR30_V1_TRAIN,USDJPYm,1677,1676,2023.06.22 23:00:00,2023.06.22 23:30:00,2023.06.22 23:30:00,2023.06.22 23:30:00,2023.06.22 23:59:58,1.68379,142.506,0.604,0.358,0.104,0.104,0.191,2023.06.22 23:00,1913.713,1914.350,0.000333,1,1,1,short,11.0,104.2,83.4,0.10555,0.13194,0.80,0.73,0.5800,0.5800,0.00,0.00,0.58,0.5803,0.0003,full,tp,0
DS260914_XAMR30_V1_TRAIN,USDJPYm,1679,1678,2023.06.23 00:00:00,2023.06.23 00:30:00,2023.06.23 00:30:00,2023.06.23 00:30:00,2023.06.23 00:59:57,1.53327,142.550,0.536,0.349,0.113,0.104,0.191,2023.06.23 00:00,1914.439,1915.157,0.000375,1,1,1,short,11.0,113.1,90.5,0.09728,0.12160,0.80,0.79,0.6300,0.6300,0.00,0.00,0.63,0.6294,0.0006,full,tp,0
DS260914_XAMR30_V1_TRAIN,USDJPYm,1681,1680,2023.06.27 08:30:00,2023.06.27 09:00:00,2023.06.27 09:00:00,2023.06.27 09:00:00,2023.06.27 09:29:58,1.91693,143.453,0.253,0.132,0.114,0.107,0.199,2023.06.27 08:30,1925.400,1925.489,0.000046,1,1,1,short,11.0,114.3,91.4,0.09625,0.12031,0.81,0.80,-0.7900,-0.7900,0.00,0.00,-0.79,-0.7927,0.0027,full,sl,0
DS260914_XAMR30_V1_TRAIN,USDJPYm,1683,1682,2023.06.29 20:00:00,2023.06.29 20:30:00,2023.06.29 20:30:00,2023.06.29 20:30:00,2023.06.29 23:29:58,1.66196,144.539,0.265,0.159,0.114,0.110,0.190,2023.06.29 20:00,1907.571,1907.578,0.000004,1,1,1,short,43.0,113.6,90.9,0.37838,0.47297,0.80,0.79,0.6300,0.6300,0.00,0.00,0.63,0.6288,0.0012,full,tp,0
DS260914_XAMR30_V1_TRAIN,USDJPYm,1685,1684,2023.07.10 20:00:00,2023.07.10 20:30:00,2023.07.10 20:30:00,2023.07.10 20:30:00,2023.07.10 21:29:58,-2.19280,142.064,-0.769,0.351,0.116,0.094,0.177,2023.07.10 20:00,1925.766,1925.271,-0.000257,1,1,1,long,43.0,115.7,92.6,0.37160,0.46451,0.81,0.80,-0.8200,-0.8200,0.00,0.00,-0.82,-0.8213,0.0013,full,sl,0
DS260914_XAMR30_V1_TRAIN,USDJPYm,1687,1686,2023.07.11 23:00:00,2023.07.11 23:30:00,2023.07.11 23:30:00,2023.07.11 23:30:00,2023.07.12 00:29:58,-2.55667,140.653,-0.498,0.195,0.098,0.094,0.183,2023.07.11 23:00,1933.351,1933.086,-0.000137,1,1,1,long,11.0,97.6,78.1,0.11266,0.14082,0.80,0.69,-0.7000,-0.7000,0.00,0.00,-0.70,-0.6997,0.0003,full,sl,0
DS260914_XAMR30_V1_TRAIN,USDJPYm,1689,1688,2023.07.13 22:00:00,2023.07.13 22:30:00,2023.07.13 22:30:00,2023.07.13 22:30:00,2023.07.13 23:29:57,-2.13309,138.344,-0.351,0.165,0.103,0.096,0.200,2023.07.13 22:00,1960.316,1960.298,-0.000009,1,1,1,long,43.0,103.5,82.8,0.41546,0.51932,0.79,0.74,-0.7500,-0.7500,0.00,0.00,-0.75,-0.7467,0.0033,full,sl,0
DS260914_XAMR30_V1_TRAIN,USDJPYm,1691,1690,2023.08.15 02:30:00,2023.08.15 03:00:00,2023.08.15 03:00:00,2023.08.15 03:00:00,2023.08.15 05:29:58,1.90078,145.269,0.272,0.143,0.105,0.103,0.188,2023.08.15 02:30,1905.771,1906.042,0.000142,1,1,1,short,11.0,104.5,83.6,0.10526,0.13158,0.78,0.76,0.5800,0.5800,0.00,0.00,0.58,0.5775,0.0025,full,tp,0
DS260914_XAMR30_V1_TRAIN,USDJPYm,1693,1692,2023.08.16 23:30:00,2023.08.17 00:00:00,2023.08.17 00:00:00,2023.08.17 00:00:00,2023.08.17 00:29:58,2.10004,145.898,0.435,0.207,0.110,0.098,0.171,2023.08.16 23:30,1892.698,1893.295,0.000315,1,1,1,short,11.0,109.6,87.7,0.10039,0.12549,0.79,0.76,-0.7500,-0.7500,0.00,0.00,-0.75,-0.7511,0.0011,full,sl,0
DS260914_XAMR30_V1_TRAIN,USDJPYm,1695,1694,2023.08.21 10:30:00,2023.08.21 11:00:00,2023.08.21 11:00:00,2023.08.21 11:00:00,2023.08.21 11:29:58,2.19237,145.483,0.443,0.202,0.111,0.095,0.157,2023.08.21 10:30,1887.005,1888.637,0.000865,1,1,1,short,11.0,110.6,88.5,0.09948,0.12435,0.77,0.76,0.6000,0.6000,0.00,0.00,0.60,0.6034,0.0034,full,tp,0
DS260914_XAMR30_V1_TRAIN,USDJPYm,1697,1696,2023.08.25 00:30:00,2023.08.25 01:00:00,2023.08.25 01:00:00,2023.08.25 01:00:00,2023.08.25 01:29:58,1.93111,145.629,0.408,0.211,0.093,0.093,0.152,2023.08.25 00:30,1915.270,1915.477,0.000108,1,1,1,short,11.0,92.9,74.3,0.11837,0.14796,0.78,0.64,-0.6400,-0.6400,0.00,0.00,-0.64,-0.6364,0.0036,full,sl,0
DS260914_XAMR30_V1_TRAIN,USDJPYm,1699,1698,2023.08.28 14:00:00,2023.08.28 14:30:00,2023.08.28 14:30:00,2023.08.28 14:30:00,2023.08.28 15:29:57,1.81163,146.404,0.201,0.111,0.102,0.096,0.152,2023.08.28 14:00,1918.054,1919.323,0.000662,1,1,1,short,11.0,102.1,81.7,0.10777,0.13471,0.77,0.70,-0.7000,-0.7000,0.00,0.00,-0.70,-0.6953,0.0047,full,sl,0
DS260914_XAMR30_V1_TRAIN,USDJPYm,1701,1700,2023.08.31 02:30:00,2023.08.31 03:00:00,2023.08.31 03:00:00,2023.08.31 03:00:00,2023.08.31 03:59:59,-1.60268,146.086,-0.301,0.188,0.111,0.096,0.159,2023.08.31 02:30,1946.801,1946.133,-0.000343,1,1,1,long,11.0,111.1,88.9,0.09904,0.12379,0.76,0.76,0.6100,0.6100,0.00,0.00,0.61,0.6101,0.0001,full,tp,0
DS260914_XAMR30_V1_TRAIN,USDJPYm,1703,1702,2023.09.01 11:30:00,2023.09.01 12:00:00,2023.09.01 12:00:00,2023.09.01 12:00:00,2023.09.01 12:29:58,-2.24774,145.548,-0.323,0.144,0.100,0.098,0.159,2023.09.01 11:30,1944.908,1944.442,-0.000240,1,1,1,long,11.0,100.3,80.2,0.10969,0.13711,0.77,0.69,-0.6900,-0.6900,0.00,0.00,-0.69,-0.6890,0.0010,full,sl,0
DS260914_XAMR30_V1_TRAIN,USDJPYm,1705,1704,2023.09.05 06:30:00,2023.09.05 07:00:00,2023.09.05 07:00:00,2023.09.05 07:00:00,2023.09.05 07:29:58,5.93742,146.512,0.446,0.075,0.095,0.088,0.158,2023.09.05 06:30,1935.870,1936.690,0.000424,1,1,1,short,11.0,95.2,76.2,0.11553,0.14441,0.76,0.65,0.5200,0.5200,0.00,0.00,0.52,0.5174,0.0026,full,tp,0
DS260914_XAMR30_V1_TRAIN,USDJPYm,1707,1706,2023.09.06 01:00:00,2023.09.06 01:30:00,2023.09.06 01:30:00,2023.09.06 01:30:00,2023.09.06 02:59:58,1.92646,147.326,0.325,0.169,0.107,0.087,0.165,2023.09.06 01:00,1924.670,1924.842,0.000089,1,1,1,short,11.0,107.1,85.7,0.10274,0.12842,0.77,0.73,0.5800,0.5800,0.00,0.00,0.58,0.5828,0.0028,full,tp,0
DS260914_XAMR30_V1_TRAIN,USDJPYm,1709,1708,2023.09.08 19:30:00,2023.09.08 20:00:00,2023.09.08 20:00:00,2023.09.08 20:00:00,2023.09.10 21:29:57,1.91860,147.486,0.356,0.185,0.109,0.089,0.163,2023.09.08 19:30,1918.326,1919.156,0.000433,1,1,1,short,43.0,109.2,87.4,0.39372,0.49215,0.78,0.74,0.5900,0.5900,-0.09,0.00,0.50,0.5889,0.0011,full,tp,0
DS260914_XAMR30_V1_TRAIN,USDJPYm,1711,1710,2023.09.13 03:30:00,2023.09.13 04:00:00,2023.09.13 04:00:00,2023.09.13 04:00:00,2023.09.13 06:59:58,2.61353,147.070,0.280,0.107,0.108,0.096,0.173,2023.09.13 03:30,1908.422,1909.604,0.000619,1,1,1,short,11.0,107.8,86.2,0.10205,0.12757,0.79,0.73,0.5800,0.5800,0.00,0.00,0.58,0.5840,0.0040,full,tp,0
DS260914_XAMR30_V1_TRAIN,USDJPYm,1713,1712,2023.09.15 06:00:00,2023.09.15 06:30:00,2023.09.15 06:30:00,2023.09.15 06:30:00,2023.09.15 06:59:57,1.63785,147.371,0.135,0.083,0.110,0.090,0.163,2023.09.15 06:00,1916.215,1918.855,0.001378,1,1,1,short,11.0,109.6,87.7,0.10039,0.12549,0.80,0.75,-0.7500,-0.7500,0.00,0.00,-0.75,-0.7452,0.0048,full,sl,0
DS260914_XAMR30_V1_TRAIN,USDJPYm,1715,1714,2023.09.20 08:00:00,2023.09.20 08:30:00,2023.09.20 08:30:00,2023.09.20 08:30:00,2023.09.20 09:29:58,3.87856,147.820,0.279,0.072,0.081,0.081,0.151,2023.09.20 08:00,1928.637,1929.734,0.000569,1,1,1,short,11.0,81.4,65.1,0.13521,0.16901,0.78,0.55,0.4400,0.4400,0.00,0.00,0.44,0.4391,0.0009,full,tp,0
DS260914_XAMR30_V1_TRAIN,USDJPYm,1717,1716,2023.09.21 10:30:00,2023.09.21 11:00:00,2023.09.21 11:00:00,2023.09.21 11:00:00,2023.09.21 11:29:58,-1.81335,148.109,-0.378,0.209,0.107,0.081,0.150,2023.09.21 10:30,1925.383,1925.179,-0.000106,1,1,1,long,11.0,106.9,85.5,0.10287,0.12859,0.79,0.72,0.5800,0.5800,0.00,0.00,0.58,0.5817,0.0017,full,tp,0
DS260914_XAMR30_V1_TRAIN,USDJPYm,1719,1718,2023.09.25 14:30:00,2023.09.25 15:00:00,2023.09.25 15:00:00,2023.09.25 15:00:00,2023.09.25 15:29:58,5.26649,148.469,0.457,0.087,0.084,0.077,0.141,2023.09.25 14:30,1916.472,1916.815,0.000179,1,1,1,short,11.0,83.6,66.9,0.13151,0.16439,0.80,0.57,0.4500,0.4500,0.00,0.00,0.45,0.4501,0.0001,full,tp,0
DS260914_XAMR30_V1_TRAIN,USDJPYm,1721,1720,2023.09.26 01:00:00,2023.09.26 01:30:00,2023.09.26 01:30:00,2023.09.26 01:30:00,2023.09.26 03:59:58,2.55486,148.669,0.232,0.091,0.080,0.077,0.133,2023.09.26 01:00,1914.820,1915.545,0.000379,1,1,1,short,11.0,80.5,64.4,0.13665,0.17081,0.81,0.54,0.4300,0.4300,0.00,0.00,0.43,0.4300,0.0000,full,tp,0
DS260914_XAMR30_V1_TRAIN,USDJPYm,1723,1722,2023.09.27 06:00:00,2023.09.27 06:30:00,2023.09.27 06:30:00,2023.09.27 06:30:00,2023.09.27 06:59:58,2.17622,148.961,0.175,0.080,0.078,0.076,0.126,2023.09.27 06:00,1896.256,1896.898,0.000339,1,1,1,short,11.0,78.2,62.6,0.14064,0.17580,0.81,0.52,0.4200,0.4200,0.00,0.00,0.42,0.4226,0.0026,full,tp,0
DS260914_XAMR30_V1_TRAIN,USDJPYm,1725,1724,2023.10.02 01:00:00,2023.10.02 01:30:00,2023.10.02 01:30:00,2023.10.02 01:30:00,2023.10.02 03:29:58,1.61123,149.374,0.311,0.193,0.117,0.076,0.127,2023.10.02 01:00,1845.429,1845.873,0.000241,1,1,1,short,11.0,116.9,93.5,0.09413,0.11767,0.82,0.79,-0.7800,-0.7800,0.00,0.00,-0.78,-0.7810,0.0010,full,sl,0
DS260914_XAMR30_V1_TRAIN,USDJPYm,1727,1726,2023.10.03 11:30:00,2023.10.03 12:00:00,2023.10.03 12:00:00,2023.10.03 12:00:00,2023.10.03 12:29:58,2.84384,149.803,0.167,0.059,0.076,0.076,0.125,2023.10.03 11:30,1825.084,1825.909,0.000452,1,1,1,short,11.0,76.1,60.9,0.14460,0.18075,0.81,0.51,0.4100,0.4100,0.00,0.00,0.41,0.4069,0.0031,full,tp,0
DS260914_XAMR30_V1_TRAIN,USDJPYm,1729,1728,2023.10.06 06:30:00,2023.10.06 07:00:00,2023.10.06 07:00:00,2023.10.06 07:00:00,2023.10.06 07:29:57,1.54721,148.662,0.285,0.184,0.102,0.078,0.144,2023.10.06 06:30,1818.621,1819.342,0.000396,1,1,1,short,11.0,102.1,81.7,0.10769,0.13462,0.81,0.68,0.5500,0.5500,0.00,0.00,0.55,0.5508,0.0008,full,tp,0
DS260914_XAMR30_V1_TRAIN,USDJPYm,1731,1730,2023.10.09 15:30:00,2023.10.09 16:00:00,2023.10.09 16:00:00,2023.10.09 16:00:00,2023.10.09 17:59:57,-1.75066,149.022,-0.322,0.184,0.101,0.077,0.142,2023.10.09 15:30,1852.529,1851.540,-0.000534,1,1,1,long,11.0,100.9,80.7,0.10907,0.13633,0.82,0.68,-0.6800,-0.6800,0.00,0.00,-0.68,-0.6796,0.0004,full,sl,0
DS260914_XAMR30_V1_TRAIN,USDJPYm,1733,1732,2023.10.11 15:00:00,2023.10.11 15:30:00,2023.10.11 15:30:00,2023.10.11 15:30:00,2023.10.11 17:29:58,1.98948,148.807,0.257,0.129,0.120,0.079,0.145,2023.10.11 15:00,1871.155,1872.134,0.000523,1,1,1,short,11.0,119.9,95.9,0.09178,0.11472,0.81,0.81,-0.8000,-0.8000,0.00,0.00,-0.80,-0.8044,0.0044,full,sl,0
DS260914_XAMR30_V1_TRAIN,USDJPYm,1735,1734,2023.10.12 02:30:00,2023.10.12 03:00:00,2023.10.12 03:00:00,2023.10.12 03:00:00,2023.10.12 03:59:59,2.08738,149.000,0.253,0.121,0.102,0.082,0.145,2023.10.12 02:30,1875.633,1876.766,0.000604,1,1,1,short,11.0,101.9,81.5,0.10792,0.13490,0.80,0.68,0.5500,0.5500,0.00,0.00,0.55,0.5497,0.0003,full,tp,0
DS260914_XAMR30_V1_TRAIN,USDJPYm,1737,1736,2023.10.16 13:30:00,2023.10.16 14:00:00,2023.10.16 14:00:00,2023.10.16 14:00:00,2023.10.16 15:29:58,3.10880,149.529,0.177,0.057,0.082,0.077,0.139,2023.10.16 13:30,1917.315,1917.940,0.000326,1,1,1,short,11.0,82.4,65.9,0.13356,0.16696,0.81,0.55,0.4400,0.4400,0.00,0.00,0.44,0.4411,0.0011,full,tp,0
DS260914_XAMR30_V1_TRAIN,USDJPYm,1739,1738,2023.10.17 18:00:00,2023.10.17 18:30:00,2023.10.17 18:30:00,2023.10.17 18:30:00,2023.10.17 19:59:57,2.05758,149.633,0.168,0.081,0.094,0.078,0.141,2023.10.17 18:00,1919.733,1920.276,0.000283,1,1,1,short,11.0,94.2,75.4,0.11676,0.14594,0.81,0.63,0.5000,0.5000,0.00,0.00,0.50,0.5009,0.0009,full,tp,0
DS260914_XAMR30_V1_TRAIN,USDJPYm,1741,1740,2023.10.18 15:30:00,2023.10.18 16:00:00,2023.10.18 16:00:00,2023.10.18 16:00:00,2023.10.18 16:59:58,2.36335,149.717,0.144,0.061,0.082,0.069,0.136,2023.10.18 15:30,1943.136,1945.112,0.001017,1,1,1,short,11.0,81.8,65.4,0.13450,0.16812,0.82,0.55,0.4300,0.4300,0.00,0.00,0.43,0.4339,0.0039,full,tp,0
DS260914_XAMR30_V1_TRAIN,USDJPYm,1743,1742,2023.10.19 15:30:00,2023.10.19 16:00:00,2023.10.19 16:00:00,2023.10.19 16:00:00,2023.10.19 16:29:58,2.27848,149.811,0.106,0.047,0.065,0.064,0.126,2023.10.19 15:30,1955.672,1956.163,0.000251,1,1,1,short,11.0,65.4,52.3,0.16831,0.21038,0.83,0.43,0.3500,0.3500,0.00,0.00,0.35,0.3470,0.0030,full,tp,0
DS260914_XAMR30_V1_TRAIN,USDJPYm,1745,1744,2023.10.20 08:30:00,2023.10.20 09:00:00,2023.10.20 09:00:00,2023.10.20 09:00:00,2023.10.20 13:59:58,2.05355,149.840,0.101,0.049,0.071,0.062,0.116,2023.10.20 08:30,1983.518,1983.660,0.000072,1,1,1,short,11.0,71.4,57.1,0.15400,0.19250,0.83,0.47,0.3800,0.3800,0.00,0.00,0.38,0.3803,0.0003,full,tp,0
DS260914_XAMR30_V1_TRAIN,USDJPYm,1747,1746,2023.10.23 15:30:00,2023.10.23 16:00:00,2023.10.23 16:00:00,2023.10.23 16:00:00,2023.10.23 16:59:59,-2.38933,149.891,-0.106,0.044,0.060,0.058,0.109,2023.10.23 15:30,1977.727,1975.293,-0.001231,1,1,1,long,11.0,59.9,47.9,0.18377,0.22971,0.84,0.80,-0.8000,-0.8000,0.00,0.00,-0.80,-0.8014,0.0014,full,sl,0
DS260914_XAMR30_V1_TRAIN,USDJPYm,1749,1748,2023.10.24 01:30:00,2023.10.24 02:00:00,2023.10.24 02:00:00,2023.10.24 02:00:00,2023.10.24 02:29:58,-1.50655,149.761,-0.157,0.104,0.070,0.060,0.109,2023.10.24 01:30,1977.741,1976.576,-0.000589,1,1,1,long,11.0,70.4,56.3,0.15635,0.19543,0.83,0.47,-0.4700,-0.4700,0.00,0.00,-0.47,-0.4681,0.0019,full,sl,0
DS260914_XAMR30_V1_TRAIN,USDJPYm,1751,1750,2023.10.25 22:00:00,2023.10.25 22:30:00,2023.10.25 22:30:00,2023.10.25 22:30:00,2023.10.25 22:59:58,2.88803,149.937,0.118,0.041,0.087,0.055,0.094,2023.10.25 22:00,1980.143,1982.670,0.001276,1,1,1,short,69.0,86.6,69.3,0.79703,0.99629,0.82,0.58,-0.5800,-0.5800,0.00,0.00,-0.58,-0.5795,0.0005,full,sl,0
DS260914_XAMR30_V1_TRAIN,USDJPYm,1753,1752,2023.10.26 00:00:00,2023.10.26 00:30:00,2023.10.26 00:30:00,2023.10.26 00:30:00,2023.10.26 00:59:58,2.12812,149.965,0.103,0.049,0.092,0.055,0.094,2023.10.26 00:00,1982.941,1983.700,0.000383,1,1,1,short,11.0,92.3,73.8,0.11920,0.14899,0.81,0.61,-0.6100,-0.6100,0.00,0.00,-0.61,-0.6127,0.0027,full,sl,0
DS260914_XAMR30_V1_TRAIN,USDJPYm,1755,1754,2023.10.27 08:00:00,2023.10.27 08:30:00,2023.10.27 08:30:00,2023.10.27 08:30:00,2023.10.27 09:59:58,-1.70253,150.251,-0.177,0.104,0.091,0.055,0.094,2023.10.27 08:00,1987.331,1986.910,-0.000212,1,1,1,long,11.0,91.1,72.9,0.12069,0.15086,0.80,0.61,-0.6100,-0.6100,0.00,0.00,-0.61,-0.6067,0.0033,full,sl,0
DS260914_XAMR30_V1_TRAIN,USDJPYm,1757,1756,2023.10.30 04:30:00,2023.10.30 05:00:00,2023.10.30 05:00:00,2023.10.30 05:00:00,2023.10.30 05:29:57,-1.50480,149.772,-0.219,0.146,0.081,0.056,0.098,2023.10.30 04:30,2001.600,2001.487,-0.000056,1,1,1,long,11.0,80.6,64.5,0.13652,0.17066,0.79,0.54,0.4300,0.4300,0.00,0.00,0.43,0.4277,0.0023,full,tp,0
DS260914_XAMR30_V1_TRAIN,USDJPYm,1759,1758,2023.11.03 11:30:00,2023.11.03 12:00:00,2023.11.03 12:00:00,2023.11.03 12:00:00,2023.11.03 12:59:57,-1.65691,150.369,-0.191,0.115,0.076,0.061,0.150,2023.11.03 11:30,1988.260,1987.536,-0.000364,1,1,1,long,11.0,76.2,61.0,0.14433,0.18041,0.80,0.51,-0.5100,-0.5100,0.00,0.00,-0.51,-0.5063,0.0037,full,sl,0
DS260914_XAMR30_V1_TRAIN,USDJPYm,1761,1760,2023.11.07 01:00:00,2023.11.07 01:30:00,2023.11.07 01:30:00,2023.11.07 01:30:00,2023.11.07 03:59:58,1.76064,149.832,0.267,0.151,0.083,0.074,0.159,2023.11.07 01:00,1975.914,1976.163,0.000126,1,1,1,short,11.0,83.2,66.6,0.13219,0.16524,0.79,0.56,-0.5500,-0.5500,0.00,0.00,-0.55,-0.5527,0.0027,full,sl,0
DS260914_XAMR30_V1_TRAIN,USDJPYm,1763,1762,2023.11.08 01:00:00,2023.11.08 01:30:00,2023.11.08 01:30:00,2023.11.08 01:30:00,2023.11.08 02:29:57,1.62327,150.337,0.219,0.135,0.113,0.079,0.159,2023.11.08 01:00,1968.092,1968.836,0.000378,1,1,1,short,11.0,112.6,90.1,0.09765,0.12207,0.78,0.75,0.6000,0.6000,0.00,0.00,0.60,0.5981,0.0019,full,tp,0
DS260914_XAMR30_V1_TRAIN,USDJPYm,1765,1764,2023.11.09 00:30:00,2023.11.09 01:00:00,2023.11.09 01:00:00,2023.11.09 01:00:00,2023.11.09 01:59:58,2.10850,150.764,0.168,0.080,0.103,0.084,0.159,2023.11.09 00:30,1949.237,1951.974,0.001404,1,1,1,short,11.0,103.1,82.5,0.10665,0.13331,0.79,0.68,0.5500,0.5500,0.00,0.00,0.55,0.5502,0.0002,full,tp,0
DS260914_XAMR30_V1_TRAIN,USDJPYm,1767,1766,2023.11.09 23:30:00,2023.11.10 00:00:00,2023.11.10 00:00:00,2023.11.10 00:00:00,2023.11.10 01:29:58,2.26055,151.075,0.216,0.095,0.101,0.086,0.155,2023.11.09 23:30,1958.904,1959.058,0.000079,1,1,1,short,11.0,100.5,80.4,0.10945,0.13682,0.80,0.67,0.5300,0.5300,0.00,0.00,0.53,0.5289,0.0011,full,tp,0
DS260914_XAMR30_V1_TRAIN,USDJPYm,1769,1768,2023.11.13 04:30:00,2023.11.13 05:00:00,2023.11.13 05:00:00,2023.11.13 05:00:00,2023.11.13 07:59:57,4.60586,151.487,0.268,0.058,0.080,0.079,0.153,2023.11.13 04:30,1935.017,1935.664,0.000334,1,1,1,short,11.0,79.9,63.9,0.13762,0.17203,0.81,0.53,0.4200,0.4200,0.00,0.00,0.42,0.4219,0.0019,full,tp,0
DS260914_XAMR30_V1_TRAIN,USDJPYm,1771,1770,2023.11.17 08:00:00,2023.11.17 08:30:00,2023.11.17 08:30:00,2023.11.17 08:30:00,2023.11.17 08:59:58,-2.02386,150.694,-0.427,0.211,0.103,0.073,0.122,2023.11.17 08:00,1987.489,1985.696,-0.000902,1,1,1,long,11.0,102.6,82.1,0.10717,0.13396,0.82,0.68,-0.6900,-0.6900,0.00,0.00,-0.69,-0.6859,0.0041,full,sl,0
DS260914_XAMR30_V1_TRAIN,USDJPYm,1773,1772,2023.11.27 01:30:00,2023.11.27 02:00:00,2023.11.27 02:00:00,2023.11.27 02:00:00,2023.11.27 02:29:58,-3.60799,149.457,-0.346,0.096,0.118,0.082,0.194,2023.11.27 01:30,2017.009,2011.957,-0.002505,1,1,1,long,11.0,118.1,94.5,0.09311,0.11638,0.80,0.79,0.6400,0.6400,0.00,0.00,0.64,0.6367,0.0033,full,tp,0
DS260914_XAMR30_V1_TRAIN,USDJPYm,1775,1774,2024.02.12 14:30:00,2024.02.12 15:00:00,2024.02.12 15:00:00,2024.02.12 15:00:00,2024.02.12 15:29:58,1.65025,149.173,0.136,0.082,0.112,0.109,0.178,2024.02.12 14:30,2014.787,2014.935,0.000073,1,1,1,short,11.0,112.4,89.9,0.09790,0.12238,0.81,0.75,-0.7500,-0.7500,0.00,0.00,-0.75,-0.7495,0.0005,full,sl,0
DS260914_XAMR30_V1_TRAIN,USDJPYm,1777,1776,2024.02.13 21:00:00,2024.02.13 21:30:00,2024.02.13 21:30:00,2024.02.13 21:30:00,2024.02.13 22:29:58,1.85469,150.037,0.733,0.395,0.119,0.101,0.183,2024.02.13 21:00,1992.682,1993.053,0.000186,1,1,1,short,43.0,118.8,95.0,0.36200,0.45250,0.80,0.80,0.6300,0.6300,0.00,0.00,0.63,0.6304,0.0004,full,tp,0
DS260914_XAMR30_V1_TRAIN,USDJPYm,1779,1778,2024.02.15 08:30:00,2024.02.15 09:00:00,2024.02.15 09:00:00,2024.02.15 09:00:00,2024.02.15 09:59:58,-1.60766,150.318,-0.290,0.181,0.101,0.099,0.171,2024.02.15 08:30,1995.305,1995.201,-0.000052,1,1,1,long,11.0,100.6,80.5,0.10938,0.13672,0.81,0.67,-0.6700,-0.6700,0.00,0.00,-0.67,-0.6736,0.0036,full,sl,0
DS260914_XAMR30_V1_TRAIN,USDJPYm,1781,1780,2024.02.16 14:30:00,2024.02.16 15:00:00,2024.02.16 15:00:00,2024.02.16 15:00:00,2024.02.16 15:29:58,1.54739,150.218,0.255,0.165,0.107,0.097,0.154,2024.02.16 14:30,1997.628,1997.908,0.000140,1,1,1,short,11.0,106.9,85.5,0.10294,0.12868,0.80,0.71,0.5700,0.5700,0.00,0.00,0.57,0.5652,0.0048,full,tp,0
DS260914_XAMR30_V1_TRAIN,USDJPYm,1783,1782,2024.02.19 01:00:00,2024.02.19 01:30:00,2024.02.19 01:30:00,2024.02.19 01:30:00,2024.02.19 04:59:57,-1.98815,150.174,-0.245,0.123,0.105,0.097,0.154,2024.02.19 01:00,2018.780,2017.774,-0.000498,1,1,1,long,11.0,105.1,84.1,0.10469,0.13086,0.81,0.70,0.5600,0.5600,0.00,0.00,0.56,0.5599,0.0001,full,tp,0
DS260914_XAMR30_V1_TRAIN,USDJPYm,1785,1784,2024.02.20 14:00:00,2024.02.20 14:30:00,2024.02.20 14:30:00,2024.02.20 14:30:00,2024.02.20 14:59:58,-3.96616,150.180,-0.371,0.094,0.113,0.083,0.138,2024.02.20 14:00,2030.029,2029.469,-0.000276,1,1,1,long,11.0,112.7,90.2,0.09759,0.12199,0.82,0.75,0.6000,0.6000,0.00,0.00,0.60,0.6004,0.0004,full,tp,0
DS260914_XAMR30_V1_TRAIN,USDJPYm,1787,1786,2024.02.21 16:00:00,2024.02.21 16:30:00,2024.02.21 16:30:00,2024.02.21 16:30:00,2024.02.21 17:29:57,1.77175,150.058,0.179,0.101,0.090,0.081,0.134,2024.02.21 16:00,2024.191,2024.538,0.000171,1,1,1,short,11.0,90.0,72.0,0.12222,0.15278,0.83,0.60,-0.6000,-0.6000,0.00,0.00,-0.60,-0.5987,0.0013,full,sl,0
DS260914_XAMR30_V1_TRAIN,USDJPYm,1789,1788,2024.02.22 00:30:00,2024.02.22 01:00:00,2024.02.22 01:00:00,2024.02.22 01:00:00,2024.02.22 04:59:58,2.22156,150.165,0.223,0.100,0.123,0.081,0.132,2024.02.22 00:30,2025.633,2026.399,0.000378,1,1,1,short,11.0,122.5,98.0,0.08980,0.11224,0.82,0.82,0.6500,0.6500,0.00,0.00,0.65,0.6521,0.0021,full,tp,0
DS260914_XAMR30_V1_TRAIN,USDJPYm,1791,1790,2024.02.26 15:30:00,2024.02.26 16:00:00,2024.02.26 16:00:00,2024.02.26 16:00:00,2024.02.26 17:29:57,2.03557,150.546,0.197,0.097,0.090,0.077,0.119,2024.02.26 15:30,2026.788,2029.104,0.001143,1,1,1,short,11.0,90.4,72.3,0.12164,0.15205,0.83,0.60,-0.6000,-0.6000,0.00,0.00,-0.60,-0.5967,0.0033,full,sl,0
DS260914_XAMR30_V1_TRAIN,USDJPYm,1793,1792,2024.02.27 09:00:00,2024.02.27 09:30:00,2024.02.27 09:30:00,2024.02.27 09:30:00,2024.02.27 10:29:58,-1.97540,150.505,-0.293,0.148,0.076,0.074,0.119,2024.02.27 09:00,2038.025,2036.566,-0.000716,1,1,1,long,11.0,75.6,60.5,0.14556,0.18195,0.82,0.50,0.4000,0.4000,0.00,0.00,0.40,0.3993,0.0007,full,tp,0
DS260914_XAMR30_V1_TRAIN,USDJPYm,1795,1794,2024.02.28 15:00:00,2024.02.28 15:30:00,2024.02.28 15:30:00,2024.02.28 15:30:00,2024.02.28 15:59:58,1.62896,150.597,0.139,0.085,0.096,0.072,0.114,2024.02.28 15:00,2031.744,2032.982,0.000609,1,1,1,short,11.0,95.6,76.5,0.11501,0.14376,0.83,0.64,-0.6400,-0.6400,0.00,0.00,-0.64,-0.6365,0.0035,full,sl,0
DS260914_XAMR30_V1_TRAIN,USDJPYm,1797,1796,2024.03.04 13:00:00,2024.03.04 13:30:00,2024.03.04 13:30:00,2024.03.04 13:30:00,2024.03.04 14:59:58,1.53336,150.277,0.250,0.163,0.108,0.072,0.120,2024.03.04 13:00,2082.517,2082.805,0.000138,1,1,1,short,11.0,108.4,86.7,0.10152,0.12690,0.82,0.72,0.5800,0.5800,0.00,0.00,0.58,0.5783,0.0017,full,tp,0
DS260914_XAMR30_V1_TRAIN,USDJPYm,1799,1798,2024.03.05 04:30:00,2024.03.05 05:00:00,2024.03.05 05:00:00,2024.03.05 05:00:00,2024.03.05 07:59:58,1.76263,150.419,0.109,0.062,0.091,0.074,0.120,2024.03.05 04:30,2114.121,2115.898,0.000841,1,1,1,short,11.0,91.1,72.9,0.12069,0.15086,0.83,0.61,0.4900,0.4900,0.00,0.00,0.49,0.4852,0.0048,full,tp,0
DS260914_XAMR30_V1_TRAIN,USDJPYm,1801,1800,2024.03.10 22:30:00,2024.03.10 23:00:00,2024.03.10 23:00:00,2024.03.10 23:00:00,2024.03.10 23:29:57,-1.51034,147.351,-0.327,0.216,0.121,0.081,0.173,2024.03.10 22:30,2179.537,2177.122,-0.001108,1,1,1,long,11.0,121.2,97.0,0.09075,0.11344,0.83,0.80,-0.8200,-0.8200,0.00,0.00,-0.82,-0.8235,0.0035,full,sl,0
DS260914_XAMR30_V1_TRAIN,USDJPYm,1803,1802,2024.03.15 00:30:00,2024.03.15 01:00:00,2024.03.15 01:00:00,2024.03.15 01:00:00,2024.03.15 02:29:58,2.60477,148.070,0.373,0.143,0.108,0.103,0.186,2024.03.15 00:30,2161.223,2162.718,0.000692,1,1,1,short,11.0,108.3,86.6,0.10158,0.12698,0.82,0.74,-0.7300,-0.7300,0.00,0.00,-0.73,-0.7270,0.0030,full,sl,0
DS260914_XAMR30_V1_TRAIN,USDJPYm,1805,1804,2024.03.17 22:00:00,2024.03.17 22:30:00,2024.03.17 22:30:00,2024.03.17 22:30:00,2024.03.18 00:29:58,1.99448,148.729,0.251,0.126,0.115,0.104,0.177,2024.03.17 22:00,2153.279,2155.312,0.000944,1,1,1,short,69.0,114.7,91.8,0.60149,0.75187,0.81,0.77,-0.7700,-0.7700,0.00,0.00,-0.77,-0.7713,0.0013,full,sl,0
DS260914_XAMR30_V1_TRAIN,USDJPYm,1807,1806,2024.03.18 00:30:00,2024.03.18 01:00:00,2024.03.18 01:00:00,2024.03.18 01:00:00,2024.03.18 01:59:57,3.78972,148.789,0.482,0.127,0.119,0.104,0.177,2024.03.18 00:30,2156.046,2156.589,0.000252,1,1,1,short,11.0,118.6,94.9,0.09272,0.11589,0.80,0.80,0.6400,0.6400,0.00,0.00,0.64,0.6368,0.0032,full,tp,0
DS260914_XAMR30_V1_TRAIN,USDJPYm,1809,1808,2024.03.19 03:00:00,2024.03.19 03:30:00,2024.03.19 03:30:00,2024.03.19 03:30:00,2024.03.19 03:59:57,1.66150,149.128,0.145,0.087,0.116,0.103,0.175,2024.03.19 03:00,2160.849,2161.596,0.000346,1,1,1,short,11.0,115.9,92.7,0.09489,0.11861,0.81,0.78,0.6200,0.6200,0.00,0.00,0.62,0.6234,0.0034,full,tp,0
DS260914_XAMR30_V1_TRAIN,USDJPYm,1811,1810,2024.03.20 00:30:00,2024.03.20 01:00:00,2024.03.20 01:00:00,2024.03.20 01:00:00,2024.03.20 03:29:57,2.75938,150.486,0.668,0.242,0.117,0.108,0.191,2024.03.20 00:30,2155.412,2157.086,0.000777,1,1,1,short,11.0,117.1,93.7,0.09390,0.11738,0.82,0.79,-0.7700,-0.7700,0.00,0.00,-0.77,-0.7734,0.0034,full,sl,0
DS260914_XAMR30_V1_TRAIN,USDJPYm,1813,1812,2024.03.27 03:00:00,2024.03.27 03:30:00,2024.03.27 03:30:00,2024.03.27 03:30:00,2024.03.27 04:59:58,1.99790,151.502,0.209,0.104,0.118,0.096,0.167,2024.03.27 03:00,2175.962,2179.335,0.001550,1,1,1,short,11.0,118.4,94.7,0.09288,0.11610,0.81,0.78,0.6300,0.6300,0.00,0.00,0.63,0.6266,0.0034,full,tp,0
DS260914_XAMR30_V1_TRAIN,USDJPYm,1815,1814,2024.03.31 23:30:00,2024.04.01 00:00:00,2024.04.01 00:00:00,2024.04.01 00:00:00,2024.04.01 00:29:58,1.99225,151.285,0.134,0.067,0.107,0.083,0.161,2024.03.31 23:30,2239.971,2244.928,0.002213,1,1,1,short,11.0,107.4,85.9,0.10239,0.12799,0.81,0.71,0.5700,0.5700,0.00,0.00,0.57,0.5684,0.0016,full,tp,0
DS260914_XAMR30_V1_TRAIN,USDJPYm,1817,1816,2024.04.02 04:00:00,2024.04.02 04:30:00,2024.04.02 04:30:00,2024.04.02 04:30:00,2024.04.02 06:59:58,1.97034,151.575,0.172,0.087,0.077,0.077,0.161,2024.04.02 04:00,2251.534,2252.147,0.000272,1,1,1,short,11.0,77.1,61.7,0.14259,0.17824,0.82,0.51,0.4100,0.4100,0.00,0.00,0.41,0.4087,0.0013,full,tp,0
DS260914_XAMR30_V1_TRAIN,USDJPYm,1819,1818,2024.04.03 13:30:00,2024.04.03 14:00:00,2024.04.03 14:00:00,2024.04.03 14:00:00,2024.04.03 14:29:57,2.87046,151.670,0.249,0.087,0.070,0.069,0.140,2024.04.03 13:30,2274.503,2275.094,0.000260,1,1,1,short,11.0,69.8,55.8,0.15763,0.19703,0.83,0.46,0.3700,0.3700,0.00,0.00,0.37,0.3688,0.0012,full,tp,0
DS260914_XAMR30_V1_TRAIN,USDJPYm,1821,1820,2024.04.04 19:00:00,2024.04.04 19:30:00,2024.04.04 19:30:00,2024.04.04 19:30:00,2024.04.04 19:59:58,-4.57839,151.625,-0.378,0.083,0.110,0.066,0.123,2024.04.04 19:00,2304.070,2294.901,-0.003979,1,1,1,long,11.0,110.4,88.3,0.09968,0.12460,0.83,0.73,-0.7300,-0.7300,0.00,0.00,-0.73,-0.7278,0.0022,full,sl,0
DS260914_XAMR30_V1_TRAIN,USDJPYm,1823,1822,2024.04.05 13:00:00,2024.04.05 13:30:00,2024.04.05 13:30:00,2024.04.05 13:30:00,2024.04.05 14:29:58,1.56337,151.380,0.276,0.176,0.114,0.066,0.121,2024.04.05 13:00,2290.907,2295.521,0.002014,1,1,1,short,11.0,113.9,91.1,0.09655,0.12069,0.82,0.75,0.6000,0.6000,0.00,0.00,0.60,0.6004,0.0004,full,tp,0
DS260914_XAMR30_V1_TRAIN,USDJPYm,1825,1824,2024.04.08 16:00:00,2024.04.08 16:30:00,2024.04.08 16:30:00,2024.04.08 16:30:00,2024.04.08 17:29:58,1.76245,151.743,0.092,0.052,0.065,0.063,0.110,2024.04.08 16:00,2327.882,2328.745,0.000371,1,1,1,short,11.0,65.0,52.0,0.16923,0.21154,0.83,0.43,0.3400,0.3400,0.00,0.00,0.34,0.3426,0.0026,full,tp,0
DS260914_XAMR30_V1_TRAIN,USDJPYm,1827,1826,2024.04.09 00:30:00,2024.04.09 01:00:00,2024.04.09 01:00:00,2024.04.09 01:00:00,2024.04.09 02:29:58,1.60040,151.774,0.129,0.081,0.072,0.062,0.106,2024.04.09 00:30,2339.342,2340.862,0.000650,1,1,1,short,11.0,72.4,57.9,0.15202,0.19003,0.84,0.47,0.3800,0.3800,0.00,0.00,0.38,0.3820,0.0020,full,tp,0
DS260914_XAMR30_V1_TRAIN,USDJPYm,1829,1828,2024.04.11 06:30:00,2024.04.11 07:00:00,2024.04.11 07:00:00,2024.04.11 07:00:00,2024.04.11 08:59:58,1.74568,152.662,0.497,0.285,0.097,0.058,0.107,2024.04.11 06:30,2335.658,2335.990,0.000142,1,1,1,short,11.0,97.0,77.6,0.11340,0.14175,0.84,0.64,-0.6300,-0.6300,0.00,0.00,-0.63,-0.6329,0.0029,full,sl,0
DS260914_XAMR30_V1_TRAIN,USDJPYm,1831,1830,2024.04.12 10:00:00,2024.04.12 10:30:00,2024.04.12 10:30:00,2024.04.12 10:30:00,2024.04.12 11:29:58,1.80027,153.151,0.182,0.101,0.073,0.058,0.105,2024.04.12 10:00,2398.109,2399.531,0.000593,1,1,1,short,11.0,73.3,58.6,0.15010,0.18762,0.83,0.48,0.3900,0.3900,0.00,0.00,0.39,0.3849,0.0051,full,tp,0
DS260914_XAMR30_V1_TRAIN,USDJPYm,1833,1832,2024.04.15 05:30:00,2024.04.15 06:00:00,2024.04.15 06:00:00,2024.04.15 06:00:00,2024.04.15 07:29:57,2.38091,153.350,0.472,0.198,0.099,0.060,0.121,2024.04.15 05:30,2356.528,2361.092,0.001937,1,1,1,short,11.0,99.4,79.5,0.11071,0.13839,0.84,0.65,-0.6400,-0.6400,0.00,0.00,-0.64,-0.6432,0.0032,full,sl,0
DS260914_XAMR30_V1_TRAIN,USDJPYm,1835,1834,2024.04.16 00:00:00,2024.04.16 00:30:00,2024.04.16 00:30:00,2024.04.16 00:30:00,2024.04.16 01:29:58,2.35900,153.988,0.296,0.126,0.094,0.062,0.126,2024.04.16 00:00,2381.896,2384.926,0.001272,1,1,1,short,11.0,93.8,75.0,0.11729,0.14661,0.83,0.61,-0.6100,-0.6100,0.00,0.00,-0.61,-0.6089,0.0011,full,sl,0
DS260914_XAMR30_V1_TRAIN,USDJPYm,1837,1836,2024.04.17 00:30:00,2024.04.17 01:00:00,2024.04.17 01:00:00,2024.04.17 01:00:00,2024.04.17 03:59:57,2.23174,154.522,0.165,0.074,0.090,0.062,0.131,2024.04.17 00:30,2381.926,2384.360,0.001022,1,1,1,short,11.0,90.4,72.3,0.12174,0.15217,0.82,0.58,0.4700,0.4700,0.00,0.00,0.47,0.4657,0.0043,full,tp,0
DS260914_XAMR30_V1_TRAIN,USDJPYm,1839,1838,2024.04.18 01:00:00,2024.04.18 01:30:00,2024.04.18 01:30:00,2024.04.18 01:30:00,2024.04.18 02:29:58,-1.70268,154.428,-0.228,0.134,0.122,0.065,0.135,2024.04.18 01:00,2369.787,2366.858,-0.001236,1,1,1,long,11.0,122.2,97.8,0.09001,0.11251,0.83,0.79,-0.7900,-0.7900,0.00,0.00,-0.79,-0.7917,0.0017,full,sl,0
DS260914_XAMR30_V1_TRAIN,USDJPYm,1841,1840,2024.04.22 03:30:00,2024.04.22 04:00:00,2024.04.22 04:00:00,2024.04.22 04:00:00,2024.04.22 10:00:00,1.70614,154.562,0.118,0.069,0.113,0.067,0.137,2024.04.22 03:30,2364.536,2369.326,0.002026,1,1,1,short,11.0,113.0,90.4,0.09735,0.12168,0.82,0.73,-0.5900,-0.5900,0.00,0.00,-0.59,-0.5944,0.0044,full,time_exit,0
DS260914_XAMR30_V1_TRAIN,USDJPYm,1843,1842,2024.04.24 12:30:00,2024.04.24 13:00:00,2024.04.24 13:00:00,2024.04.24 13:00:00,2024.04.24 13:29:57,1.83719,154.847,0.099,0.054,0.101,0.063,0.137,2024.04.24 12:30,2315.545,2323.154,0.003286,1,1,1,short,11.0,100.5,80.4,0.10945,0.13682,0.81,0.65,0.5200,0.5200,0.00,0.00,0.52,0.5166,0.0034,full,tp,0
DS260914_XAMR30_V1_TRAIN,USDJPYm,1845,1844,2024.04.24 23:30:00,2024.04.25 00:00:00,2024.04.25 00:00:00,2024.04.25 00:00:00,2024.04.25 00:59:58,2.20721,155.049,0.214,0.097,0.117,0.070,0.137,2024.04.24 23:30,2315.897,2316.219,0.000139,1,1,1,short,11.0,117.0,93.6,0.09402,0.11752,0.82,0.76,-0.7500,-0.7500,0.00,0.00,-0.75,-0.7530,0.0030,full,sl,0
DS260914_XAMR30_V1_TRAIN,USDJPYm,1847,1846,2024.05.01 05:00:00,2024.05.01 05:30:00,2024.05.01 05:30:00,2024.05.01 05:30:00,2024.05.01 06:59:58,2.67052,157.452,0.411,0.154,0.099,0.070,0.200,2024.05.01 05:00,2283.188,2285.429,0.000982,1,1,1,short,44.0,98.9,79.1,0.44509,0.55636,0.80,0.64,-0.6300,-0.6300,0.00,0.00,-0.63,-0.6267,0.0033,full,sl,0
DS260914_XAMR30_V1_TRAIN,USDJPYm,1849,1848,2024.05.06 23:30:00,2024.05.07 00:00:00,2024.05.07 00:00:00,2024.05.07 00:00:00,2024.05.07 00:29:58,3.22640,153.769,0.471,0.146,0.109,0.077,0.307,2024.05.06 23:30,2324.933,2325.943,0.000434,1,1,1,short,11.0,109.1,87.3,0.10085,0.12606,0.79,0.69,0.5600,0.5600,0.00,0.00,0.56,0.5644,0.0044,full,tp,0
DS260914_XAMR30_V1_TRAIN,USDJPYm,1851,1850,2024.05.08 08:30:00,2024.05.08 09:00:00,2024.05.08 09:00:00,2024.05.08 09:00:00,2024.05.08 09:59:58,4.20478,154.843,0.583,0.139,0.123,0.106,0.307,2024.05.08 08:30,2304.313,2307.300,0.001296,1,1,1,short,11.0,123.4,98.7,0.08912,0.11140,0.80,0.80,0.6400,0.6400,0.00,0.00,0.64,0.6374,0.0026,full,tp,0
DS260914_XAMR30_V1_TRAIN,USDJPYm,1853,1852,2024.05.14 12:30:00,2024.05.14 13:00:00,2024.05.14 13:00:00,2024.05.14 13:00:00,2024.05.14 13:29:58,2.82333,156.286,0.290,0.103,0.098,0.092,0.205,2024.05.14 12:30,2343.553,2348.191,0.001979,1,1,1,short,11.0,98.4,78.7,0.11176,0.13970,0.81,0.63,0.5100,0.5100,0.00,0.00,0.51,0.5048,0.0052,full,tp,0
DS260914_XAMR30_V1_TRAIN,USDJPYm,1855,1854,2024.05.15 07:30:00,2024.05.15 08:00:00,2024.05.15 08:00:00,2024.05.15 08:00:00,2024.05.15 08:29:58,-2.41498,156.347,-0.255,0.106,0.107,0.088,0.195,2024.05.15 07:30,2363.215,2362.401,-0.000344,1,1,1,long,11.0,106.9,85.5,0.10294,0.12868,0.82,0.68,-0.6900,-0.6900,0.00,0.00,-0.69,-0.6859,0.0041,full,sl,0
DS260914_XAMR30_V1_TRAIN,USDJPYm,1857,1856,2024.05.17 08:00:00,2024.05.17 08:30:00,2024.05.17 08:30:00,2024.05.17 08:30:00,2024.05.17 09:59:58,2.31860,155.441,0.433,0.187,0.114,0.090,0.194,2024.05.17 08:00,2383.874,2383.931,0.000024,1,1,1,short,11.0,113.8,91.0,0.09667,0.12084,0.81,0.73,0.5800,0.5800,0.00,0.00,0.58,0.5841,0.0041,full,tp,0
DS260914_XAMR30_V1_TRAIN,USDJPYm,1859,1858,2024.05.20 14:30:00,2024.05.20 15:00:00,2024.05.20 15:00:00,2024.05.20 15:00:00,2024.05.20 17:59:58,2.30596,155.774,0.287,0.125,0.116,0.090,0.163,2024.05.20 14:30,2417.197,2422.967,0.002387,1,1,1,short,11.0,116.1,92.9,0.09471,0.11839,0.82,0.74,-0.7400,-0.7400,0.00,0.00,-0.74,-0.7428,0.0028,full,sl,0
DS260914_XAMR30_V1_TRAIN,USDJPYm,1861,1860,2024.05.21 03:30:00,2024.05.21 04:00:00,2024.05.21 04:00:00,2024.05.21 04:00:00,2024.05.21 05:59:57,2.16172,156.133,0.339,0.157,0.087,0.086,0.152,2024.05.21 03:30,2410.325,2413.695,0.001398,1,1,1,short,11.0,86.7,69.4,0.12685,0.15857,0.81,0.56,0.4400,0.4400,0.00,0.00,0.44,0.4412,0.0012,full,tp,0
DS260914_XAMR30_V1_TRAIN,USDJPYm,1863,1862,2024.05.22 09:30:00,2024.05.22 10:00:00,2024.05.22 10:00:00,2024.05.22 10:00:00,2024.05.22 11:29:58,1.56965,156.280,0.155,0.099,0.084,0.083,0.142,2024.05.22 09:30,2415.402,2417.206,0.000747,1,1,1,short,11.0,83.6,66.9,0.13151,0.16439,0.81,0.54,-0.5400,-0.5400,0.00,0.00,-0.54,-0.5367,0.0033,full,sl,0
DS260914_XAMR30_V1_TRAIN,USDJPYm,1865,1864,2024.05.22 23:30:00,2024.05.23 00:00:00,2024.05.23 00:00:00,2024.05.23 00:00:00,2024.05.23 01:29:57,3.67041,156.500,0.230,0.063,0.114,0.083,0.141,2024.05.22 23:30,2381.896,2382.124,0.000096,1,1,1,short,11.0,114.1,91.3,0.09637,0.12046,0.81,0.73,-0.7300,-0.7300,0.00,0.00,-0.73,-0.7268,0.0032,full,sl,0
DS260914_XAMR30_V1_TRAIN,USDJPYm,1867,1866,2024.05.24 00:30:00,2024.05.24 01:00:00,2024.05.24 01:00:00,2024.05.24 01:00:00,2024.05.24 02:29:58,1.72186,156.839,0.193,0.112,0.104,0.084,0.144,2024.05.24 00:30,2328.923,2329.075,0.000065,1,1,1,short,11.0,104.4,83.5,0.10534,0.13167,0.80,0.66,-0.6600,-0.6600,0.00,0.00,-0.66,-0.6618,0.0018,full,sl,0
DS260914_XAMR30_V1_TRAIN,USDJPYm,1869,1868,2024.05.27 04:00:00,2024.05.27 04:30:00,2024.05.27 04:30:00,2024.05.27 04:30:00,2024.05.27 06:29:58,-1.50019,156.879,-0.152,0.101,0.119,0.081,0.144,2024.05.27 04:00,2345.973,2343.075,-0.001235,1,1,1,long,11.0,118.6,94.9,0.09277,0.11596,0.79,0.76,0.6100,0.6100,0.00,0.00,0.61,0.6057,0.0043,full,tp,0
DS260914_XAMR30_V1_TRAIN,USDJPYm,1871,1870,2024.05.28 03:00:00,2024.05.28 03:30:00,2024.05.28 03:30:00,2024.05.28 03:30:00,2024.05.28 05:29:58,-2.83188,156.838,-0.175,0.062,0.100,0.077,0.144,2024.05.28 03:00,2354.131,2351.435,-0.001145,1,1,1,long,11.0,100.4,80.3,0.10953,0.13691,0.79,0.64,0.5100,0.5100,0.00,0.00,0.51,0.5103,0.0003,full,tp,0
DS260914_XAMR30_V1_TRAIN,USDJPYm,1873,1872,2024.05.29 03:00:00,2024.05.29 03:30:00,2024.05.29 03:30:00,2024.05.29 03:30:00,2024.05.29 05:59:58,1.64229,157.059,0.243,0.148,0.091,0.079,0.141,2024.05.29 03:00,2355.638,2356.483,0.000359,1,1,1,short,11.0,90.6,72.5,0.12145,0.15181,0.80,0.58,0.4600,0.4600,0.00,0.00,0.46,0.4579,0.0021,full,tp,0
DS260914_XAMR30_V1_TRAIN,USDJPYm,1875,1874,2024.05.30 05:00:00,2024.05.30 05:30:00,2024.05.30 05:30:00,2024.05.30 05:30:00,2024.05.30 05:59:58,-1.68176,157.375,-0.271,0.161,0.122,0.081,0.133,2024.05.30 05:00,2335.230,2332.139,-0.001324,1,1,1,long,11.0,122.0,97.6,0.09016,0.11270,0.81,0.78,-0.7800,-0.7800,0.00,0.00,-0.78,-0.7771,0.0029,full,sl,0
