run_id,strategy_version,param_set_id,symbol,timeframe,position_id,deal_in,deal_out,order_kind,direction,entry_reason,exit_reason,deal_reason_raw,order_number,entry_time,entry_time_msc,entry_price,exit_time,exit_time_msc,exit_price,volume,sl_price,tp_price,profit,commission,swap,net_pnl,holding_seconds,vol_gate_low,market_state,rv_short_pts,rv_ratio,multiplier_a,grid_dist_pts,tp_dist_pts,baseline_at_entry,risk_level_at_entry,avg_vol_per_min,spread_pts_at_entry,atr_at_entry
g_pg_z2000,eva028-CoreRiskV1,g_pg_z2000,XAUUSD_HIST,M1,2,2,3,grid,1,grid_buy,grid_tp_baseline_revert,expert,1,2023.01.04 00:00:00,1672790400000,1836.701,2023.01.04 00:03:00,1672790580000,1837.745,0.01,0.000,2036.701,1.05,0.00,0.00,1.05,180,1,0,179.89,0.0098,1.0000,488.0,200000.0,1837.622,1,36.13,200.0,0.000
g_pg_z2000,eva028-CoreRiskV1,g_pg_z2000,XAUUSD_HIST,M1,4,4,5,grid,-1,grid_sell,grid_tp_baseline_revert,expert,1,2023.01.04 01:20:00,1672795200000,1840.078,2023.01.04 01:32:00,1672795920000,1839.434,0.01,0.000,1640.078,0.65,0.00,0.00,0.65,720,1,0,382.46,0.0208,1.0000,804.0,200000.0,1839.261,1,54.88,200.0,0.000
g_pg_z2000,eva028-CoreRiskV1,g_pg_z2000,XAUUSD_HIST,M1,8,8,9,grid,-1,grid_sell,grid_tp_baseline_revert,expert,3,2023.01.04 02:17:00,1672798620000,1844.562,2023.01.04 03:28:00,1672802880000,1845.788,0.01,0.000,1644.562,-1.23,0.00,0.00,-1.23,4260,1,0,367.54,0.0199,1.0000,1522.9,200000.0,1841.517,1,75.28,200.0,0.000
g_pg_z2000,eva028-CoreRiskV1,g_pg_z2000,XAUUSD_HIST,M1,7,7,10,grid,-1,grid_sell,grid_tp_baseline_revert,expert,2,2023.01.04 01:49:00,1672796940000,1842.330,2023.01.04 03:28:00,1672802880000,1845.788,0.01,0.000,1642.330,-3.46,0.00,0.00,-3.46,5940,1,0,443.31,0.0241,1.0000,1292.2,200000.0,1840.290,1,68.22,200.0,0.000
g_pg_z2000,eva028-CoreRiskV1,g_pg_z2000,XAUUSD_HIST,M1,6,6,11,grid,-1,grid_sell,grid_tp_baseline_revert,expert,1,2023.01.04 01:35:00,1672796100000,1841.007,2023.01.04 03:28:00,1672802880000,1845.788,0.01,0.000,1641.007,-4.78,0.00,0.00,-4.78,6780,1,0,413.42,0.0225,1.0000,863.0,200000.0,1839.968,1,64.38,200.0,0.000
g_pg_z2000,eva028-CoreRiskV1,g_pg_z2000,XAUUSD_HIST,M1,12,12,13,grid,-1,grid_sell,grid_tp_baseline_revert,expert,1,2023.01.04 04:09:00,1672805340000,1846.493,2023.01.04 04:13:00,1672805580000,1845.894,0.01,0.000,1646.493,0.60,0.00,0.00,0.60,240,1,0,133.24,0.0072,1.0000,461.0,200000.0,1845.956,1,37.52,200.0,0.000
g_pg_z2000,eva028-CoreRiskV1,g_pg_z2000,XAUUSD_HIST,M1,14,14,15,grid,-1,grid_sell,grid_tp_baseline_revert,expert,1,2023.01.04 04:59:00,1672808340000,1846.605,2023.01.04 05:04:00,1672808640000,1846.047,0.01,0.000,1646.605,0.56,0.00,0.00,0.56,300,1,0,204.90,0.0111,1.0000,525.0,200000.0,1846.072,1,38.40,200.0,0.000
g_pg_z2000,eva028-CoreRiskV1,g_pg_z2000,XAUUSD_HIST,M1,17,17,18,grid,-1,grid_sell,grid_tp_baseline_revert,expert,2,2023.01.04 06:17:00,1672813020000,1847.547,2023.01.04 06:40:00,1672814400000,1847.104,0.01,0.000,1647.547,0.45,0.00,0.00,0.45,1380,1,0,292.36,0.0158,1.0000,914.2,200000.0,1846.121,1,53.95,200.0,0.000
g_pg_z2000,eva028-CoreRiskV1,g_pg_z2000,XAUUSD_HIST,M1,16,16,19,grid,-1,grid_sell,grid_tp_baseline_revert,expert,1,2023.01.04 05:50:00,1672811400000,1846.555,2023.01.04 06:40:00,1672814400000,1847.104,0.01,0.000,1646.555,-0.54,0.00,0.00,-0.54,3000,1,0,287.22,0.0156,1.0000,645.0,200000.0,1845.498,1,51.90,200.0,0.000
g_pg_z2000,eva028-CoreRiskV1,g_pg_z2000,XAUUSD_HIST,M1,20,20,21,grid,1,grid_buy,grid_tp_baseline_revert,expert,1,2023.01.04 06:41:00,1672814460000,1846.424,2023.01.04 06:51:00,1672815060000,1846.999,0.01,0.000,2046.424,0.58,0.00,0.00,0.58,600,1,0,317.87,0.0172,1.0000,694.0,200000.0,1846.996,1,57.15,200.0,0.000
g_pg_z2000,eva028-CoreRiskV1,g_pg_z2000,XAUUSD_HIST,M1,23,23,24,grid,-1,grid_sell,stage1_daily_loss_stop,expert,2,2023.01.04 07:09:00,1672816140000,1849.381,2023.01.04 07:37:00,1672817820000,1856.923,0.01,0.000,1649.381,-7.54,0.00,0.00,-7.54,1680,1,0,348.53,0.0188,1.0000,1043.0,200000.0,1847.289,1,62.00,200.0,0.000
g_pg_z2000,eva028-CoreRiskV1,g_pg_z2000,XAUUSD_HIST,M1,22,22,25,grid,-1,grid_sell,stage1_daily_loss_stop,expert,1,2023.01.04 06:57:00,1672815420000,1847.990,2023.01.04 07:37:00,1672817820000,1856.923,0.01,0.000,1647.990,-8.93,0.00,0.00,-8.93,2400,1,0,330.56,0.0179,1.0000,714.0,200000.0,1847.012,1,57.85,200.0,0.000
g_pg_z2000,eva028-CoreRiskV1,g_pg_z2000,XAUUSD_HIST,M1,26,26,27,grid,-1,grid_sell,cutoff_line_stop,expert,1,2023.01.05 00:00:00,1672876800000,1854.794,2023.01.05 00:20:00,1672878000000,1855.952,0.01,0.000,1654.794,-1.16,0.00,0.00,-1.16,1200,1,0,207.91,0.0112,1.0000,530.0,200000.0,1848.572,1,33.85,200.0,0.000
g_pg_z2000,eva028-CoreRiskV1,g_pg_z2000,XAUUSD_HIST,M1,28,28,29,grid,1,grid_buy,grid_tp_baseline_revert,expert,1,2023.01.05 02:26:00,1672885560000,1854.242,2023.01.05 02:33:00,1672885980000,1854.600,0.01,0.000,2054.242,0.36,0.00,0.00,0.36,420,1,0,240.13,0.0130,1.0000,576.0,200000.0,1854.653,1,68.28,200.0,0.000
g_pg_z2000,eva028-CoreRiskV1,g_pg_z2000,XAUUSD_HIST,M1,30,30,31,grid,-1,grid_sell,grid_tp_baseline_revert,expert,1,2023.01.05 02:49:00,1672886940000,1856.045,2023.01.05 03:10:00,1672888200000,1855.633,0.01,0.000,1656.045,0.42,0.00,0.00,0.42,1260,1,0,254.58,0.0137,1.0000,597.0,200000.0,1855.407,1,58.63,200.0,0.000
g_pg_z2000,eva028-CoreRiskV1,g_pg_z2000,XAUUSD_HIST,M1,32,32,33,grid,-1,grid_sell,grid_tp_baseline_revert,expert,1,2023.01.05 03:40:00,1672890000000,1856.169,2023.01.05 03:48:00,1672890480000,1855.490,0.01,0.000,1656.169,0.68,0.00,0.00,0.68,480,1,0,325.42,0.0175,1.0000,707.0,200000.0,1855.404,1,50.67,200.0,0.000
g_pg_z2000,eva028-CoreRiskV1,g_pg_z2000,XAUUSD_HIST,M1,35,35,36,grid,1,grid_buy,grid_tp_baseline_revert,expert,2,2023.01.05 04:12:00,1672891920000,1851.583,2023.01.05 04:59:00,1672894740000,1851.862,0.01,0.000,2051.583,0.28,0.00,0.00,0.28,2820,1,0,314.76,0.0170,1.0000,964.6,200000.0,1853.735,1,51.60,200.0,0.000
g_pg_z2000,eva028-CoreRiskV1,g_pg_z2000,XAUUSD_HIST,M1,34,34,37,grid,1,grid_buy,grid_tp_baseline_revert,expert,1,2023.01.05 04:00:00,1672891200000,1853.492,2023.01.05 04:59:00,1672894740000,1851.862,0.01,0.000,2053.492,-1.63,0.00,0.00,-1.63,3540,1,0,235.86,0.0127,1.0000,570.0,200000.0,1854.013,1,45.60,200.0,0.000
g_pg_z2000,eva028-CoreRiskV1,g_pg_z2000,XAUUSD_HIST,M1,39,39,40,grid,1,grid_buy,grid_tp_baseline_revert,expert,2,2023.01.05 05:33:00,1672896780000,1850.815,2023.01.05 05:41:00,1672897260000,1852.017,0.01,0.000,2050.815,1.20,0.00,0.00,1.20,480,1,0,241.90,0.0131,1.0000,809.2,200000.0,1851.922,1,48.13,200.0,0.000
g_pg_z2000,eva028-CoreRiskV1,g_pg_z2000,XAUUSD_HIST,M1,38,38,41,grid,1,grid_buy,grid_tp_baseline_revert,expert,1,2023.01.05 05:18:00,1672895880000,1851.835,2023.01.05 05:41:00,1672897260000,1852.017,0.01,0.000,2051.835,0.18,0.00,0.00,0.18,1380,1,0,192.97,0.0104,1.0000,509.0,200000.0,1852.269,1,39.85,200.0,0.000
g_pg_z2000,eva028-CoreRiskV1,g_pg_z2000,XAUUSD_HIST,M1,42,42,43,grid,-1,grid_sell,grid_tp_baseline_revert,expert,1,2023.01.05 05:43:00,1672897380000,1853.153,2023.01.05 05:59:00,1672898340000,1852.164,0.01,0.000,1653.153,0.99,0.00,0.00,0.99,960,1,0,393.06,0.0212,1.0000,824.0,200000.0,1851.868,1,51.33,200.0,0.000
g_pg_z2000,eva028-CoreRiskV1,g_pg_z2000,XAUUSD_HIST,M1,45,45,46,grid,-1,grid_sell,grid_tp_baseline_revert,expert,2,2023.01.05 06:28:00,1672900080000,1854.891,2023.01.05 06:36:00,1672900560000,1853.493,0.01,0.000,1654.891,1.40,0.00,0.00,1.40,480,1,0,310.73,0.0168,1.0000,956.2,200000.0,1853.472,1,59.75,200.0,0.000
g_pg_z2000,eva028-CoreRiskV1,g_pg_z2000,XAUUSD_HIST,M1,44,44,47,grid,-1,grid_sell,grid_tp_baseline_revert,expert,1,2023.01.05 06:08:00,1672898880000,1853.786,2023.01.05 06:36:00,1672900560000,1853.493,0.01,0.000,1653.786,0.30,0.00,0.00,0.30,1680,1,0,293.57,0.0158,1.0000,656.0,200000.0,1853.008,1,59.27,200.0,0.000
g_pg_z2000,eva028-CoreRiskV1,g_pg_z2000,XAUUSD_HIST,M1,48,48,49,grid,1,grid_buy,grid_tp_baseline_revert,expert,1,2023.01.05 06:59:00,1672901940000,1851.682,2023.01.05 07:11:00,1672902660000,1852.025,0.01,0.000,2051.682,0.35,0.00,0.00,0.35,720,1,0,283.57,0.0153,1.0000,640.0,200000.0,1852.282,1,54.00,200.0,0.000
g_pg_z2000,eva028-CoreRiskV1,g_pg_z2000,XAUUSD_HIST,M1,52,52,53,grid,1,grid_buy,grid_tp_baseline_revert,expert,3,2023.01.05 08:19:00,1672906740000,1846.144,2023.01.05 09:18:00,1672910280000,1849.052,0.01,0.000,2046.144,2.91,0.00,0.00,2.91,3540,1,0,745.83,0.0404,1.0000,3637.8,200000.0,1852.730,1,118.20,200.0,0.000
g_pg_z2000,eva028-CoreRiskV1,g_pg_z2000,XAUUSD_HIST,M1,51,51,54,grid,1,grid_buy,grid_tp_baseline_revert,expert,2,2023.01.05 07:51:00,1672905060000,1850.715,2023.01.05 09:18:00,1672910280000,1849.052,0.01,0.000,2050.715,-1.67,0.00,0.00,-1.67,5220,1,0,479.26,0.0259,1.0000,1401.4,200000.0,1853.959,1,74.90,200.0,0.000
g_pg_z2000,eva028-CoreRiskV1,g_pg_z2000,XAUUSD_HIST,M1,50,50,55,grid,1,grid_buy,grid_tp_baseline_revert,expert,1,2023.01.05 07:39:00,1672904340000,1853.238,2023.01.05 09:18:00,1672910280000,1849.052,0.01,0.000,2053.238,-4.19,0.00,0.00,-4.19,5940,1,0,408.17,0.0220,1.0000,853.0,200000.0,1854.237,1,69.45,200.0,0.000
g_pg_z2000,eva028-CoreRiskV1,g_pg_z2000,XAUUSD_HIST,M1,56,56,57,grid,-1,grid_sell,grid_tp_baseline_revert,expert,1,2023.01.05 09:31:00,1672911060000,1849.807,2023.01.05 09:53:00,1672912380000,1848.909,0.01,0.000,1649.807,0.90,0.00,0.00,0.90,1320,0,0,372.99,0.0202,1.0000,787.0,200000.0,1848.571,1,78.05,200.0,0.000
g_pg_z2000,eva028-CoreRiskV1,g_pg_z2000,XAUUSD_HIST,M1,58,58,59,grid,1,grid_buy,grid_tp_baseline_revert,expert,1,2023.01.05 09:56:00,1672912560000,1847.688,2023.01.05 10:01:00,1672912860000,1849.048,0.01,0.000,2047.688,1.36,0.00,0.00,1.36,300,0,0,414.29,0.0224,1.0000,865.0,200000.0,1848.632,1,69.95,200.0,0.000
g_pg_z2000,eva028-CoreRiskV1,g_pg_z2000,XAUUSD_HIST,M1,60,60,61,grid,-1,grid_sell,grid_tp_baseline_revert,expert,1,2023.01.05 10:21:00,1672914060000,1849.915,2023.01.05 10:30:00,1672914600000,1849.060,0.01,0.000,1649.915,0.86,0.00,0.00,0.86,540,0,0,392.05,0.0212,1.0000,822.0,200000.0,1849.002,1,68.85,200.0,0.000
g_pg_z2000,eva028-CoreRiskV1,g_pg_z2000,XAUUSD_HIST,M1,63,63,64,grid,1,grid_buy,grid_tp_baseline_revert,expert,2,2023.01.05 11:02:00,1672916520000,1848.628,2023.01.05 11:14:00,1672917240000,1849.568,0.01,0.000,2048.628,0.94,0.00,0.00,0.94,720,0,0,280.28,0.0152,1.0000,889.0,200000.0,1850.061,1,65.95,200.0,0.000
g_pg_z2000,eva028-CoreRiskV1,g_pg_z2000,XAUUSD_HIST,M1,62,62,65,grid,1,grid_buy,grid_tp_baseline_revert,expert,1,2023.01.05 10:47:00,1672915620000,1849.533,2023.01.05 11:14:00,1672917240000,1849.568,0.01,0.000,2049.533,0.04,0.00,0.00,0.04,1620,0,0,379.41,0.0205,1.0000,799.0,200000.0,1850.407,1,70.53,200.0,0.000
g_pg_z2000,eva028-CoreRiskV1,g_pg_z2000,XAUUSD_HIST,M1,68,68,69,grid,1,grid_buy,grid_tp_baseline_revert,expert,3,2023.01.05 12:03:00,1672920180000,1845.712,2023.01.05 12:20:00,1672921200000,1847.921,0.01,0.000,2045.712,2.21,0.00,0.00,2.21,1020,0,0,385.98,0.0209,1.0000,1589.6,200000.0,1848.869,1,68.15,200.0,0.000
g_pg_z2000,eva028-CoreRiskV1,g_pg_z2000,XAUUSD_HIST,M1,67,67,70,grid,1,grid_buy,grid_tp_baseline_revert,expert,2,2023.01.05 11:35:00,1672918500000,1848.169,2023.01.05 12:20:00,1672921200000,1847.921,0.01,0.000,2048.169,-0.25,0.00,0.00,-0.25,2700,0,0,342.60,0.0185,1.0000,1029.0,200000.0,1850.097,1,63.80,200.0,0.000
g_pg_z2000,eva028-CoreRiskV1,g_pg_z2000,XAUUSD_HIST,M1,66,66,71,grid,1,grid_buy,grid_tp_baseline_revert,expert,1,2023.01.05 11:23:00,1672917780000,1849.674,2023.01.05 12:20:00,1672921200000,1847.921,0.01,0.000,2049.674,-1.75,0.00,0.00,-1.75,3420,0,0,326.06,0.0176,1.0000,707.0,200000.0,1850.375,1,63.33,200.0,0.000
g_pg_z2000,eva028-CoreRiskV1,g_pg_z2000,XAUUSD_HIST,M1,72,72,73,grid,1,grid_buy,grid_tp_baseline_revert,expert,1,2023.01.05 12:47:00,1672922820000,1845.886,2023.01.05 13:01:00,1672923660000,1846.686,0.01,0.000,2045.886,0.80,0.00,0.00,0.80,840,0,0,305.86,0.0166,1.0000,674.0,200000.0,1846.577,1,74.95,200.0,0.000
g_pg_z2000,eva028-CoreRiskV1,g_pg_z2000,XAUUSD_HIST,M1,74,74,75,grid,-1,grid_sell,grid_tp_baseline_revert,expert,1,2023.01.05 13:02:00,1672923720000,1847.717,2023.01.05 13:07:00,1672924020000,1846.222,0.01,0.000,1647.717,1.50,0.00,0.00,1.50,300,0,0,540.58,0.0293,1.0000,1150.0,200000.0,1846.459,1,78.53,200.0,0.000
g_pg_z2000,eva028-CoreRiskV1,g_pg_z2000,XAUUSD_HIST,M1,76,76,77,grid,1,grid_buy,grid_tp_baseline_revert,expert,1,2023.01.05 13:16:00,1672924560000,1843.997,2023.01.05 13:25:00,1672925100000,1846.134,0.01,0.000,2043.997,2.13,0.00,0.00,2.13,540,0,0,814.73,0.0442,1.0000,2194.0,200000.0,1845.823,1,94.88,600.0,0.000
g_pg_z2000,eva028-CoreRiskV1,g_pg_z2000,XAUUSD_HIST,M1,78,78,79,grid,-1,grid_sell,grid_tp_baseline_revert,expert,1,2023.01.05 14:32:00,1672929120000,1837.771,2023.01.05 14:39:00,1672929540000,1836.044,0.01,0.000,1588.738,1.73,0.00,0.00,1.73,420,0,0,545.61,0.0297,1.2452,1450.6,249033.3,1835.906,1,186.78,200.0,0.000
g_pg_z2000,eva028-CoreRiskV1,g_pg_z2000,XAUUSD_HIST,M1,80,80,81,grid,1,grid_buy,grid_tp_baseline_revert,expert,1,2023.01.05 15:06:00,1672931160000,1831.771,2023.01.05 15:09:00,1672931340000,1835.891,0.01,0.000,2074.938,4.12,0.00,0.00,4.12,180,0,0,731.90,0.0400,1.2158,2195.8,243166.7,1833.757,1,182.38,400.0,0.000
g_pg_z2000,eva028-CoreRiskV1,g_pg_z2000,XAUUSD_HIST,M1,82,82,83,grid,1,grid_buy,grid_tp_baseline_revert,expert,1,2023.01.05 15:36:00,1672932960000,1825.475,2023.01.05 15:39:00,1672933140000,1828.304,0.01,0.000,2126.675,2.82,0.00,0.00,2.82,180,0,0,744.03,0.0408,1.5060,2808.7,301200.0,1828.187,1,225.90,400.0,0.000
g_pg_z2000,eva028-CoreRiskV1,g_pg_z2000,XAUUSD_HIST,M1,86,86,87,grid,-1,grid_sell,grid_tp_baseline_revert,expert,3,2023.01.05 17:23:00,1672939380000,1833.197,2023.01.05 18:09:00,1672942140000,1833.561,0.01,0.000,1633.197,-0.36,0.00,0.00,-0.36,2760,0,0,495.37,0.0270,1.0000,2036.4,200000.0,1831.009,1,90.22,200.0,0.000
g_pg_z2000,eva028-CoreRiskV1,g_pg_z2000,XAUUSD_HIST,M1,85,85,88,grid,-1,grid_sell,grid_tp_baseline_revert,expert,2,2023.01.05 16:29:00,1672936140000,1830.908,2023.01.05 18:09:00,1672942140000,1833.561,0.01,0.000,1630.908,-2.65,0.00,0.00,-2.65,6000,0,0,506.70,0.0277,1.0000,1493.8,200000.0,1828.661,1,115.65,200.0,0.000
g_pg_z2000,eva028-CoreRiskV1,g_pg_z2000,XAUUSD_HIST,M1,84,84,89,grid,-1,grid_sell,grid_tp_baseline_revert,expert,1,2023.01.05 16:08:00,1672934880000,1829.345,2023.01.05 18:09:00,1672942140000,1833.561,0.01,0.000,1629.345,-4.21,0.00,0.00,-4.21,7260,0,0,535.90,0.0293,1.0000,1141.0,200000.0,1828.181,1,148.07,200.0,0.000
g_pg_z2000,eva028-CoreRiskV1,g_pg_z2000,XAUUSD_HIST,M1,90,90,91,grid,1,grid_buy,grid_tp_baseline_revert,expert,1,2023.01.05 18:10:00,1672942200000,1833.015,2023.01.05 18:21:00,1672942860000,1834.251,0.01,0.000,2033.015,1.23,0.00,0.00,1.23,660,0,0,262.58,0.0143,1.0000,606.0,200000.0,1833.751,1,65.47,200.0,0.000
g_pg_z2000,eva028-CoreRiskV1,g_pg_z2000,XAUUSD_HIST,M1,93,93,94,grid,-1,grid_sell,grid_tp_baseline_revert,expert,2,2023.01.05 18:41:00,1672944060000,1836.807,2023.01.05 19:10:00,1672945800000,1835.533,0.01,0.000,1636.807,1.28,0.00,0.00,1.28,1740,0,0,433.27,0.0236,1.0000,1262.8,200000.0,1834.364,1,103.33,200.0,0.000
g_pg_z2000,eva028-CoreRiskV1,g_pg_z2000,XAUUSD_HIST,M1,92,92,95,grid,-1,grid_sell,grid_tp_baseline_revert,expert,1,2023.01.05 18:23:00,1672942980000,1835.439,2023.01.05 19:10:00,1672945800000,1835.533,0.01,0.000,1635.439,-0.09,0.00,0.00,-0.09,2820,0,0,631.28,0.0344,1.0000,1421.0,200000.0,1833.951,1,75.53,200.0,0.000
g_pg_z2000,eva028-CoreRiskV1,g_pg_z2000,XAUUSD_HIST,M1,97,97,98,grid,1,grid_buy,grid_tp_baseline_revert,expert,2,2023.01.05 19:24:00,1672946640000,1834.145,2023.01.05 19:41:00,1672947660000,1834.430,0.01,0.000,2034.145,0.28,0.00,0.00,0.28,1020,0,0,254.04,0.0139,1.0000,831.6,200000.0,1835.130,1,65.67,200.0,0.000
g_pg_z2000,eva028-CoreRiskV1,g_pg_z2000,XAUUSD_HIST,M1,96,96,99,grid,1,grid_buy,grid_tp_baseline_revert,expert,1,2023.01.05 19:12:00,1672945920000,1834.949,2023.01.05 19:41:00,1672947660000,1834.430,0.01,0.000,2034.949,-0.52,0.00,0.00,-0.52,1740,0,0,253.20,0.0138,1.0000,593.0,200000.0,1835.405,1,68.75,200.0,0.000
g_pg_z2000,eva028-CoreRiskV1,g_pg_z2000,XAUUSD_HIST,M1,101,101,102,grid,1,grid_buy,grid_tp_baseline_revert,expert,2,2023.01.05 20:12:00,1672949520000,1832.880,2023.01.05 20:35:00,1672950900000,1833.768,0.01,0.000,2032.880,0.89,0.00,0.00,0.89,1380,0,0,401.02,0.0219,1.0000,1173.2,200000.0,1834.645,1,58.50,200.0,0.000
g_pg_z2000,eva028-CoreRiskV1,g_pg_z2000,XAUUSD_HIST,M1,100,100,103,grid,1,grid_buy,grid_tp_baseline_revert,expert,1,2023.01.05 20:00:00,1672948800000,1834.446,2023.01.05 20:35:00,1672950900000,1833.768,0.01,0.000,2034.446,-0.68,0.00,0.00,-0.68,2100,0,0,202.83,0.0111,1.0000,520.0,200000.0,1834.920,1,58.42,200.0,0.000
g_pg_z2000,eva028-CoreRiskV1,g_pg_z2000,XAUUSD_HIST,M1,104,104,105,grid,1,grid_buy,grid_tp_baseline_revert,expert,1,2023.01.05 23:01:00,1672959660000,1832.462,2023.01.05 23:08:00,1672960080000,1832.808,0.01,0.000,2032.462,0.35,0.00,0.00,0.35,420,0,0,172.50,0.0094,1.0000,477.0,200000.0,1832.794,1,24.13,200.0,0.000
g_pg_z2000,eva028-CoreRiskV1,g_pg_z2000,XAUUSD_HIST,M1,106,106,107,grid,-1,grid_sell,grid_tp_baseline_revert,expert,1,2023.01.05 23:49:00,1672962540000,1832.816,2023.01.06 00:03:00,1672963380000,1832.012,0.01,0.000,1632.816,0.81,0.00,0.00,0.81,840,0,0,132.98,0.0073,1.0000,458.0,200000.0,1832.314,1,28.73,200.0,0.000
g_pg_z2000,eva028-CoreRiskV1,g_pg_z2000,XAUUSD_HIST,M1,108,108,109,grid,1,grid_buy,grid_tp_baseline_revert,expert,1,2023.01.06 00:04:00,1672963440000,1832.064,2023.01.06 00:22:00,1672964520000,1832.145,0.01,0.000,2032.064,0.09,0.00,0.00,0.09,1080,0,0,206.04,0.0112,1.0000,525.0,200000.0,1832.541,1,29.07,200.0,0.000
g_pg_z2000,eva028-CoreRiskV1,g_pg_z2000,XAUUSD_HIST,M1,111,111,112,grid,-1,grid_sell,grid_tp_baseline_revert,expert,2,2023.01.06 00:40:00,1672965600000,1833.802,2023.01.06 01:09:00,1672967340000,1833.817,0.01,0.000,1633.802,-0.02,0.00,0.00,-0.02,1740,1,0,234.67,0.0128,1.0000,792.4,200000.0,1832.644,1,41.40,200.0,0.000
g_pg_z2000,eva028-CoreRiskV1,g_pg_z2000,XAUUSD_HIST,M1,110,110,113,grid,-1,grid_sell,grid_tp_baseline_revert,expert,1,2023.01.06 00:28:00,1672964880000,1832.962,2023.01.06 01:09:00,1672967340000,1833.817,0.01,0.000,1632.962,-0.86,0.00,0.00,-0.86,2460,1,0,133.57,0.0073,1.0000,458.0,200000.0,1832.369,1,37.13,200.0,0.000
g_pg_z2000,eva028-CoreRiskV1,g_pg_z2000,XAUUSD_HIST,M1,116,116,117,grid,-1,grid_sell,grid_tp_baseline_revert,expert,3,2023.01.06 02:30:00,1672972200000,1839.562,2023.01.06 03:32:00,1672975920000,1840.140,0.01,0.000,1639.562,-0.58,0.00,0.00,-0.58,3720,1,0,364.78,0.0198,1.0000,1513.1,200000.0,1836.366,1,62.05,200.0,0.000
g_pg_z2000,eva028-CoreRiskV1,g_pg_z2000,XAUUSD_HIST,M1,115,115,118,grid,-1,grid_sell,grid_tp_baseline_revert,expert,2,2023.01.06 02:02:00,1672970520000,1836.818,2023.01.06 03:32:00,1672975920000,1840.140,0.01,0.000,1636.818,-3.32,0.00,0.00,-3.32,5400,1,0,378.20,0.0206,1.0000,1114.4,200000.0,1835.143,1,58.40,200.0,0.000
g_pg_z2000,eva028-CoreRiskV1,g_pg_z2000,XAUUSD_HIST,M1,114,114,119,grid,-1,grid_sell,grid_tp_baseline_revert,expert,1,2023.01.06 01:48:00,1672969680000,1835.667,2023.01.06 03:32:00,1672975920000,1840.140,0.01,0.000,1635.667,-4.47,0.00,0.00,-4.47,6240,1,0,307.36,0.0167,1.0000,676.0,200000.0,1834.822,1,57.40,200.0,0.000
g_pg_z2000,eva028-CoreRiskV1,g_pg_z2000,XAUUSD_HIST,M1,120,120,121,grid,1,grid_buy,grid_tp_baseline_revert,expert,1,2023.01.06 04:02:00,1672977720000,1839.139,2023.01.06 04:11:00,1672978260000,1839.290,0.01,0.000,2039.139,0.15,0.00,0.00,0.15,540,1,0,166.69,0.0091,1.0000,470.0,200000.0,1839.417,1,47.33,200.0,0.000
g_pg_z2000,eva028-CoreRiskV1,g_pg_z2000,XAUUSD_HIST,M1,122,122,123,grid,1,grid_buy,grid_tp_baseline_revert,expert,1,2023.01.06 04:32:00,1672979520000,1840.078,2023.01.06 04:35:00,1672979700000,1840.335,0.01,0.000,2040.078,0.26,0.00,0.00,0.26,180,1,0,141.99,0.0077,1.0000,459.0,200000.0,1840.361,1,35.50,200.0,0.000
g_pg_z2000,eva028-CoreRiskV1,g_pg_z2000,XAUUSD_HIST,M1,125,125,126,grid,1,grid_buy,grid_tp_baseline_revert,expert,2,2023.01.06 05:12:00,1672981920000,1836.507,2023.01.06 05:37:00,1672983420000,1837.266,0.01,0.000,2036.507,0.76,0.00,0.00,0.76,1500,1,0,325.42,0.0177,1.0000,987.0,200000.0,1838.331,1,40.40,200.0,0.000
g_pg_z2000,eva028-CoreRiskV1,g_pg_z2000,XAUUSD_HIST,M1,124,124,127,grid,1,grid_buy,grid_tp_baseline_revert,expert,1,2023.01.06 05:00:00,1672981200000,1838.234,2023.01.06 05:37:00,1672983420000,1837.266,0.01,0.000,2038.234,-0.96,0.00,0.00,-0.96,2220,1,0,223.71,0.0122,1.0000,550.0,200000.0,1838.607,1,34.23,200.0,0.000
g_pg_z2000,eva028-CoreRiskV1,g_pg_z2000,XAUUSD_HIST,M1,128,128,129,grid,1,grid_buy,grid_tp_baseline_revert,expert,1,2023.01.06 05:46:00,1672983960000,1836.268,2023.01.06 06:00:00,1672984800000,1837.133,0.01,0.000,2036.268,0.86,0.00,0.00,0.86,840,1,0,475.28,0.0259,1.0000,993.0,200000.0,1837.454,1,53.50,200.0,0.000
g_pg_z2000,eva028-CoreRiskV1,g_pg_z2000,XAUUSD_HIST,M1,131,131,132,grid,-1,grid_sell,grid_tp_baseline_revert,expert,2,2023.01.06 06:43:00,1672987380000,1839.449,2023.01.06 06:59:00,1672988340000,1838.957,0.01,0.000,1639.449,0.49,0.00,0.00,0.49,960,1,0,273.42,0.0149,1.0000,873.6,200000.0,1838.415,1,51.17,200.0,0.000
g_pg_z2000,eva028-CoreRiskV1,g_pg_z2000,XAUUSD_HIST,M1,130,130,133,grid,-1,grid_sell,grid_tp_baseline_revert,expert,1,2023.01.06 06:03:00,1672984980000,1838.353,2023.01.06 06:59:00,1672988340000,1838.957,0.01,0.000,1638.353,-0.61,0.00,0.00,-0.61,3360,1,0,311.03,0.0169,1.0000,682.0,200000.0,1837.495,1,61.15,200.0,0.000
g_pg_z2000,eva028-CoreRiskV1,g_pg_z2000,XAUUSD_HIST,M1,134,134,135,grid,-1,grid_sell,grid_tp_baseline_revert,expert,1,2023.01.06 07:04:00,1672988640000,1840.434,2023.01.06 07:13:00,1672989180000,1839.283,0.01,0.000,1640.434,1.15,0.00,0.00,1.15,540,1,0,346.13,0.0188,1.0000,740.0,200000.0,1839.546,1,52.67,200.0,0.000
g_pg_z2000,eva028-CoreRiskV1,g_pg_z2000,XAUUSD_HIST,M1,137,137,138,grid,1,grid_buy,grid_tp_baseline_revert,expert,2,2023.01.06 07:32:00,1672990320000,1837.416,2023.01.06 07:44:00,1672991040000,1838.256,0.01,0.000,2037.416,0.84,0.00,0.00,0.84,720,1,0,316.54,0.0172,1.0000,967.4,200000.0,1838.673,1,61.98,200.0,0.000
g_pg_z2000,eva028-CoreRiskV1,g_pg_z2000,XAUUSD_HIST,M1,136,136,139,grid,1,grid_buy,grid_tp_baseline_revert,expert,1,2023.01.06 07:20:00,1672989600000,1838.318,2023.01.06 07:44:00,1672991040000,1838.256,0.01,0.000,2038.318,-0.06,0.00,0.00,-0.06,1440,1,0,392.40,0.0213,1.0000,822.0,200000.0,1838.949,1,60.52,200.0,0.000
g_pg_z2000,eva028-CoreRiskV1,g_pg_z2000,XAUUSD_HIST,M1,140,140,141,grid,-1,grid_sell,grid_tp_baseline_revert,expert,1,2023.01.06 08:03:00,1672992180000,1839.407,2023.01.06 08:06:00,1672992360000,1838.601,0.01,0.000,1639.407,0.81,0.00,0.00,0.81,180,1,0,343.97,0.0187,1.0000,736.0,200000.0,1838.655,1,66.17,200.0,0.000
g_pg_z2000,eva028-CoreRiskV1,g_pg_z2000,XAUUSD_HIST,M1,142,142,143,grid,-1,grid_sell,grid_tp_baseline_revert,expert,1,2023.01.06 08:18:00,1672993080000,1840.183,2023.01.06 08:25:00,1672993500000,1839.228,0.01,0.000,1640.183,0.95,0.00,0.00,0.95,420,1,0,374.33,0.0203,1.0000,789.0,200000.0,1839.363,1,75.88,200.0,0.000
g_pg_z2000,eva028-CoreRiskV1,g_pg_z2000,XAUUSD_HIST,M1,146,146,147,grid,1,grid_buy,grid_tp_baseline_revert,expert,3,2023.01.06 09:09:00,1672996140000,1836.594,2023.01.06 09:35:00,1672997700000,1836.026,0.01,0.000,2036.594,-0.56,0.00,0.00,-0.56,1560,1,0,289.23,0.0158,1.0000,1268.1,200000.0,1837.585,1,61.23,200.0,0.000
g_pg_z2000,eva028-CoreRiskV1,g_pg_z2000,XAUUSD_HIST,M1,145,145,148,grid,1,grid_buy,grid_tp_baseline_revert,expert,2,2023.01.06 08:41:00,1672994460000,1837.713,2023.01.06 09:35:00,1672997700000,1836.026,0.01,0.000,2037.713,-1.68,0.00,0.00,-1.68,3240,1,0,328.57,0.0179,1.0000,994.0,200000.0,1838.807,1,78.17,200.0,0.000
g_pg_z2000,eva028-CoreRiskV1,g_pg_z2000,XAUUSD_HIST,M1,144,144,149,grid,1,grid_buy,grid_tp_baseline_revert,expert,1,2023.01.06 08:28:00,1672993680000,1838.515,2023.01.06 09:35:00,1672997700000,1836.026,0.01,0.000,2038.515,-2.49,0.00,0.00,-2.49,4020,1,0,350.04,0.0190,1.0000,746.0,200000.0,1839.105,1,78.67,200.0,0.000
g_pg_z2000,eva028-CoreRiskV1,g_pg_z2000,XAUUSD_HIST,M1,150,150,151,grid,-1,grid_sell,grid_tp_baseline_revert,expert,1,2023.01.06 10:16:00,1673000160000,1836.335,2023.01.06 10:19:00,1673000340000,1835.445,0.01,0.000,1636.335,0.89,0.00,0.00,0.89,180,1,0,302.08,0.0165,1.0000,667.0,200000.0,1835.618,1,61.85,200.0,0.000
g_pg_z2000,eva028-CoreRiskV1,g_pg_z2000,XAUUSD_HIST,M1,154,154,155,grid,-1,grid_sell,grid_tp_baseline_revert,expert,3,2023.01.06 11:25:00,1673004300000,1838.669,2023.01.06 11:39:00,1673005140000,1837.339,0.01,0.000,1638.669,1.33,0.00,0.00,1.33,840,1,0,193.01,0.0105,1.0000,993.7,200000.0,1837.065,1,61.38,200.0,0.000
g_pg_z2000,eva028-CoreRiskV1,g_pg_z2000,XAUUSD_HIST,M1,153,153,156,grid,-1,grid_sell,grid_tp_baseline_revert,expert,2,2023.01.06 10:54:00,1673002440000,1837.363,2023.01.06 11:39:00,1673005140000,1837.339,0.01,0.000,1637.363,0.02,0.00,0.00,0.02,2700,1,0,348.29,0.0190,1.0000,1040.2,200000.0,1835.712,1,61.88,200.0,0.000
g_pg_z2000,eva028-CoreRiskV1,g_pg_z2000,XAUUSD_HIST,M1,152,152,157,grid,-1,grid_sell,grid_tp_baseline_revert,expert,1,2023.01.06 10:41:00,1673001660000,1836.164,2023.01.06 11:39:00,1673005140000,1837.339,0.01,0.000,1636.164,-1.18,0.00,0.00,-1.18,3480,1,0,335.62,0.0183,1.0000,722.0,200000.0,1835.414,1,63.70,200.0,0.000
g_pg_z2000,eva028-CoreRiskV1,g_pg_z2000,XAUUSD_HIST,M1,158,158,159,grid,1,grid_buy,grid_tp_baseline_revert,expert,1,2023.01.06 11:41:00,1673005260000,1836.949,2023.01.06 11:46:00,1673005560000,1837.534,0.01,0.000,2036.949,0.58,0.00,0.00,0.58,300,1,0,387.12,0.0211,1.0000,812.0,200000.0,1837.627,1,63.85,200.0,0.000
g_pg_z2000,eva028-CoreRiskV1,g_pg_z2000,XAUUSD_HIST,M1,160,160,161,grid,1,grid_buy,grid_tp_baseline_revert,expert,1,2023.01.06 11:49:00,1673005740000,1836.171,2023.01.06 11:58:00,1673006280000,1836.927,0.01,0.000,2036.171,0.76,0.00,0.00,0.76,540,1,0,453.68,0.0247,1.0000,945.0,200000.0,1836.988,1,64.45,200.0,0.000
g_pg_z2000,eva028-CoreRiskV1,g_pg_z2000,XAUUSD_HIST,M1,162,162,163,grid,1,grid_buy,grid_tp_baseline_revert,expert,1,2023.01.06 12:02:00,1673006520000,1835.722,2023.01.06 12:03:00,1673006580000,1836.682,0.01,0.000,2035.722,0.96,0.00,0.00,0.96,60,1,0,329.87,0.0180,1.0000,712.0,200000.0,1836.486,1,66.53,200.0,0.000
g_pg_z2000,eva028-CoreRiskV1,g_pg_z2000,XAUUSD_HIST,M1,164,164,165,grid,1,grid_buy,grid_tp_baseline_revert,expert,1,2023.01.06 13:20:00,1673011200000,1836.151,2023.01.06 13:31:00,1673011860000,1837.864,0.01,0.000,2036.151,1.71,0.00,0.00,1.71,660,1,0,442.46,0.0241,1.0000,921.0,200000.0,1837.040,1,93.28,200.0,0.000
g_pg_z2000,eva028-CoreRiskV1,g_pg_z2000,XAUUSD_HIST,M1,168,168,169,grid,-1,grid_sell,grid_tp_baseline_revert,expert,3,2023.01.06 19:07:00,1673032020000,1869.315,2023.01.06 20:13:00,1673035980000,1868.952,0.01,0.000,1669.315,0.37,0.00,0.00,0.37,3960,0,0,394.19,0.0211,1.0000,1620.9,200000.0,1864.909,1,85.30,200.0,0.000
g_pg_z2000,eva028-CoreRiskV1,g_pg_z2000,XAUUSD_HIST,M1,167,167,170,grid,-1,grid_sell,grid_tp_baseline_revert,expert,2,2023.01.06 18:39:00,1673030340000,1866.506,2023.01.06 20:13:00,1673035980000,1868.952,0.01,0.000,1666.506,-2.44,0.00,0.00,-2.44,5640,0,0,411.11,0.0220,1.0000,1202.6,200000.0,1863.666,1,75.50,200.0,0.000
g_pg_z2000,eva028-CoreRiskV1,g_pg_z2000,XAUUSD_HIST,M1,166,166,171,grid,-1,grid_sell,grid_tp_baseline_revert,expert,1,2023.01.06 18:27:00,1673029620000,1864.388,2023.01.06 20:13:00,1673035980000,1868.952,0.01,0.000,1664.388,-4.56,0.00,0.00,-4.56,6360,0,0,310.25,0.0166,1.0000,683.0,200000.0,1863.386,1,68.35,200.0,0.000
g_pg_z2000,eva028-CoreRiskV1,g_pg_z2000,XAUUSD_HIST,M1,172,172,173,grid,1,grid_buy,grid_tp_baseline_revert,expert,1,2023.01.06 20:15:00,1673036100000,1868.431,2023.01.06 20:30:00,1673037000000,1868.554,0.01,0.000,2068.431,0.12,0.00,0.00,0.12,900,0,0,217.94,0.0117,1.0000,546.0,200000.0,1868.892,1,59.45,200.0,0.000
g_pg_z2000,eva028-CoreRiskV1,g_pg_z2000,XAUUSD_HIST,M1,175,175,176,grid,1,grid_buy,grid_tp_baseline_revert,expert,2,2023.01.06 20:49:00,1673038140000,1866.218,2023.01.06 21:26:00,1673040360000,1866.179,0.01,0.000,2066.218,-0.04,0.00,0.00,-0.04,2220,0,0,432.62,0.0232,1.0000,1261.4,200000.0,1867.804,1,54.23,200.0,0.000
g_pg_z2000,eva028-CoreRiskV1,g_pg_z2000,XAUUSD_HIST,M1,174,174,177,grid,1,grid_buy,grid_tp_baseline_revert,expert,1,2023.01.06 20:34:00,1673037240000,1867.803,2023.01.06 21:26:00,1673040360000,1866.179,0.01,0.000,2067.803,-1.62,0.00,0.00,-1.62,3120,0,0,217.57,0.0116,1.0000,545.0,200000.0,1868.154,1,55.42,200.0,0.000
g_pg_z2000,eva028-CoreRiskV1,g_pg_z2000,XAUUSD_HIST,M1,178,178,179,grid,-1,grid_sell,grid_tp_baseline_revert,expert,1,2023.01.06 21:42:00,1673041320000,1866.517,2023.01.06 21:57:00,1673042220000,1866.099,0.01,0.000,1666.517,0.42,0.00,0.00,0.42,900,0,0,187.15,0.0100,1.0000,502.0,200000.0,1865.943,1,26.82,200.0,0.000
g_pg_z2000,eva028-CoreRiskV1,g_pg_z2000,XAUUSD_HIST,M1,180,180,181,grid,1,grid_buy,grid_tp_baseline_revert,expert,1,2023.01.09 03:16:00,1673234160000,1877.270,2023.01.09 03:28:00,1673234880000,1877.525,0.01,0.000,2077.270,0.26,0.00,0.00,0.26,720,1,0,282.02,0.0150,1.0000,641.0,200000.0,1877.757,1,72.35,200.0,0.000
g_pg_z2000,eva028-CoreRiskV1,g_pg_z2000,XAUUSD_HIST,M1,182,182,183,grid,1,grid_buy,grid_tp_baseline_revert,expert,1,2023.01.09 03:56:00,1673236560000,1877.065,2023.01.09 04:06:00,1673237160000,1877.382,0.01,0.000,2077.065,0.31,0.00,0.00,0.31,600,1,0,201.03,0.0107,1.0000,523.0,200000.0,1877.515,1,50.20,200.0,0.000
g_pg_z2000,eva028-CoreRiskV1,g_pg_z2000,XAUUSD_HIST,M1,184,184,185,grid,1,grid_buy,grid_tp_baseline_revert,expert,1,2023.01.09 05:02:00,1673240520000,1876.043,2023.01.09 05:19:00,1673241540000,1876.431,0.01,0.000,2076.043,0.39,0.00,0.00,0.39,1020,1,0,330.57,0.0176,1.0000,717.0,200000.0,1876.822,1,35.45,200.0,0.000
g_pg_z2000,eva028-CoreRiskV1,g_pg_z2000,XAUUSD_HIST,M1,186,186,187,grid,-1,grid_sell,grid_tp_baseline_revert,expert,1,2023.01.09 06:15:00,1673244900000,1879.485,2023.01.09 06:23:00,1673245380000,1878.727,0.01,0.000,1679.485,0.76,0.00,0.00,0.76,480,1,0,220.55,0.0117,1.0000,551.0,200000.0,1878.729,1,51.70,200.0,0.000
g_pg_z2000,eva028-CoreRiskV1,g_pg_z2000,XAUUSD_HIST,M1,188,188,189,grid,1,grid_buy,grid_tp_baseline_revert,expert,1,2023.01.09 07:05:00,1673247900000,1877.242,2023.01.09 07:07:00,1673248020000,1878.220,0.01,0.000,2077.242,0.98,0.00,0.00,0.98,120,1,0,314.44,0.0168,1.0000,691.0,200000.0,1877.866,1,58.52,200.0,0.000
g_pg_z2000,eva028-CoreRiskV1,g_pg_z2000,XAUUSD_HIST,M1,191,191,192,grid,-1,grid_sell,grid_tp_baseline_revert,expert,2,2023.01.09 07:21:00,1673248860000,1880.862,2023.01.09 07:29:00,1673249340000,1878.758,0.01,0.000,1680.862,2.10,0.00,0.00,2.10,480,1,0,431.57,0.0229,1.0000,1258.6,200000.0,1878.424,1,70.78,200.0,0.000
g_pg_z2000,eva028-CoreRiskV1,g_pg_z2000,XAUUSD_HIST,M1,190,190,193,grid,-1,grid_sell,grid_tp_baseline_revert,expert,1,2023.01.09 07:09:00,1673248140000,1879.189,2023.01.09 07:29:00,1673249340000,1878.758,0.01,0.000,1679.189,0.43,0.00,0.00,0.43,1200,1,0,430.50,0.0229,1.0000,897.0,200000.0,1878.143,1,63.77,200.0,0.000
g_pg_z2000,eva028-CoreRiskV1,g_pg_z2000,XAUUSD_HIST,M1,194,194,195,grid,1,grid_buy,grid_tp_baseline_revert,expert,1,2023.01.09 07:44:00,1673250240000,1874.595,2023.01.09 08:08:00,1673251680000,1876.885,0.01,0.000,2074.595,2.29,0.00,0.00,2.29,1440,1,0,656.10,0.0350,1.0000,1490.0,200000.0,1876.205,1,93.70,200.0,0.000
g_pg_z2000,eva028-CoreRiskV1,g_pg_z2000,XAUUSD_HIST,M1,196,196,197,grid,-1,grid_sell,grid_tp_baseline_revert,expert,1,2023.01.09 08:27:00,1673252820000,1875.135,2023.01.09 08:41:00,1673253660000,1874.436,0.01,0.000,1675.135,0.70,0.00,0.00,0.70,840,1,0,245.68,0.0131,1.0000,587.0,200000.0,1874.414,1,95.80,200.0,0.000
g_pg_z2000,eva028-CoreRiskV1,g_pg_z2000,XAUUSD_HIST,M1,198,198,199,grid,-1,grid_sell,grid_tp_baseline_revert,expert,1,2023.01.09 08:44:00,1673253840000,1875.906,2023.01.09 08:56:00,1673254560000,1874.888,0.01,0.000,1675.906,1.02,0.00,0.00,1.02,720,1,0,366.12,0.0195,1.0000,777.0,200000.0,1874.906,1,89.97,200.0,0.000
g_pg_z2000,eva028-CoreRiskV1,g_pg_z2000,XAUUSD_HIST,M1,200,200,201,grid,1,grid_buy,grid_tp_baseline_revert,expert,1,2023.01.09 09:00:00,1673254800000,1873.981,2023.01.09 09:03:00,1673254980000,1874.522,0.01,0.000,2073.981,0.54,0.00,0.00,0.54,180,1,0,351.45,0.0188,1.0000,752.0,200000.0,1874.570,1,77.30,200.0,0.000
g_pg_z2000,eva028-CoreRiskV1,g_pg_z2000,XAUUSD_HIST,M1,202,202,203,grid,1,grid_buy,grid_tp_baseline_revert,expert,1,2023.01.09 09:33:00,1673256780000,1871.720,2023.01.09 09:34:00,1673256840000,1872.771,0.01,0.000,2071.720,1.05,0.00,0.00,1.05,60,1,0,337.74,0.0180,1.0000,728.0,200000.0,1872.277,1,75.50,200.0,0.000
g_pg_z2000,eva028-CoreRiskV1,g_pg_z2000,XAUUSD_HIST,M1,204,204,205,grid,-1,grid_sell,grid_tp_baseline_revert,expert,1,2023.01.09 09:49:00,1673257740000,1873.805,2023.01.09 09:57:00,1673258220000,1872.813,0.01,0.000,1673.805,1.00,0.00,0.00,1.00,480,1,0,307.28,0.0164,1.0000,679.0,200000.0,1873.109,1,70.55,200.0,0.000
g_pg_z2000,eva028-CoreRiskV1,g_pg_z2000,XAUUSD_HIST,M1,206,206,207,grid,1,grid_buy,grid_tp_baseline_revert,expert,1,2023.01.09 11:37:00,1673264220000,1870.733,2023.01.09 11:48:00,1673264880000,1871.358,0.01,0.000,2070.733,0.63,0.00,0.00,0.63,660,1,0,316.22,0.0169,1.0000,693.0,200000.0,1871.234,1,64.50,200.0,0.000
g_pg_z2000,eva028-CoreRiskV1,g_pg_z2000,XAUUSD_HIST,M1,210,210,211,grid,-1,grid_sell,grid_tp_baseline_revert,expert,3,2023.01.09 12:37:00,1673267820000,1875.390,2023.01.09 13:01:00,1673269260000,1874.757,0.01,0.000,1675.390,0.63,0.00,0.00,0.63,1440,1,0,269.15,0.0144,1.0000,1217.2,200000.0,1873.419,1,67.85,200.0,0.000
g_pg_z2000,eva028-CoreRiskV1,g_pg_z2000,XAUUSD_HIST,M1,209,209,212,grid,-1,grid_sell,grid_tp_baseline_revert,expert,2,2023.01.09 12:09:00,1673266140000,1873.579,2023.01.09 13:01:00,1673269260000,1874.757,0.01,0.000,1673.579,-1.18,0.00,0.00,-1.18,3120,1,0,290.05,0.0155,1.0000,914.2,200000.0,1872.173,1,68.22,200.0,0.000
g_pg_z2000,eva028-CoreRiskV1,g_pg_z2000,XAUUSD_HIST,M1,208,208,213,grid,-1,grid_sell,grid_tp_baseline_revert,expert,1,2023.01.09 11:56:00,1673265360000,1872.458,2023.01.09 13:01:00,1673269260000,1874.757,0.01,0.000,1672.458,-2.30,0.00,0.00,-2.30,3900,1,0,228.95,0.0122,1.0000,562.0,200000.0,1871.868,1,60.20,200.0,0.000
g_pg_z2000,eva028-CoreRiskV1,g_pg_z2000,XAUUSD_HIST,M1,214,214,215,grid,1,grid_buy,grid_tp_baseline_revert,expert,1,2023.01.09 13:02:00,1673269320000,1874.452,2023.01.09 13:03:00,1673269380000,1875.201,0.01,0.000,2074.452,0.75,0.00,0.00,0.75,60,1,0,193.87,0.0103,1.0000,513.0,200000.0,1874.853,1,68.17,200.0,0.000
g_pg_z2000,eva028-CoreRiskV1,g_pg_z2000,XAUUSD_HIST,M1,216,216,217,grid,1,grid_buy,grid_tp_baseline_revert,expert,1,2023.01.09 13:40:00,1673271600000,1874.833,2023.01.09 13:42:00,1673271720000,1876.080,0.01,0.000,2074.833,1.25,0.00,0.00,1.25,120,1,0,519.50,0.0277,1.0000,1094.0,200000.0,1875.871,1,135.10,200.0,0.000
g_pg_z2000,eva028-CoreRiskV1,g_pg_z2000,XAUUSD_HIST,M1,219,219,220,grid,-1,grid_sell,grid_tp_baseline_revert,expert,2,2023.01.09 14:07:00,1673273220000,1879.304,2023.01.09 14:15:00,1673273700000,1876.831,0.01,0.000,1679.304,2.47,0.00,0.00,2.47,480,1,0,454.22,0.0242,1.0000,1324.4,200000.0,1877.053,1,131.95,200.0,0.000
g_pg_z2000,eva028-CoreRiskV1,g_pg_z2000,XAUUSD_HIST,M1,218,218,221,grid,-1,grid_sell,grid_tp_baseline_revert,expert,1,2023.01.09 13:55:00,1673272500000,1877.830,2023.01.09 14:15:00,1673273700000,1876.831,0.01,0.000,1677.830,1.00,0.00,0.00,1.00,1200,1,0,440.78,0.0235,1.0000,918.0,200000.0,1876.771,1,139.72,200.0,0.000
g_pg_z2000,eva028-CoreRiskV1,g_pg_z2000,XAUUSD_HIST,M1,222,222,223,grid,-1,grid_sell,grid_tp_baseline_revert,expert,1,2023.01.09 14:49:00,1673275740000,1880.062,2023.01.09 14:59:00,1673276340000,1877.300,0.01,0.000,1680.062,2.76,0.00,0.00,2.76,600,1,0,812.01,0.0432,1.0000,2139.0,200000.0,1877.651,1,147.45,200.0,0.000
g_pg_z2000,eva028-CoreRiskV1,g_pg_z2000,XAUUSD_HIST,M1,224,224,225,grid,1,grid_buy,grid_tp_baseline_revert,expert,1,2023.01.09 15:37:00,1673278620000,1873.676,2023.01.09 15:54:00,1673279640000,1874.816,0.01,0.000,2073.676,1.14,0.00,0.00,1.14,1020,0,0,505.45,0.0270,1.0000,1060.0,200000.0,1874.978,1,130.72,200.0,0.000
g_pg_z2000,eva028-CoreRiskV1,g_pg_z2000,XAUUSD_HIST,M1,226,226,227,grid,-1,grid_sell,grid_tp_baseline_revert,expert,1,2023.01.09 16:16:00,1673280960000,1875.978,2023.01.09 16:32:00,1673281920000,1875.108,0.01,0.000,1675.978,0.87,0.00,0.00,0.87,960,0,0,555.03,0.0296,1.0000,1184.0,200000.0,1874.772,1,120.63,200.0,0.000
g_pg_z2000,eva028-CoreRiskV1,g_pg_z2000,XAUUSD_HIST,M1,228,228,229,grid,-1,grid_sell,grid_tp_baseline_revert,expert,1,2023.01.09 16:48:00,1673282880000,1877.378,2023.01.09 17:00:00,1673283600000,1876.273,0.01,0.000,1677.378,1.11,0.00,0.00,1.11,720,0,0,458.85,0.0244,1.0000,956.0,200000.0,1876.314,1,106.90,200.0,0.000
g_pg_z2000,eva028-CoreRiskV1,g_pg_z2000,XAUUSD_HIST,M1,231,231,232,grid,1,grid_buy,grid_tp_baseline_revert,expert,2,2023.01.09 17:21:00,1673284860000,1870.979,2023.01.09 18:30:00,1673289000000,1873.282,0.01,0.000,2070.979,2.30,0.00,0.00,2.30,4140,0,0,672.57,0.0360,1.0000,2168.6,200000.0,1874.911,1,102.95,200.0,0.000
g_pg_z2000,eva028-CoreRiskV1,g_pg_z2000,XAUUSD_HIST,M1,230,230,233,grid,1,grid_buy,grid_tp_baseline_revert,expert,1,2023.01.09 17:09:00,1673284140000,1873.688,2023.01.09 18:30:00,1673289000000,1873.282,0.01,0.000,2073.688,-0.41,0.00,0.00,-0.41,4860,0,0,540.08,0.0288,1.0000,1146.0,200000.0,1875.192,1,97.92,200.0,0.000
g_pg_z2000,eva028-CoreRiskV1,g_pg_z2000,XAUUSD_HIST,M1,234,234,235,grid,-1,grid_sell,grid_tp_baseline_revert,expert,1,2023.01.09 18:31:00,1673289060000,1873.424,2023.01.09 18:42:00,1673289720000,1872.189,0.01,0.000,1673.424,1.23,0.00,0.00,1.23,660,0,0,501.34,0.0268,1.0000,1051.0,200000.0,1872.040,1,82.53,200.0,0.000
g_pg_z2000,eva028-CoreRiskV1,g_pg_z2000,XAUUSD_HIST,M1,237,237,238,grid,-1,grid_sell,grid_tp_baseline_revert,expert,2,2023.01.09 19:39:00,1673293140000,1873.400,2023.01.09 20:03:00,1673294580000,1873.251,0.01,0.000,1673.400,0.15,0.00,0.00,0.15,1440,0,0,271.63,0.0145,1.0000,875.0,200000.0,1872.196,1,61.38,200.0,0.000
g_pg_z2000,eva028-CoreRiskV1,g_pg_z2000,XAUUSD_HIST,M1,236,236,239,grid,-1,grid_sell,grid_tp_baseline_revert,expert,1,2023.01.09 19:01:00,1673290860000,1872.450,2023.01.09 20:03:00,1673294580000,1873.251,0.01,0.000,1672.450,-0.80,0.00,0.00,-0.80,3720,0,0,349.64,0.0187,1.0000,748.0,200000.0,1871.306,1,80.88,200.0,0.000
g_pg_z2000,eva028-CoreRiskV1,g_pg_z2000,XAUUSD_HIST,M1,240,240,241,grid,-1,grid_sell,grid_tp_baseline_revert,expert,1,2023.01.09 20:27:00,1673296020000,1872.011,2023.01.09 20:31:00,1673296260000,1870.943,0.01,0.000,1672.011,1.07,0.00,0.00,1.07,240,0,0,360.29,0.0192,1.0000,767.0,200000.0,1871.035,1,67.05,200.0,0.000
g_pg_z2000,eva028-CoreRiskV1,g_pg_z2000,XAUUSD_HIST,M1,242,242,243,grid,1,grid_buy,grid_tp_baseline_revert,expert,1,2023.01.09 23:03:00,1673305380000,1870.705,2023.01.09 23:14:00,1673306040000,1871.080,0.01,0.000,2070.705,0.37,0.00,0.00,0.37,660,0,0,252.99,0.0135,1.0000,597.0,200000.0,1871.193,1,27.82,200.0,0.000
g_pg_z2000,eva028-CoreRiskV1,g_pg_z2000,XAUUSD_HIST,M1,245,245,246,grid,1,grid_buy,grid_tp_baseline_revert,expert,2,2023.01.10 00:20:00,1673310000000,1869.381,2023.01.10 00:35:00,1673310900000,1869.518,0.01,0.000,2069.381,0.14,0.00,0.00,0.14,900,0,0,274.66,0.0147,1.0000,880.6,200000.0,1870.029,1,46.95,200.0,0.000
g_pg_z2000,eva028-CoreRiskV1,g_pg_z2000,XAUUSD_HIST,M1,244,244,247,grid,1,grid_buy,grid_tp_baseline_revert,expert,1,2023.01.10 00:01:00,1673308860000,1870.163,2023.01.10 00:35:00,1673310900000,1869.518,0.01,0.000,2070.163,-0.64,0.00,0.00,-0.64,2040,0,0,187.20,0.0100,1.0000,503.0,200000.0,1870.473,1,31.20,200.0,0.000
g_pg_z2000,eva028-CoreRiskV1,g_pg_z2000,XAUUSD_HIST,M1,249,249,250,grid,-1,grid_sell,grid_tp_baseline_revert,expert,2,2023.01.10 01:44:00,1673315040000,1874.422,2023.01.10 02:26:00,1673317560000,1873.993,0.01,0.000,1674.422,0.43,0.00,0.00,0.43,2520,0,0,216.39,0.0115,1.0000,763.0,200000.0,1872.479,1,68.97,200.0,0.000
g_pg_z2000,eva028-CoreRiskV1,g_pg_z2000,XAUUSD_HIST,M1,248,248,251,grid,-1,grid_sell,grid_tp_baseline_revert,expert,1,2023.01.10 01:29:00,1673314140000,1873.570,2023.01.10 02:26:00,1673317560000,1873.993,0.01,0.000,1673.570,-0.42,0.00,0.00,-0.42,3420,0,0,452.57,0.0242,1.0000,942.0,200000.0,1872.128,1,67.75,200.0,0.000
g_pg_z2000,eva028-CoreRiskV1,g_pg_z2000,XAUUSD_HIST,M1,253,253,254,grid,1,grid_buy,grid_tp_baseline_revert,expert,2,2023.01.10 02:43:00,1673318580000,1871.895,2023.01.10 03:13:00,1673320380000,1872.431,0.01,0.000,2071.895,0.53,0.00,0.00,0.53,1800,0,0,394.16,0.0211,1.0000,1157.8,200000.0,1873.731,1,73.83,200.0,0.000
g_pg_z2000,eva028-CoreRiskV1,g_pg_z2000,XAUUSD_HIST,M1,252,252,255,grid,1,grid_buy,grid_tp_baseline_revert,expert,1,2023.01.10 02:28:00,1673317680000,1873.234,2023.01.10 03:13:00,1673320380000,1872.431,0.01,0.000,2073.234,-0.80,0.00,0.00,-0.80,2700,0,0,330.75,0.0177,1.0000,717.0,200000.0,1874.082,1,68.40,200.0,0.000
g_pg_z2000,eva028-CoreRiskV1,g_pg_z2000,XAUUSD_HIST,M1,257,257,258,grid,1,grid_buy,grid_tp_baseline_revert,expert,2,2023.01.10 04:07:00,1673323620000,1871.212,2023.01.10 04:24:00,1673324640000,1871.608,0.01,0.000,2071.212,0.40,0.00,0.00,0.40,1020,0,0,236.73,0.0127,1.0000,802.2,200000.0,1872.229,1,49.10,200.0,0.000
g_pg_z2000,eva028-CoreRiskV1,g_pg_z2000,XAUUSD_HIST,M1,256,256,259,grid,1,grid_buy,grid_tp_baseline_revert,expert,1,2023.01.10 03:52:00,1673322720000,1871.872,2023.01.10 04:24:00,1673324640000,1871.608,0.01,0.000,2071.872,-0.26,0.00,0.00,-0.26,1920,0,0,355.22,0.0190,1.0000,758.0,200000.0,1872.580,1,50.33,200.0,0.000
g_pg_z2000,eva028-CoreRiskV1,g_pg_z2000,XAUUSD_HIST,M1,261,261,262,grid,1,grid_buy,grid_tp_baseline_revert,expert,2,2023.01.10 05:02:00,1673326920000,1871.050,2023.01.10 05:05:00,1673327100000,1871.824,0.01,0.000,2071.050,0.77,0.00,0.00,0.77,180,1,0,180.94,0.0097,1.0000,691.6,200000.0,1871.618,1,31.15,200.0,0.000
g_pg_z2000,eva028-CoreRiskV1,g_pg_z2000,XAUUSD_HIST,M1,260,260,263,grid,1,grid_buy,grid_tp_baseline_revert,expert,1,2023.01.10 04:45:00,1673325900000,1871.708,2023.01.10 05:05:00,1673327100000,1871.824,0.01,0.000,2071.708,0.11,0.00,0.00,0.11,1200,0,0,158.19,0.0085,1.0000,467.0,200000.0,1872.016,1,35.77,200.0,0.000
g_pg_z2000,eva028-CoreRiskV1,g_pg_z2000,XAUUSD_HIST,M1,265,265,266,grid,-1,grid_sell,grid_tp_baseline_revert,expert,2,2023.01.10 05:32:00,1673328720000,1873.549,2023.01.10 06:12:00,1673331120000,1873.960,0.01,0.000,1673.549,-0.41,0.00,0.00,-0.41,2400,1,0,155.29,0.0083,1.0000,655.2,200000.0,1872.426,1,39.92,200.0,0.000
g_pg_z2000,eva028-CoreRiskV1,g_pg_z2000,XAUUSD_HIST,M1,264,264,267,grid,-1,grid_sell,grid_tp_baseline_revert,expert,1,2023.01.10 05:09:00,1673327340000,1872.810,2023.01.10 06:12:00,1673331120000,1873.960,0.01,0.000,1672.810,-1.15,0.00,0.00,-1.15,3780,1,0,258.22,0.0138,1.0000,605.0,200000.0,1871.888,1,32.00,200.0,0.000
g_pg_z2000,eva028-CoreRiskV1,g_pg_z2000,XAUUSD_HIST,M1,268,268,269,grid,-1,grid_sell,grid_tp_baseline_revert,expert,1,2023.01.10 07:02:00,1673334120000,1873.810,2023.01.10 07:04:00,1673334240000,1873.001,0.01,0.000,1673.810,0.81,0.00,0.00,0.81,120,1,0,248.54,0.0133,1.0000,591.0,200000.0,1873.157,1,53.75,200.0,0.000
g_pg_z2000,eva028-CoreRiskV1,g_pg_z2000,XAUUSD_HIST,M1,270,270,271,grid,1,grid_buy,grid_tp_baseline_revert,expert,1,2023.01.10 07:18:00,1673335080000,1871.818,2023.01.10 07:25:00,1673335500000,1872.328,0.01,0.000,2071.818,0.51,0.00,0.00,0.51,420,1,0,320.10,0.0171,1.0000,700.0,200000.0,1872.412,1,63.63,200.0,0.000
g_pg_z2000,eva028-CoreRiskV1,g_pg_z2000,XAUUSD_HIST,M1,272,272,273,grid,1,grid_buy,grid_tp_baseline_revert,expert,1,2023.01.10 07:57:00,1673337420000,1870.852,2023.01.10 08:00:00,1673337600000,1871.987,0.01,0.000,2070.852,1.14,0.00,0.00,1.14,180,1,0,372.86,0.0199,1.0000,789.0,200000.0,1871.689,1,72.05,200.0,0.000
g_pg_z2000,eva028-CoreRiskV1,g_pg_z2000,XAUUSD_HIST,M1,276,276,277,grid,-1,grid_sell,grid_tp_baseline_revert,expert,3,2023.01.10 09:34:00,1673343240000,1877.091,2023.01.10 09:43:00,1673343780000,1876.002,0.01,0.000,1677.091,1.09,0.00,0.00,1.09,540,1,0,317.27,0.0169,1.0000,1364.2,200000.0,1875.754,1,86.65,200.0,0.000
g_pg_z2000,eva028-CoreRiskV1,g_pg_z2000,XAUUSD_HIST,M1,275,275,278,grid,-1,grid_sell,grid_tp_baseline_revert,expert,2,2023.01.10 08:56:00,1673340960000,1875.519,2023.01.10 09:43:00,1673343780000,1876.002,0.01,0.000,1675.519,-0.48,0.00,0.00,-0.48,2820,1,0,358.96,0.0191,1.0000,1071.0,200000.0,1874.061,1,75.13,200.0,0.000
g_pg_z2000,eva028-CoreRiskV1,g_pg_z2000,XAUUSD_HIST,M1,274,274,279,grid,-1,grid_sell,grid_tp_baseline_revert,expert,1,2023.01.10 08:25:00,1673339100000,1874.253,2023.01.10 09:43:00,1673343780000,1876.002,0.01,0.000,1674.253,-1.75,0.00,0.00,-1.75,4680,1,0,433.84,0.0231,1.0000,904.0,200000.0,1873.334,1,83.92,200.0,0.000
g_pg_z2000,eva028-CoreRiskV1,g_pg_z2000,XAUUSD_HIST,M1,280,280,281,grid,1,grid_buy,grid_tp_baseline_revert,expert,1,2023.01.10 10:43:00,1673347380000,1873.763,2023.01.10 10:48:00,1673347680000,1874.688,0.01,0.000,2073.763,0.93,0.00,0.00,0.93,300,1,0,339.31,0.0181,1.0000,731.0,200000.0,1874.510,1,66.95,200.0,0.000
g_pg_z2000,eva028-CoreRiskV1,g_pg_z2000,XAUUSD_HIST,M1,282,282,283,grid,1,grid_buy,grid_tp_baseline_revert,expert,1,2023.01.10 11:43:00,1673350980000,1874.676,2023.01.10 11:49:00,1673351340000,1875.822,0.01,0.000,2074.676,1.14,0.00,0.00,1.14,360,1,0,493.78,0.0263,1.0000,1033.0,200000.0,1875.901,1,70.20,200.0,0.000
g_pg_z2000,eva028-CoreRiskV1,g_pg_z2000,XAUUSD_HIST,M1,285,285,286,grid,1,grid_buy,grid_tp_baseline_revert,expert,2,2023.01.10 12:37:00,1673354220000,1872.278,2023.01.10 13:12:00,1673356320000,1872.904,0.01,0.000,2072.278,0.62,0.00,0.00,0.62,2100,1,0,446.12,0.0238,1.0000,1300.6,200000.0,1873.912,1,80.03,200.0,0.000
g_pg_z2000,eva028-CoreRiskV1,g_pg_z2000,XAUUSD_HIST,M1,284,284,287,grid,1,grid_buy,grid_tp_baseline_revert,expert,1,2023.01.10 12:12:00,1673352720000,1873.678,2023.01.10 13:12:00,1673356320000,1872.904,0.01,0.000,2073.678,-0.78,0.00,0.00,-0.78,3600,1,0,349.18,0.0186,1.0000,748.0,200000.0,1874.498,1,70.72,200.0,0.000
g_pg_z2000,eva028-CoreRiskV1,g_pg_z2000,XAUUSD_HIST,M1,288,288,289,grid,-1,grid_sell,grid_tp_baseline_revert,expert,1,2023.01.10 13:22:00,1673356920000,1873.577,2023.01.10 13:33:00,1673357580000,1872.207,0.01,0.000,1673.577,1.37,0.00,0.00,1.37,660,1,0,311.80,0.0166,1.0000,687.0,200000.0,1872.867,1,85.88,200.0,0.000
g_pg_z2000,eva028-CoreRiskV1,g_pg_z2000,XAUUSD_HIST,M1,292,292,293,grid,-1,grid_sell,grid_tp_baseline_revert,expert,3,2023.01.10 15:13:00,1673363580000,1880.239,2023.01.10 15:41:00,1673365260000,1876.365,0.01,0.000,1631.939,3.87,0.00,0.00,3.87,1680,0,0,533.07,0.0284,1.2415,2742.4,248300.0,1874.778,1,186.22,200.0,0.000
g_pg_z2000,eva028-CoreRiskV1,g_pg_z2000,XAUUSD_HIST,M1,291,291,294,grid,-1,grid_sell,grid_tp_baseline_revert,expert,2,2023.01.10 14:16:00,1673360160000,1876.833,2023.01.10 15:41:00,1673365260000,1876.365,0.01,0.000,1676.833,0.46,0.00,0.00,0.46,5100,1,0,909.50,0.0485,1.0000,3794.0,200000.0,1872.236,1,143.57,200.0,0.000
g_pg_z2000,eva028-CoreRiskV1,g_pg_z2000,XAUUSD_HIST,M1,290,290,295,grid,-1,grid_sell,grid_tp_baseline_revert,expert,1,2023.01.10 13:56:00,1673358960000,1872.901,2023.01.10 15:41:00,1673365260000,1876.365,0.01,0.000,1672.901,-3.47,0.00,0.00,-3.47,6300,1,0,399.22,0.0213,1.0000,837.0,200000.0,1871.767,1,94.10,200.0,0.000
g_pg_z2000,eva028-CoreRiskV1,g_pg_z2000,XAUUSD_HIST,M1,296,296,297,grid,-1,grid_sell,grid_tp_baseline_revert,expert,1,2023.01.10 16:05:00,1673366700000,1877.307,2023.01.10 16:11:00,1673367060000,1875.407,0.01,0.000,1677.307,1.90,0.00,0.00,1.90,360,0,0,480.91,0.0256,1.0000,1004.0,200000.0,1876.051,1,137.75,200.0,0.000
g_pg_z2000,eva028-CoreRiskV1,g_pg_z2000,XAUUSD_HIST,M1,298,298,299,grid,-1,grid_sell,grid_tp_baseline_revert,expert,1,2023.01.10 16:21:00,1673367660000,1877.137,2023.01.10 16:26:00,1673367960000,1875.959,0.01,0.000,1677.137,1.18,0.00,0.00,1.18,300,0,0,438.01,0.0233,1.0000,912.0,200000.0,1876.123,1,110.95,200.0,0.000
g_pg_z2000,eva028-CoreRiskV1,g_pg_z2000,XAUUSD_HIST,M1,301,301,302,grid,1,grid_buy,grid_tp_baseline_revert,expert,2,2023.01.10 16:56:00,1673369760000,1872.527,2023.01.10 17:23:00,1673371380000,1873.381,0.01,0.000,2072.527,0.85,0.00,0.00,0.85,1620,0,0,474.17,0.0253,1.0000,1384.6,200000.0,1874.354,1,92.67,200.0,0.000
g_pg_z2000,eva028-CoreRiskV1,g_pg_z2000,XAUUSD_HIST,M1,300,300,303,grid,1,grid_buy,grid_tp_baseline_revert,expert,1,2023.01.10 16:40:00,1673368800000,1873.828,2023.01.10 17:23:00,1673371380000,1873.381,0.01,0.000,2073.828,-0.45,0.00,0.00,-0.45,2580,0,0,403.15,0.0215,1.0000,844.0,200000.0,1874.728,1,96.20,200.0,0.000
g_pg_z2000,eva028-CoreRiskV1,g_pg_z2000,XAUUSD_HIST,M1,304,304,305,grid,-1,grid_sell,grid_tp_baseline_revert,expert,1,2023.01.10 17:38:00,1673372280000,1874.936,2023.01.10 17:58:00,1673373480000,1874.620,0.01,0.000,1674.936,0.32,0.00,0.00,0.32,1200,0,0,220.45,0.0118,1.0000,550.0,200000.0,1874.373,1,81.17,200.0,0.000
g_pg_z2000,eva028-CoreRiskV1,g_pg_z2000,XAUUSD_HIST,M1,306,306,307,grid,1,grid_buy,grid_tp_baseline_revert,expert,1,2023.01.10 18:17:00,1673374620000,1872.472,2023.01.10 18:34:00,1673375640000,1873.868,0.01,0.000,2072.472,1.40,0.00,0.00,1.40,1020,0,0,433.02,0.0231,1.0000,902.0,200000.0,1873.507,1,71.08,200.0,0.000
g_pg_z2000,eva028-CoreRiskV1,g_pg_z2000,XAUUSD_HIST,M1,309,309,310,grid,-1,grid_sell,grid_tp_baseline_revert,expert,2,2023.01.10 19:04:00,1673377440000,1876.595,2023.01.10 19:42:00,1673379720000,1876.024,0.01,0.000,1676.595,0.58,0.00,0.00,0.58,2280,0,0,299.66,0.0160,1.0000,935.2,200000.0,1874.493,1,66.00,200.0,0.000
g_pg_z2000,eva028-CoreRiskV1,g_pg_z2000,XAUUSD_HIST,M1,308,308,311,grid,-1,grid_sell,grid_tp_baseline_revert,expert,1,2023.01.10 18:39:00,1673375940000,1875.121,2023.01.10 19:42:00,1673379720000,1876.024,0.01,0.000,1675.121,-0.90,0.00,0.00,-0.90,3780,0,0,465.09,0.0248,1.0000,969.0,200000.0,1873.907,1,77.53,200.0,0.000
g_pg_z2000,eva028-CoreRiskV1,g_pg_z2000,XAUUSD_HIST,M1,312,312,313,grid,-1,grid_sell,grid_tp_baseline_revert,expert,1,2023.01.10 20:17:00,1673381820000,1877.716,2023.01.10 20:40:00,1673383200000,1877.360,0.01,0.000,1677.716,0.36,0.00,0.00,0.36,1380,0,0,233.54,0.0124,1.0000,570.0,200000.0,1876.831,1,50.73,200.0,0.000
g_pg_z2000,eva028-CoreRiskV1,g_pg_z2000,XAUUSD_HIST,M1,314,314,315,grid,1,grid_buy,grid_tp_baseline_revert,expert,1,2023.01.11 00:22:00,1673396520000,1876.349,2023.01.11 00:31:00,1673397060000,1876.776,0.01,0.000,2076.349,0.43,0.00,0.00,0.43,540,1,0,133.93,0.0071,1.0000,469.0,200000.0,1876.662,1,30.20,200.0,0.000
g_pg_z2000,eva028-CoreRiskV1,g_pg_z2000,XAUUSD_HIST,M1,318,318,319,grid,1,grid_buy,grid_tp_baseline_revert,expert,3,2023.01.11 01:48:00,1673401680000,1873.878,2023.01.11 02:24:00,1673403840000,1873.524,0.01,0.000,2073.878,-0.36,0.00,0.00,-0.36,2160,1,0,313.09,0.0167,1.0000,1350.4,200000.0,1875.798,1,66.17,200.0,0.000
g_pg_z2000,eva028-CoreRiskV1,g_pg_z2000,XAUUSD_HIST,M1,317,317,320,grid,1,grid_buy,grid_tp_baseline_revert,expert,2,2023.01.11 01:20:00,1673400000000,1876.101,2023.01.11 02:24:00,1673403840000,1873.524,0.01,0.000,2076.101,-2.58,0.00,0.00,-2.58,3840,1,0,233.99,0.0125,1.0000,798.0,200000.0,1877.044,1,56.83,200.0,0.000
g_pg_z2000,eva028-CoreRiskV1,g_pg_z2000,XAUUSD_HIST,M1,316,316,321,grid,1,grid_buy,grid_tp_baseline_revert,expert,1,2023.01.11 01:08:00,1673399280000,1876.718,2023.01.11 02:24:00,1673403840000,1873.524,0.01,0.000,2076.718,-3.20,0.00,0.00,-3.20,4560,1,0,293.03,0.0156,1.0000,658.0,200000.0,1877.325,1,54.95,200.0,0.000
g_pg_z2000,eva028-CoreRiskV1,g_pg_z2000,XAUUSD_HIST,M1,322,322,323,grid,-1,grid_sell,grid_tp_baseline_revert,expert,1,2023.01.11 02:31:00,1673404260000,1875.016,2023.01.11 03:12:00,1673406720000,1874.921,0.01,0.000,1675.016,0.10,0.00,0.00,0.10,2460,1,0,338.15,0.0180,1.0000,729.0,200000.0,1874.205,1,52.73,200.0,0.000
g_pg_z2000,eva028-CoreRiskV1,g_pg_z2000,XAUUSD_HIST,M1,325,325,326,grid,-1,grid_sell,grid_tp_baseline_revert,expert,2,2023.01.11 03:31:00,1673407860000,1876.824,2023.01.11 04:20:00,1673410800000,1877.566,0.01,0.000,1676.824,-0.75,0.00,0.00,-0.75,2940,1,0,267.25,0.0142,1.0000,866.6,200000.0,1875.391,1,45.20,200.0,0.000
g_pg_z2000,eva028-CoreRiskV1,g_pg_z2000,XAUUSD_HIST,M1,324,324,327,grid,-1,grid_sell,grid_tp_baseline_revert,expert,1,2023.01.11 03:19:00,1673407140000,1875.789,2023.01.11 04:20:00,1673410800000,1877.566,0.01,0.000,1675.789,-1.78,0.00,0.00,-1.78,3660,1,0,244.45,0.0130,1.0000,585.0,200000.0,1875.109,1,47.77,200.0,0.000
g_pg_z2000,eva028-CoreRiskV1,g_pg_z2000,XAUUSD_HIST,M1,330,330,331,grid,-1,grid_sell,grid_tp_baseline_revert,expert,3,2023.01.11 05:48:00,1673416080000,1883.496,2023.01.11 06:41:00,1673419260000,1882.712,0.01,0.000,1683.496,0.79,0.00,0.00,0.79,3180,1,0,604.55,0.0321,1.0000,2591.1,200000.0,1879.442,1,73.72,200.0,0.000
g_pg_z2000,eva028-CoreRiskV1,g_pg_z2000,XAUUSD_HIST,M1,329,329,332,grid,-1,grid_sell,grid_tp_baseline_revert,expert,2,2023.01.11 05:20:00,1673414400000,1879.983,2023.01.11 06:41:00,1673419260000,1882.712,0.01,0.000,1679.983,-2.73,0.00,0.00,-2.73,4860,1,0,307.15,0.0163,1.0000,952.0,200000.0,1878.191,1,44.38,200.0,0.000
g_pg_z2000,eva028-CoreRiskV1,g_pg_z2000,XAUUSD_HIST,M1,328,328,333,grid,-1,grid_sell,grid_tp_baseline_revert,expert,1,2023.01.11 05:08:00,1673413680000,1878.513,2023.01.11 06:41:00,1673419260000,1882.712,0.01,0.000,1678.513,-4.20,0.00,0.00,-4.20,5580,1,0,205.67,0.0109,1.0000,530.0,200000.0,1877.909,1,34.70,200.0,0.000
g_pg_z2000,eva028-CoreRiskV1,g_pg_z2000,XAUUSD_HIST,M1,334,334,335,grid,1,grid_buy,grid_tp_baseline_revert,expert,1,2023.01.11 06:59:00,1673420340000,1881.154,2023.01.11 07:01:00,1673420460000,1882.082,0.01,0.000,2081.154,0.93,0.00,0.00,0.93,120,1,0,353.64,0.0188,1.0000,756.0,200000.0,1881.834,1,55.23,200.0,0.000
g_pg_z2000,eva028-CoreRiskV1,g_pg_z2000,XAUUSD_HIST,M1,336,336,337,grid,-1,grid_sell,grid_tp_baseline_revert,expert,1,2023.01.11 07:28:00,1673422080000,1883.511,2023.01.11 07:33:00,1673422380000,1882.650,0.01,0.000,1683.511,0.86,0.00,0.00,0.86,300,1,0,331.08,0.0176,1.0000,719.0,200000.0,1882.627,1,71.90,200.0,0.000
g_pg_z2000,eva028-CoreRiskV1,g_pg_z2000,XAUUSD_HIST,M1,339,339,340,grid,-1,grid_sell,grid_tp_baseline_revert,expert,2,2023.01.11 09:23:00,1673428980000,1885.489,2023.01.11 09:45:00,1673430300000,1885.092,0.01,0.000,1685.489,0.40,0.00,0.00,0.40,1320,1,0,388.96,0.0206,1.0000,1145.2,200000.0,1884.139,1,97.45,200.0,0.000
g_pg_z2000,eva028-CoreRiskV1,g_pg_z2000,XAUUSD_HIST,M1,338,338,341,grid,-1,grid_sell,grid_tp_baseline_revert,expert,1,2023.01.11 08:48:00,1673426880000,1884.199,2023.01.11 09:45:00,1673430300000,1885.092,0.01,0.000,1684.199,-0.89,0.00,0.00,-0.89,3420,1,0,290.73,0.0154,1.0000,655.0,200000.0,1883.314,1,82.33,200.0,0.000
g_pg_z2000,eva028-CoreRiskV1,g_pg_z2000,XAUUSD_HIST,M1,342,342,343,grid,1,grid_buy,grid_tp_baseline_revert,expert,1,2023.01.11 09:51:00,1673430660000,1883.743,2023.01.11 09:54:00,1673430840000,1884.840,0.01,0.000,2083.743,1.10,0.00,0.00,1.10,180,1,0,324.20,0.0172,1.0000,707.0,200000.0,1884.660,1,84.15,200.0,0.000
g_pg_z2000,eva028-CoreRiskV1,g_pg_z2000,XAUUSD_HIST,M1,344,344,345,grid,1,grid_buy,grid_tp_baseline_revert,expert,1,2023.01.11 10:18:00,1673432280000,1883.374,2023.01.11 10:19:00,1673432340000,1884.065,0.01,0.000,2083.374,0.70,0.00,0.00,0.70,60,1,0,378.21,0.0201,1.0000,799.0,200000.0,1884.088,1,74.20,200.0,0.000
g_pg_z2000,eva028-CoreRiskV1,g_pg_z2000,XAUUSD_HIST,M1,346,346,347,grid,1,grid_buy,grid_tp_baseline_revert,expert,1,2023.01.11 10:41:00,1673433660000,1882.810,2023.01.11 10:48:00,1673434080000,1883.807,0.01,0.000,2082.810,1.00,0.00,0.00,1.00,420,1,0,394.62,0.0210,1.0000,829.0,200000.0,1883.804,1,65.05,200.0,0.000
g_pg_z2000,eva028-CoreRiskV1,g_pg_z2000,XAUUSD_HIST,M1,348,348,349,grid,1,grid_buy,grid_tp_baseline_revert,expert,1,2023.01.11 11:33:00,1673436780000,1883.961,2023.01.11 11:45:00,1673437500000,1884.262,0.01,0.000,2083.961,0.30,0.00,0.00,0.30,720,1,0,257.75,0.0137,1.0000,605.0,200000.0,1884.479,1,58.85,200.0,0.000
g_pg_z2000,eva028-CoreRiskV1,g_pg_z2000,XAUUSD_HIST,M1,351,351,352,grid,1,grid_buy,stage1_daily_loss_stop,expert,2,2023.01.11 12:10:00,1673439000000,1882.488,2023.01.11 12:19:00,1673439540000,1877.772,0.01,0.000,2082.488,-4.72,0.00,0.00,-4.72,540,1,0,243.20,0.0129,1.0000,817.6,200000.0,1883.508,1,62.75,200.0,0.000
g_pg_z2000,eva028-CoreRiskV1,g_pg_z2000,XAUUSD_HIST,M1,350,350,353,grid,1,grid_buy,stage1_daily_loss_stop,expert,1,2023.01.11 11:57:00,1673438220000,1883.313,2023.01.11 12:19:00,1673439540000,1877.772,0.01,0.000,2083.313,-5.54,0.00,0.00,-5.54,1320,1,0,222.41,0.0118,1.0000,554.0,200000.0,1883.814,1,63.40,200.0,0.000
g_pg_z2000,eva028-CoreRiskV1,g_pg_z2000,XAUUSD_HIST,M1,354,354,355,grid,1,grid_buy,cutoff_line_stop,expert,1,2023.01.12 00:00:00,1673481600000,1877.135,2023.01.12 00:01:00,1673481660000,1876.723,0.01,0.000,2077.135,-0.42,0.00,0.00,-0.42,60,1,0,149.96,0.0080,1.0000,469.0,200000.0,1883.078,1,37.40,200.0,0.000
g_pg_z2000,eva028-CoreRiskV1,g_pg_z2000,XAUUSD_HIST,M1,356,356,357,grid,-1,grid_sell,grid_tp_baseline_revert,expert,1,2023.01.12 02:01:00,1673488860000,1881.249,2023.01.12 02:18:00,1673489880000,1880.594,0.01,0.000,1681.249,0.66,0.00,0.00,0.66,1020,1,0,343.30,0.0182,1.0000,739.0,200000.0,1880.220,1,63.40,400.0,0.000
g_pg_z2000,eva028-CoreRiskV1,g_pg_z2000,XAUUSD_HIST,M1,360,360,361,grid,-1,grid_sell,grid_tp_baseline_revert,expert,3,2023.01.12 03:11:00,1673493060000,1884.504,2023.01.12 03:22:00,1673493720000,1883.064,0.01,0.000,1684.504,1.44,0.00,0.00,1.44,660,1,0,206.62,0.0110,1.0000,1042.7,200000.0,1882.664,1,60.75,200.0,0.000
g_pg_z2000,eva028-CoreRiskV1,g_pg_z2000,XAUUSD_HIST,M1,359,359,362,grid,-1,grid_sell,grid_tp_baseline_revert,expert,2,2023.01.12 02:37:00,1673491020000,1883.380,2023.01.12 03:22:00,1673493720000,1883.064,0.01,0.000,1683.380,0.32,0.00,0.00,0.32,2700,1,0,404.92,0.0215,1.0000,1187.2,200000.0,1881.142,1,61.73,200.0,0.000
g_pg_z2000,eva028-CoreRiskV1,g_pg_z2000,XAUUSD_HIST,M1,358,358,363,grid,-1,grid_sell,grid_tp_baseline_revert,expert,1,2023.01.12 02:25:00,1673490300000,1881.800,2023.01.12 03:22:00,1673493720000,1883.064,0.01,0.000,1681.800,-1.26,0.00,0.00,-1.26,3420,1,0,223.50,0.0119,1.0000,556.0,200000.0,1880.860,1,64.15,200.0,0.000
g_pg_z2000,eva028-CoreRiskV1,g_pg_z2000,XAUUSD_HIST,M1,364,364,365,grid,-1,grid_sell,grid_tp_baseline_revert,expert,1,2023.01.12 03:53:00,1673495580000,1883.492,2023.01.12 04:25:00,1673497500000,1883.550,0.01,0.000,1683.492,-0.06,0.00,0.00,-0.06,1920,1,0,242.38,0.0129,1.0000,583.0,200000.0,1882.852,1,41.65,200.0,0.000
g_pg_z2000,eva028-CoreRiskV1,g_pg_z2000,XAUUSD_HIST,M1,366,366,367,grid,-1,grid_sell,grid_tp_baseline_revert,expert,1,2023.01.12 04:58:00,1673499480000,1884.588,2023.01.12 05:07:00,1673500020000,1883.956,0.01,0.000,1684.588,0.63,0.00,0.00,0.63,540,1,0,215.68,0.0114,1.0000,545.0,200000.0,1883.937,1,34.00,200.0,0.000
g_pg_z2000,eva028-CoreRiskV1,g_pg_z2000,XAUUSD_HIST,M1,369,369,370,grid,1,grid_buy,grid_tp_baseline_revert,expert,2,2023.01.12 07:27:00,1673508420000,1881.829,2023.01.12 07:56:00,1673510160000,1881.951,0.01,0.000,2081.829,0.12,0.00,0.00,0.12,1740,1,0,290.07,0.0154,1.0000,915.6,200000.0,1882.899,1,59.83,400.0,0.000
g_pg_z2000,eva028-CoreRiskV1,g_pg_z2000,XAUUSD_HIST,M1,368,368,371,grid,1,grid_buy,grid_tp_baseline_revert,expert,1,2023.01.12 07:15:00,1673507700000,1882.716,2023.01.12 07:56:00,1673510160000,1881.951,0.01,0.000,2082.716,-0.77,0.00,0.00,-0.77,2460,1,0,261.55,0.0139,1.0000,611.0,200000.0,1883.181,1,54.70,200.0,0.000
g_pg_z2000,eva028-CoreRiskV1,g_pg_z2000,XAUUSD_HIST,M1,372,372,373,grid,-1,grid_sell,grid_tp_baseline_revert,expert,1,2023.01.12 08:07:00,1673510820000,1883.208,2023.01.12 08:10:00,1673511000000,1882.432,0.01,0.000,1683.208,0.78,0.00,0.00,0.78,180,1,0,321.55,0.0171,1.0000,703.0,200000.0,1882.505,1,77.65,200.0,0.000
g_pg_z2000,eva028-CoreRiskV1,g_pg_z2000,XAUUSD_HIST,M1,374,374,375,grid,-1,grid_sell,grid_tp_baseline_revert,expert,1,2023.01.12 08:36:00,1673512560000,1883.083,2023.01.12 08:41:00,1673512860000,1882.328,0.01,0.000,1683.083,0.75,0.00,0.00,0.75,300,1,0,332.07,0.0176,1.0000,720.0,200000.0,1882.339,1,68.95,200.0,0.000
g_pg_z2000,eva028-CoreRiskV1,g_pg_z2000,XAUUSD_HIST,M1,377,377,378,grid,-1,grid_sell,grid_tp_baseline_revert,expert,2,2023.01.12 09:38:00,1673516280000,1884.474,2023.01.12 10:08:00,1673518080000,1883.462,0.01,0.000,1684.474,1.01,0.00,0.00,1.01,1800,1,0,371.08,0.0197,1.0000,1100.4,200000.0,1882.411,1,65.40,200.0,0.000
g_pg_z2000,eva028-CoreRiskV1,g_pg_z2000,XAUUSD_HIST,M1,376,376,379,grid,-1,grid_sell,grid_tp_baseline_revert,expert,1,2023.01.12 09:26:00,1673515560000,1883.068,2023.01.12 10:08:00,1673518080000,1883.462,0.01,0.000,1683.068,-0.39,0.00,0.00,-0.39,2520,1,0,440.59,0.0234,1.0000,918.0,200000.0,1882.128,1,64.58,200.0,0.000
g_pg_z2000,eva028-CoreRiskV1,g_pg_z2000,XAUUSD_HIST,M1,380,380,381,grid,1,grid_buy,grid_tp_baseline_revert,expert,1,2023.01.12 10:17:00,1673518620000,1882.889,2023.01.12 10:20:00,1673518800000,1883.340,0.01,0.000,2082.889,0.45,0.00,0.00,0.45,180,1,0,262.79,0.0140,1.0000,613.0,200000.0,1883.402,1,63.33,200.0,0.000
g_pg_z2000,eva028-CoreRiskV1,g_pg_z2000,XAUUSD_HIST,M1,383,383,384,grid,-1,grid_sell,grid_tp_baseline_revert,expert,2,2023.01.12 11:40:00,1673523600000,1885.981,2023.01.12 11:54:00,1673524440000,1885.490,0.01,0.000,1685.981,0.49,0.00,0.00,0.49,840,1,0,211.27,0.0112,1.0000,754.6,200000.0,1885.254,1,51.35,200.0,0.000
g_pg_z2000,eva028-CoreRiskV1,g_pg_z2000,XAUUSD_HIST,M1,382,382,385,grid,-1,grid_sell,grid_tp_baseline_revert,expert,1,2023.01.12 11:07:00,1673521620000,1885.198,2023.01.12 11:54:00,1673524440000,1885.490,0.01,0.000,1685.198,-0.29,0.00,0.00,-0.29,2820,1,0,201.42,0.0107,1.0000,525.0,200000.0,1884.477,1,54.98,200.0,0.000
g_pg_z2000,eva028-CoreRiskV1,g_pg_z2000,XAUUSD_HIST,M1,386,386,387,grid,1,grid_buy,grid_tp_baseline_revert,expert,1,2023.01.12 11:55:00,1673524500000,1885.418,2023.01.12 12:11:00,1673525460000,1885.480,0.01,0.000,2085.418,0.06,0.00,0.00,0.06,960,1,0,176.41,0.0094,1.0000,489.0,200000.0,1885.797,1,52.60,200.0,0.000
g_pg_z2000,eva028-CoreRiskV1,g_pg_z2000,XAUUSD_HIST,M1,389,389,390,grid,-1,grid_sell,grid_tp_baseline_revert,expert,2,2023.01.12 13:05:00,1673528700000,1888.606,2023.01.12 13:30:00,1673530200000,1887.434,0.01,0.000,1688.606,1.18,0.00,0.00,1.18,1500,1,0,272.53,0.0144,1.0000,879.2,200000.0,1886.973,1,80.00,200.0,0.000
g_pg_z2000,eva028-CoreRiskV1,g_pg_z2000,XAUUSD_HIST,M1,388,388,391,grid,-1,grid_sell,grid_tp_baseline_revert,expert,1,2023.01.12 12:22:00,1673526120000,1887.684,2023.01.12 13:30:00,1673530200000,1887.434,0.01,0.000,1687.684,0.25,0.00,0.00,0.25,4080,1,0,437.04,0.0232,1.0000,911.0,200000.0,1885.958,1,64.70,760.0,0.000
g_pg_z2000,eva028-CoreRiskV1,g_pg_z2000,XAUUSD_HIST,M1,392,392,393,grid,-1,grid_sell,grid_tp_baseline_revert,expert,1,2023.01.12 15:59:00,1673539140000,1890.371,2023.01.12 16:00:00,1673539200000,1889.008,0.01,0.000,1648.171,1.36,0.00,0.00,1.36,60,0,0,468.85,0.0248,1.2110,1183.1,242200.0,1888.985,1,181.65,200.0,0.000
g_pg_z2000,eva028-CoreRiskV1,g_pg_z2000,XAUUSD_HIST,M1,396,396,397,grid,-1,grid_sell,grid_tp_baseline_revert,expert,3,2023.01.12 17:18:00,1673543880000,1895.412,2023.01.12 18:26:00,1673547960000,1896.291,0.01,0.000,1695.412,-0.88,0.00,0.00,-0.88,4080,0,0,403.81,0.0213,1.0000,1658.2,200000.0,1891.921,1,102.80,200.0,0.000
g_pg_z2000,eva028-CoreRiskV1,g_pg_z2000,XAUUSD_HIST,M1,395,395,398,grid,-1,grid_sell,grid_tp_baseline_revert,expert,2,2023.01.12 16:44:00,1673541840000,1893.430,2023.01.12 18:26:00,1673547960000,1896.291,0.01,0.000,1693.430,-2.86,0.00,0.00,-2.86,6120,0,0,458.08,0.0242,1.0000,1335.6,200000.0,1890.393,1,119.85,200.0,0.000
g_pg_z2000,eva028-CoreRiskV1,g_pg_z2000,XAUUSD_HIST,M1,394,394,399,grid,-1,grid_sell,grid_tp_baseline_revert,expert,1,2023.01.12 16:15:00,1673540100000,1891.244,2023.01.12 18:26:00,1673547960000,1896.291,0.01,0.000,1686.777,-5.05,0.00,0.00,-5.05,7860,0,0,604.08,0.0319,1.0223,1348.5,204466.7,1889.707,1,153.35,200.0,0.000
g_pg_z2000,eva028-CoreRiskV1,g_pg_z2000,XAUUSD_HIST,M1,400,400,401,grid,1,grid_buy,grid_tp_baseline_revert,expert,1,2023.01.12 18:28:00,1673548080000,1894.446,2023.01.12 18:36:00,1673548560000,1896.764,0.01,0.000,2094.446,2.31,0.00,0.00,2.31,480,0,0,609.56,0.0322,1.0000,1334.0,200000.0,1895.839,1,103.95,200.0,0.000
g_pg_z2000,eva028-CoreRiskV1,g_pg_z2000,XAUUSD_HIST,M1,402,402,403,grid,-1,grid_sell,grid_tp_baseline_revert,expert,1,2023.01.12 18:58:00,1673549880000,1898.894,2023.01.12 19:10:00,1673550600000,1898.127,0.01,0.000,1698.894,0.76,0.00,0.00,0.76,720,0,0,176.96,0.0093,1.0000,492.0,200000.0,1898.395,1,99.55,200.0,0.000
g_pg_z2000,eva028-CoreRiskV1,g_pg_z2000,XAUUSD_HIST,M1,404,404,405,grid,1,grid_buy,grid_tp_baseline_revert,expert,1,2023.01.12 19:37:00,1673552220000,1895.970,2023.01.12 19:39:00,1673552340000,1896.545,0.01,0.000,2095.970,0.58,0.00,0.00,0.58,120,0,0,244.96,0.0129,1.0000,588.0,200000.0,1896.443,1,73.00,200.0,0.000
g_pg_z2000,eva028-CoreRiskV1,g_pg_z2000,XAUUSD_HIST,M1,406,406,407,grid,-1,grid_sell,grid_tp_baseline_revert,expert,1,2023.01.12 19:48:00,1673552880000,1897.825,2023.01.12 19:56:00,1673553360000,1897.175,0.01,0.000,1697.825,0.65,0.00,0.00,0.65,480,0,0,310.20,0.0163,1.0000,687.0,200000.0,1897.021,1,66.55,200.0,0.000
g_pg_z2000,eva028-CoreRiskV1,g_pg_z2000,XAUUSD_HIST,M1,409,409,410,grid,1,grid_buy,grid_tp_baseline_revert,expert,2,2023.01.12 20:16:00,1673554560000,1894.587,2023.01.12 20:28:00,1673555280000,1896.325,0.01,0.000,2094.587,1.74,0.00,0.00,1.74,720,0,0,384.36,0.0203,1.0000,1135.4,200000.0,1896.523,1,69.00,200.0,0.000
g_pg_z2000,eva028-CoreRiskV1,g_pg_z2000,XAUUSD_HIST,M1,408,408,411,grid,1,grid_buy,grid_tp_baseline_revert,expert,1,2023.01.12 20:04:00,1673553840000,1895.937,2023.01.12 20:28:00,1673555280000,1896.325,0.01,0.000,2095.937,0.39,0.00,0.00,0.39,1440,0,0,476.28,0.0251,1.0000,993.0,200000.0,1896.807,1,68.90,200.0,0.000
g_pg_z2000,eva028-CoreRiskV1,g_pg_z2000,XAUUSD_HIST,M1,413,413,414,grid,-1,grid_sell,grid_tp_baseline_revert,expert,2,2023.01.12 21:05:00,1673557500000,1898.989,2023.01.12 21:25:00,1673558700000,1898.094,0.01,0.000,1698.989,0.90,0.00,0.00,0.90,1200,0,0,352.30,0.0186,1.0000,1057.0,200000.0,1897.210,1,57.45,200.0,0.000
g_pg_z2000,eva028-CoreRiskV1,g_pg_z2000,XAUUSD_HIST,M1,412,412,415,grid,-1,grid_sell,grid_tp_baseline_revert,expert,1,2023.01.12 20:51:00,1673556660000,1897.924,2023.01.12 21:25:00,1673558700000,1898.094,0.01,0.000,1697.924,-0.17,0.00,0.00,-0.17,2040,0,0,348.82,0.0184,1.0000,749.0,200000.0,1896.877,1,61.98,200.0,0.000
g_pg_z2000,eva028-CoreRiskV1,g_pg_z2000,XAUUSD_HIST,M1,416,416,417,grid,1,grid_buy,grid_tp_baseline_revert,expert,1,2023.01.12 23:01:00,1673564460000,1895.901,2023.01.12 23:17:00,1673565420000,1896.763,0.01,0.000,2095.901,0.86,0.00,0.00,0.86,960,0,0,154.28,0.0081,1.0000,473.0,200000.0,1897.126,1,28.48,200.0,0.000
g_pg_z2000,eva028-CoreRiskV1,g_pg_z2000,XAUUSD_HIST,M1,418,418,419,grid,-1,grid_sell,grid_tp_baseline_revert,expert,1,2023.01.13 00:22:00,1673569320000,1899.222,2023.01.13 00:35:00,1673570100000,1898.760,0.01,0.000,1699.222,0.46,0.00,0.00,0.46,780,0,0,263.62,0.0139,1.0000,616.0,200000.0,1898.540,1,51.63,200.0,0.000
g_pg_z2000,eva028-CoreRiskV1,g_pg_z2000,XAUUSD_HIST,M1,420,420,421,grid,1,grid_buy,grid_tp_baseline_revert,expert,1,2023.01.13 01:01:00,1673571660000,1897.454,2023.01.13 01:05:00,1673571900000,1898.261,0.01,0.000,2097.454,0.81,0.00,0.00,0.81,240,0,0,313.32,0.0165,1.0000,691.0,200000.0,1897.979,1,72.20,200.0,0.000
g_pg_z2000,eva028-CoreRiskV1,g_pg_z2000,XAUUSD_HIST,M1,422,422,423,grid,1,grid_buy,grid_tp_baseline_revert,expert,1,2023.01.13 01:20:00,1673572800000,1896.721,2023.01.13 01:22:00,1673572920000,1897.425,0.01,0.000,2096.721,0.71,0.00,0.00,0.71,120,0,0,375.81,0.0198,1.0000,796.0,200000.0,1897.403,1,76.20,200.0,0.000
g_pg_z2000,eva028-CoreRiskV1,g_pg_z2000,XAUUSD_HIST,M1,424,424,425,grid,-1,grid_sell,grid_tp_baseline_revert,expert,1,2023.01.13 01:44:00,1673574240000,1898.305,2023.01.13 02:07:00,1673575620000,1897.717,0.01,0.000,1698.305,0.59,0.00,0.00,0.59,1380,0,0,430.97,0.0227,1.0000,899.0,200000.0,1897.265,1,79.47,200.0,0.000
g_pg_z2000,eva028-CoreRiskV1,g_pg_z2000,XAUUSD_HIST,M1,426,426,427,grid,-1,grid_sell,grid_tp_baseline_revert,expert,1,2023.01.13 02:27:00,1673576820000,1898.049,2023.01.13 03:16:00,1673579760000,1898.287,0.01,0.000,1698.049,-0.24,0.00,0.00,-0.24,2940,0,0,296.13,0.0156,1.0000,665.0,200000.0,1897.157,1,75.17,200.0,0.000
g_pg_z2000,eva028-CoreRiskV1,g_pg_z2000,XAUUSD_HIST,M1,428,428,429,grid,1,grid_buy,grid_tp_baseline_revert,expert,1,2023.01.13 03:20:00,1673580000000,1897.692,2023.01.13 03:21:00,1673580060000,1898.160,0.01,0.000,2097.692,0.47,0.00,0.00,0.47,60,0,0,143.82,0.0076,1.0000,474.0,200000.0,1898.049,1,52.92,200.0,0.000
g_pg_z2000,eva028-CoreRiskV1,g_pg_z2000,XAUUSD_HIST,M1,430,430,431,grid,1,grid_buy,grid_tp_baseline_revert,expert,1,2023.01.13 04:40:00,1673584800000,1896.723,2023.01.13 04:50:00,1673585400000,1896.763,0.01,0.000,2096.723,0.04,0.00,0.00,0.04,600,1,0,159.39,0.0084,1.0000,474.0,200000.0,1896.998,1,44.00,200.0,0.000
g_pg_z2000,eva028-CoreRiskV1,g_pg_z2000,XAUUSD_HIST,M1,433,433,434,grid,1,grid_buy,grid_tp_baseline_revert,expert,2,2023.01.13 05:43:00,1673588580000,1893.302,2023.01.13 05:54:00,1673589240000,1894.124,0.01,0.000,2093.302,0.82,0.00,0.00,0.82,660,1,0,278.14,0.0147,1.0000,891.8,200000.0,1894.387,1,49.83,200.0,0.000
g_pg_z2000,eva028-CoreRiskV1,g_pg_z2000,XAUUSD_HIST,M1,432,432,435,grid,1,grid_buy,grid_tp_baseline_revert,expert,1,2023.01.13 05:31:00,1673587860000,1894.172,2023.01.13 05:54:00,1673589240000,1894.124,0.01,0.000,2094.172,-0.05,0.00,0.00,-0.05,1380,1,0,234.29,0.0124,1.0000,573.0,200000.0,1894.671,1,44.08,200.0,0.000
g_pg_z2000,eva028-CoreRiskV1,g_pg_z2000,XAUUSD_HIST,M1,436,436,437,grid,1,grid_buy,grid_tp_baseline_revert,expert,1,2023.01.13 06:16:00,1673590560000,1893.879,2023.01.13 06:20:00,1673590800000,1894.378,0.01,0.000,2093.879,0.50,0.00,0.00,0.50,240,1,0,269.42,0.0142,1.0000,624.0,200000.0,1894.338,1,62.33,200.0,0.000
g_pg_z2000,eva028-CoreRiskV1,g_pg_z2000,XAUUSD_HIST,M1,439,439,440,grid,-1,grid_sell,grid_tp_baseline_revert,expert,2,2023.01.13 06:40:00,1673592000000,1896.072,2023.01.13 07:03:00,1673593380000,1895.478,0.01,0.000,1696.072,0.59,0.00,0.00,0.59,1380,1,0,248.10,0.0131,1.0000,830.2,200000.0,1894.911,1,62.30,200.0,0.000
g_pg_z2000,eva028-CoreRiskV1,g_pg_z2000,XAUUSD_HIST,M1,438,438,441,grid,-1,grid_sell,grid_tp_baseline_revert,expert,1,2023.01.13 06:22:00,1673590920000,1895.207,2023.01.13 07:03:00,1673593380000,1895.478,0.01,0.000,1695.207,-0.27,0.00,0.00,-0.27,2460,1,0,300.75,0.0159,1.0000,672.0,200000.0,1894.484,1,62.63,200.0,0.000
g_pg_z2000,eva028-CoreRiskV1,g_pg_z2000,XAUUSD_HIST,M1,442,442,443,grid,1,grid_buy,grid_tp_baseline_revert,expert,1,2023.01.13 07:22:00,1673594520000,1895.599,2023.01.13 07:26:00,1673594760000,1896.236,0.01,0.000,2095.599,0.64,0.00,0.00,0.64,240,1,0,282.07,0.0149,1.0000,643.0,200000.0,1896.240,1,73.28,200.0,0.000
g_pg_z2000,eva028-CoreRiskV1,g_pg_z2000,XAUUSD_HIST,M1,444,444,445,grid,1,grid_buy,grid_tp_baseline_revert,expert,1,2023.01.13 07:27:00,1673594820000,1895.109,2023.01.13 07:33:00,1673595180000,1896.054,0.01,0.000,2095.109,0.94,0.00,0.00,0.94,360,1,0,469.94,0.0248,1.0000,979.0,200000.0,1895.962,1,74.60,200.0,0.000
g_pg_z2000,eva028-CoreRiskV1,g_pg_z2000,XAUUSD_HIST,M1,448,448,449,grid,-1,grid_sell,grid_tp_baseline_revert,expert,3,2023.01.13 08:36:00,1673598960000,1905.996,2023.01.13 10:16:00,1673604960000,1904.859,0.01,0.000,1705.996,1.14,0.00,0.00,1.14,6000,1,0,690.06,0.0362,1.0000,3128.2,200000.0,1898.421,1,126.90,200.0,0.000
g_pg_z2000,eva028-CoreRiskV1,g_pg_z2000,XAUUSD_HIST,M1,447,447,450,grid,-1,grid_sell,grid_tp_baseline_revert,expert,2,2023.01.13 08:08:00,1673597280000,1901.229,2023.01.13 10:16:00,1673604960000,1904.859,0.01,0.000,1701.229,-3.63,0.00,0.00,-3.63,7680,1,0,659.00,0.0347,1.0000,2084.6,200000.0,1897.155,1,100.67,600.0,0.000
g_pg_z2000,eva028-CoreRiskV1,g_pg_z2000,XAUUSD_HIST,M1,446,446,451,grid,-1,grid_sell,grid_tp_baseline_revert,expert,1,2023.01.13 07:46:00,1673595960000,1898.834,2023.01.13 10:16:00,1673604960000,1904.859,0.01,0.000,1698.834,-6.03,0.00,0.00,-6.03,9000,1,0,628.30,0.0331,1.0000,1391.0,200000.0,1896.633,1,85.85,520.0,0.000
g_pg_z2000,eva028-CoreRiskV1,g_pg_z2000,XAUUSD_HIST,M1,452,452,453,grid,-1,grid_sell,grid_tp_baseline_revert,expert,1,2023.01.13 10:24:00,1673605440000,1906.012,2023.01.13 10:30:00,1673605800000,1904.909,0.01,0.000,1706.012,1.10,0.00,0.00,1.10,360,0,0,299.43,0.0157,1.0000,671.0,200000.0,1905.112,1,63.83,200.0,0.000
g_pg_z2000,eva028-CoreRiskV1,g_pg_z2000,XAUUSD_HIST,M1,454,454,455,grid,1,grid_buy,grid_tp_baseline_revert,expert,1,2023.01.13 10:31:00,1673605860000,1904.344,2023.01.13 10:36:00,1673606160000,1905.288,0.01,0.000,2104.344,0.95,0.00,0.00,0.95,300,0,0,359.64,0.0189,1.0000,768.0,200000.0,1905.106,1,63.15,200.0,0.000
g_pg_z2000,eva028-CoreRiskV1,g_pg_z2000,XAUUSD_HIST,M1,456,456,457,grid,-1,grid_sell,grid_tp_baseline_revert,expert,1,2023.01.13 10:59:00,1673607540000,1905.812,2023.01.13 11:13:00,1673608380000,1905.309,0.01,0.000,1705.812,0.50,0.00,0.00,0.50,840,0,0,276.44,0.0145,1.0000,636.0,200000.0,1905.057,1,68.50,200.0,0.000
g_pg_z2000,eva028-CoreRiskV1,g_pg_z2000,XAUUSD_HIST,M1,460,460,461,grid,1,grid_buy,stage1_daily_loss_stop,expert,3,2023.01.13 12:22:00,1673612520000,1900.043,2023.01.13 12:31:00,1673613060000,1894.342,0.01,0.000,2100.043,-5.70,0.00,0.00,-5.70,540,0,0,411.31,0.0216,1.0000,1687.6,200000.0,1901.269,1,82.65,200.0,0.000
g_pg_z2000,eva028-CoreRiskV1,g_pg_z2000,XAUUSD_HIST,M1,459,459,462,grid,1,grid_buy,stage1_daily_loss_stop,expert,2,2023.01.13 11:50:00,1673610600000,1901.692,2023.01.13 12:31:00,1673613060000,1894.342,0.01,0.000,2101.692,-7.35,0.00,0.00,-7.35,2460,0,0,231.24,0.0122,1.0000,796.6,200000.0,1902.713,1,72.92,200.0,0.000
g_pg_z2000,eva028-CoreRiskV1,g_pg_z2000,XAUUSD_HIST,M1,458,458,463,grid,1,grid_buy,stage1_daily_loss_stop,expert,1,2023.01.13 11:35:00,1673609700000,1902.446,2023.01.13 12:31:00,1673613060000,1894.342,0.01,0.000,2102.446,-8.11,0.00,0.00,-8.11,3360,0,0,354.35,0.0186,1.0000,759.0,200000.0,1903.070,1,72.65,200.0,0.000
g_pg_z2000,eva028-CoreRiskV1,g_pg_z2000,XAUUSD_HIST,M1,464,464,465,grid,-1,grid_sell,grid_tp_baseline_revert,expert,1,2023.01.16 03:00:00,1673838000000,1928.362,2023.01.16 03:03:00,1673838180000,1927.139,0.01,0.000,1728.362,1.22,0.00,0.00,1.22,180,0,0,466.97,0.0242,1.0000,972.0,200000.0,1927.168,1,60.98,200.0,0.000
g_pg_z2000,eva028-CoreRiskV1,g_pg_z2000,XAUUSD_HIST,M1,467,467,468,grid,-1,grid_sell,grid_tp_baseline_revert,expert,2,2023.01.16 04:04:00,1673841840000,1926.883,2023.01.16 04:12:00,1673842320000,1925.829,0.01,0.000,1726.883,1.05,0.00,0.00,1.05,480,0,0,263.88,0.0137,1.0000,868.0,200000.0,1925.657,1,37.55,200.0,0.000
g_pg_z2000,eva028-CoreRiskV1,g_pg_z2000,XAUUSD_HIST,M1,466,466,469,grid,-1,grid_sell,grid_tp_baseline_revert,expert,1,2023.01.16 03:42:00,1673840520000,1925.736,2023.01.16 04:12:00,1673842320000,1925.829,0.01,0.000,1725.736,-0.09,0.00,0.00,-0.09,1800,0,0,227.78,0.0118,1.0000,567.0,200000.0,1925.127,1,46.42,200.0,0.000
g_pg_z2000,eva028-CoreRiskV1,g_pg_z2000,XAUUSD_HIST,M1,472,472,473,grid,1,grid_buy,grid_tp_baseline_revert,expert,3,2023.01.16 05:43:00,1673847780000,1919.738,2023.01.16 06:10:00,1673849400000,1920.378,0.01,0.000,2119.738,0.64,0.00,0.00,0.64,1620,0,0,252.60,0.0132,1.0000,1179.9,200000.0,1921.960,1,52.23,200.0,0.000
g_pg_z2000,eva028-CoreRiskV1,g_pg_z2000,XAUUSD_HIST,M1,471,471,474,grid,1,grid_buy,grid_tp_baseline_revert,expert,2,2023.01.16 05:06:00,1673845560000,1920.777,2023.01.16 06:10:00,1673849400000,1920.378,0.01,0.000,2120.777,-0.40,0.00,0.00,-0.40,3840,0,0,375.51,0.0196,1.0000,1115.8,200000.0,1923.647,1,42.13,200.0,0.000
g_pg_z2000,eva028-CoreRiskV1,g_pg_z2000,XAUUSD_HIST,M1,470,470,475,grid,1,grid_buy,grid_tp_baseline_revert,expert,1,2023.01.16 04:54:00,1673844840000,1923.512,2023.01.16 06:10:00,1673849400000,1920.378,0.01,0.000,2123.512,-3.13,0.00,0.00,-3.13,4560,0,0,233.61,0.0121,1.0000,575.0,200000.0,1923.936,1,34.10,200.0,0.000
g_pg_z2000,eva028-CoreRiskV1,g_pg_z2000,XAUUSD_HIST,M1,477,477,478,grid,1,grid_buy,grid_tp_baseline_revert,expert,2,2023.01.16 06:35:00,1673850900000,1915.230,2023.01.16 07:41:00,1673854860000,1916.725,0.01,0.000,2115.230,1.50,0.00,0.00,1.50,3960,0,0,466.29,0.0243,1.0000,1359.4,200000.0,1919.179,1,59.00,200.0,0.000
g_pg_z2000,eva028-CoreRiskV1,g_pg_z2000,XAUUSD_HIST,M1,476,476,479,grid,1,grid_buy,grid_tp_baseline_revert,expert,1,2023.01.16 06:23:00,1673850180000,1918.814,2023.01.16 07:41:00,1673854860000,1916.725,0.01,0.000,2118.814,-2.08,0.00,0.00,-2.08,4680,0,0,377.77,0.0197,1.0000,801.0,200000.0,1919.467,1,56.08,200.0,0.000
g_pg_z2000,eva028-CoreRiskV1,g_pg_z2000,XAUUSD_HIST,M1,482,482,483,grid,1,grid_buy,grid_tp_baseline_revert,expert,3,2023.01.16 08:46:00,1673858760000,1911.605,2023.01.16 09:07:00,1673860020000,1913.215,0.01,0.000,2111.605,1.61,0.00,0.00,1.61,1260,0,0,425.32,0.0223,1.0000,1740.5,200000.0,1914.496,1,79.58,200.0,0.000
g_pg_z2000,eva028-CoreRiskV1,g_pg_z2000,XAUUSD_HIST,M1,481,481,484,grid,1,grid_buy,grid_tp_baseline_revert,expert,2,2023.01.16 08:18:00,1673857080000,1914.348,2023.01.16 09:07:00,1673860020000,1913.215,0.01,0.000,2114.348,-1.13,0.00,0.00,-1.13,2940,0,0,398.58,0.0208,1.0000,1173.2,200000.0,1915.768,1,77.55,200.0,0.000
g_pg_z2000,eva028-CoreRiskV1,g_pg_z2000,XAUUSD_HIST,M1,480,480,485,grid,1,grid_buy,grid_tp_baseline_revert,expert,1,2023.01.16 08:06:00,1673856360000,1915.413,2023.01.16 09:07:00,1673860020000,1913.215,0.01,0.000,2115.413,-2.19,0.00,0.00,-2.19,3660,0,0,369.62,0.0193,1.0000,786.0,200000.0,1916.055,1,69.13,200.0,0.000
g_pg_z2000,eva028-CoreRiskV1,g_pg_z2000,XAUUSD_HIST,M1,487,487,488,grid,-1,grid_sell,grid_tp_baseline_revert,expert,2,2023.01.16 09:44:00,1673862240000,1917.131,2023.01.16 10:19:00,1673864340000,1916.244,0.01,0.000,1717.131,0.89,0.00,0.00,0.89,2100,0,0,455.47,0.0238,1.0000,1327.2,200000.0,1914.866,1,73.08,200.0,0.000
g_pg_z2000,eva028-CoreRiskV1,g_pg_z2000,XAUUSD_HIST,M1,486,486,489,grid,-1,grid_sell,grid_tp_baseline_revert,expert,1,2023.01.16 09:29:00,1673861340000,1915.387,2023.01.16 10:19:00,1673864340000,1916.244,0.01,0.000,1715.387,-0.85,0.00,0.00,-0.85,3000,0,0,337.53,0.0176,1.0000,732.0,200000.0,1914.507,1,67.35,200.0,0.000
g_pg_z2000,eva028-CoreRiskV1,g_pg_z2000,XAUUSD_HIST,M1,490,490,491,grid,1,grid_buy,grid_tp_baseline_revert,expert,1,2023.01.16 10:31:00,1673865060000,1914.998,2023.01.16 10:34:00,1673865240000,1916.087,0.01,0.000,2114.998,1.09,0.00,0.00,1.09,180,0,0,413.70,0.0216,1.0000,866.0,200000.0,1915.931,1,56.10,200.0,0.000
g_pg_z2000,eva028-CoreRiskV1,g_pg_z2000,XAUUSD_HIST,M1,492,492,493,grid,1,grid_buy,grid_tp_baseline_revert,expert,1,2023.01.16 11:00:00,1673866800000,1915.765,2023.01.16 11:01:00,1673866860000,1916.502,0.01,0.000,2115.765,0.73,0.00,0.00,0.73,60,0,0,236.82,0.0124,1.0000,579.0,200000.0,1916.250,1,59.33,200.0,0.000
g_pg_z2000,eva028-CoreRiskV1,g_pg_z2000,XAUUSD_HIST,M1,494,494,495,grid,-1,grid_sell,grid_tp_baseline_revert,expert,1,2023.01.16 11:47:00,1673869620000,1919.242,2023.01.16 11:48:00,1673869680000,1918.367,0.01,0.000,1719.242,0.87,0.00,0.00,0.87,60,0,0,198.12,0.0103,1.0000,524.0,200000.0,1918.711,1,53.42,200.0,0.000
g_pg_z2000,eva028-CoreRiskV1,g_pg_z2000,XAUUSD_HIST,M1,496,496,497,grid,1,grid_buy,grid_tp_baseline_revert,expert,1,2023.01.16 12:11:00,1673871060000,1916.033,2023.01.16 12:13:00,1673871180000,1916.690,0.01,0.000,2116.033,0.66,0.00,0.00,0.66,120,0,0,236.84,0.0124,1.0000,579.0,200000.0,1916.570,1,60.15,200.0,0.000
g_pg_z2000,eva028-CoreRiskV1,g_pg_z2000,XAUUSD_HIST,M1,499,499,500,grid,1,grid_buy,grid_tp_baseline_revert,expert,2,2023.01.16 13:12:00,1673874720000,1912.938,2023.01.16 13:43:00,1673876580000,1914.544,0.01,0.000,2112.938,1.60,0.00,0.00,1.60,1860,0,0,394.14,0.0206,1.0000,1162.0,200000.0,1915.360,1,69.38,200.0,0.000
g_pg_z2000,eva028-CoreRiskV1,g_pg_z2000,XAUUSD_HIST,M1,498,498,501,grid,1,grid_buy,grid_tp_baseline_revert,expert,1,2023.01.16 13:00:00,1673874000000,1915.020,2023.01.16 13:43:00,1673876580000,1914.544,0.01,0.000,2115.020,-0.48,0.00,0.00,-0.48,2580,0,0,292.42,0.0153,1.0000,661.0,200000.0,1915.647,1,57.38,200.0,0.000
g_pg_z2000,eva028-CoreRiskV1,g_pg_z2000,XAUUSD_HIST,M1,502,502,503,grid,-1,grid_sell,grid_tp_baseline_revert,expert,1,2023.01.16 14:09:00,1673878140000,1914.253,2023.01.16 14:33:00,1673879580000,1913.641,0.01,0.000,1714.253,0.61,0.00,0.00,0.61,1440,0,0,372.42,0.0195,1.0000,791.0,200000.0,1913.134,1,85.25,200.0,0.000
g_pg_z2000,eva028-CoreRiskV1,g_pg_z2000,XAUUSD_HIST,M1,505,505,506,grid,-1,grid_sell,grid_tp_baseline_revert,expert,2,2023.01.16 15:02:00,1673881320000,1916.459,2023.01.16 15:20:00,1673882400000,1915.514,0.01,0.000,1716.459,0.95,0.00,0.00,0.95,1080,0,0,352.37,0.0184,1.0000,1059.8,200000.0,1914.741,1,66.78,200.0,0.000
g_pg_z2000,eva028-CoreRiskV1,g_pg_z2000,XAUUSD_HIST,M1,504,504,507,grid,-1,grid_sell,grid_tp_baseline_revert,expert,1,2023.01.16 14:50:00,1673880600000,1915.076,2023.01.16 15:20:00,1673882400000,1915.514,0.01,0.000,1715.076,-0.43,0.00,0.00,-0.43,1800,0,0,256.55,0.0134,1.0000,607.0,200000.0,1914.454,1,67.08,200.0,0.000
g_pg_z2000,eva028-CoreRiskV1,g_pg_z2000,XAUUSD_HIST,M1,508,508,509,grid,1,grid_buy,grid_tp_baseline_revert,expert,1,2023.01.16 16:31:00,1673886660000,1914.792,2023.01.16 16:36:00,1673886960000,1915.179,0.01,0.000,2114.792,0.39,0.00,0.00,0.39,300,1,0,276.76,0.0145,1.0000,637.0,200000.0,1915.243,1,51.48,200.0,0.000
g_pg_z2000,eva028-CoreRiskV1,g_pg_z2000,XAUUSD_HIST,M1,510,510,511,grid,1,grid_buy,grid_tp_baseline_revert,expert,1,2023.01.16 16:40:00,1673887200000,1914.374,2023.01.16 16:48:00,1673887680000,1914.694,0.01,0.000,2114.374,0.32,0.00,0.00,0.32,480,1,0,294.80,0.0154,1.0000,664.0,200000.0,1914.859,1,49.35,200.0,0.000
g_pg_z2000,eva028-CoreRiskV1,g_pg_z2000,XAUUSD_HIST,M1,514,514,515,grid,-1,grid_sell,grid_tp_baseline_revert,expert,3,2023.01.16 23:33:00,1673911980000,1917.089,2023.01.17 00:15:00,1673914500000,1918.604,0.01,0.000,1717.089,-1.51,0.00,0.00,-1.51,2520,1,0,121.60,0.0063,1.0000,938.8,200000.0,1915.910,1,22.65,346.0,0.000
g_pg_z2000,eva028-CoreRiskV1,g_pg_z2000,XAUUSD_HIST,M1,513,513,516,grid,-1,grid_sell,grid_tp_baseline_revert,expert,2,2023.01.16 23:05:00,1673910300000,1916.101,2023.01.17 00:15:00,1673914500000,1918.604,0.01,0.000,1716.101,-2.50,0.00,0.00,-2.50,4200,1,0,277.65,0.0145,1.0000,894.6,200000.0,1914.635,1,12.65,479.0,0.000
g_pg_z2000,eva028-CoreRiskV1,g_pg_z2000,XAUUSD_HIST,M1,512,512,517,grid,-1,grid_sell,grid_tp_baseline_revert,expert,1,2023.01.16 19:21:00,1673896860000,1915.165,2023.01.17 00:15:00,1673914500000,1918.604,0.01,0.000,1715.165,-3.43,0.00,0.00,-3.43,17640,1,0,194.01,0.0101,1.0000,518.0,200000.0,1914.324,1,11.50,705.0,0.000
g_pg_z2000,eva028-CoreRiskV1,g_pg_z2000,XAUUSD_HIST,M1,518,518,519,grid,-1,grid_sell,grid_tp_baseline_revert,expert,1,2023.01.17 00:40:00,1673916000000,1918.358,2023.01.17 00:44:00,1673916240000,1917.824,0.01,0.000,1718.358,0.54,0.00,0.00,0.54,240,1,0,225.82,0.0118,1.0000,564.0,200000.0,1917.790,1,46.42,200.0,0.000
g_pg_z2000,eva028-CoreRiskV1,g_pg_z2000,XAUUSD_HIST,M1,521,521,522,grid,1,grid_buy,grid_tp_baseline_revert,expert,2,2023.01.17 01:35:00,1673919300000,1914.865,2023.01.17 02:11:00,1673921460000,1916.132,0.01,0.000,2114.865,1.26,0.00,0.00,1.26,2160,1,0,323.81,0.0169,1.0000,994.0,200000.0,1917.309,1,69.20,200.0,0.000
g_pg_z2000,eva028-CoreRiskV1,g_pg_z2000,XAUUSD_HIST,M1,520,520,523,grid,1,grid_buy,grid_tp_baseline_revert,expert,1,2023.01.17 01:12:00,1673917920000,1915.778,2023.01.17 02:11:00,1673921460000,1916.132,0.01,0.000,2115.778,0.35,0.00,0.00,0.35,3540,1,0,589.04,0.0308,1.0000,1270.0,200000.0,1917.859,1,48.40,400.0,0.000
g_pg_z2000,eva028-CoreRiskV1,g_pg_z2000,XAUUSD_HIST,M1,526,526,527,grid,1,grid_buy,grid_tp_baseline_revert,expert,3,2023.01.17 03:14:00,1673925240000,1910.093,2023.01.17 03:45:00,1673927100000,1910.699,0.01,0.000,2110.093,0.61,0.00,0.00,0.61,1860,1,0,207.38,0.0109,1.0000,1050.6,200000.0,1912.684,1,62.63,200.0,0.000
g_pg_z2000,eva028-CoreRiskV1,g_pg_z2000,XAUUSD_HIST,M1,525,525,528,grid,1,grid_buy,grid_tp_baseline_revert,expert,2,2023.01.17 02:32:00,1673922720000,1911.095,2023.01.17 03:45:00,1673927100000,1910.699,0.01,0.000,2111.095,-0.40,0.00,0.00,-0.40,4380,1,0,459.14,0.0240,1.0000,1338.4,200000.0,1914.590,1,67.22,400.0,0.000
g_pg_z2000,eva028-CoreRiskV1,g_pg_z2000,XAUUSD_HIST,M1,524,524,529,grid,1,grid_buy,grid_tp_baseline_revert,expert,1,2023.01.17 02:20:00,1673922000000,1913.929,2023.01.17 03:45:00,1673927100000,1910.699,0.01,0.000,2113.929,-3.23,0.00,0.00,-3.23,5100,1,0,380.67,0.0199,1.0000,805.0,200000.0,1914.877,1,68.58,200.0,0.000
g_pg_z2000,eva028-CoreRiskV1,g_pg_z2000,XAUUSD_HIST,M1,530,530,531,grid,1,grid_buy,grid_tp_baseline_revert,expert,1,2023.01.17 04:10:00,1673928600000,1909.453,2023.01.17 04:20:00,1673929200000,1909.818,0.01,0.000,2109.453,0.37,0.00,0.00,0.37,600,1,0,233.09,0.0122,1.0000,573.0,200000.0,1909.645,1,46.45,400.0,0.000
g_pg_z2000,eva028-CoreRiskV1,g_pg_z2000,XAUUSD_HIST,M1,532,532,533,grid,-1,grid_sell,grid_tp_baseline_revert,expert,1,2023.01.17 05:14:00,1673932440000,1912.550,2023.01.17 05:28:00,1673933280000,1912.147,0.01,0.000,1712.550,0.40,0.00,0.00,0.40,840,1,0,176.35,0.0092,1.0000,493.0,200000.0,1912.054,1,35.58,200.0,0.000
g_pg_z2000,eva028-CoreRiskV1,g_pg_z2000,XAUUSD_HIST,M1,535,535,536,grid,1,grid_buy,grid_tp_baseline_revert,expert,2,2023.01.17 05:41:00,1673934060000,1909.386,2023.01.17 05:59:00,1673935140000,1911.232,0.01,0.000,2109.386,1.84,0.00,0.00,1.84,1080,1,0,338.34,0.0177,1.0000,1026.2,200000.0,1911.982,1,45.70,200.0,0.000
g_pg_z2000,eva028-CoreRiskV1,g_pg_z2000,XAUUSD_HIST,M1,534,534,537,grid,1,grid_buy,grid_tp_baseline_revert,expert,1,2023.01.17 05:29:00,1673933340000,1911.787,2023.01.17 05:59:00,1673935140000,1911.232,0.01,0.000,2111.787,-0.56,0.00,0.00,-0.56,1800,1,0,275.64,0.0144,1.0000,635.0,200000.0,1912.268,1,38.05,200.0,0.000
g_pg_z2000,eva028-CoreRiskV1,g_pg_z2000,XAUUSD_HIST,M1,538,538,539,grid,1,grid_buy,grid_tp_baseline_revert,expert,1,2023.01.17 06:21:00,1673936460000,1910.592,2023.01.17 06:40:00,1673937600000,1910.687,0.01,0.000,2110.592,0.10,0.00,0.00,0.10,1140,1,0,295.74,0.0155,1.0000,665.0,200000.0,1911.121,1,55.83,200.0,0.000
g_pg_z2000,eva028-CoreRiskV1,g_pg_z2000,XAUUSD_HIST,M1,541,541,542,grid,1,grid_buy,grid_tp_baseline_revert,expert,2,2023.01.17 06:58:00,1673938680000,1907.835,2023.01.17 07:15:00,1673939700000,1908.910,0.01,0.000,2107.835,1.07,0.00,0.00,1.07,1020,1,0,444.89,0.0233,1.0000,1297.8,200000.0,1909.671,1,61.70,200.0,0.000
g_pg_z2000,eva028-CoreRiskV1,g_pg_z2000,XAUUSD_HIST,M1,540,540,543,grid,1,grid_buy,grid_tp_baseline_revert,expert,1,2023.01.17 06:46:00,1673937960000,1909.317,2023.01.17 07:15:00,1673939700000,1908.910,0.01,0.000,2109.317,-0.41,0.00,0.00,-0.41,1740,1,0,304.64,0.0160,1.0000,679.0,200000.0,1909.958,1,57.50,200.0,0.000
g_pg_z2000,eva028-CoreRiskV1,g_pg_z2000,XAUUSD_HIST,M1,544,544,545,grid,-1,grid_sell,grid_tp_baseline_revert,expert,1,2023.01.17 07:43:00,1673941380000,1910.137,2023.01.17 07:46:00,1673941560000,1909.123,0.01,0.000,1710.137,1.02,0.00,0.00,1.02,180,1,0,367.29,0.0192,1.0000,782.0,200000.0,1909.082,1,77.45,200.0,0.000
g_pg_z2000,eva028-CoreRiskV1,g_pg_z2000,XAUUSD_HIST,M1,546,546,547,grid,-1,grid_sell,grid_tp_baseline_revert,expert,1,2023.01.17 08:06:00,1673942760000,1911.287,2023.01.17 08:22:00,1673943720000,1910.184,0.01,0.000,1711.287,1.11,0.00,0.00,1.11,960,1,0,387.15,0.0203,1.0000,817.0,200000.0,1910.402,1,74.80,200.0,0.000
g_pg_z2000,eva028-CoreRiskV1,g_pg_z2000,XAUUSD_HIST,M1,548,548,549,grid,1,grid_buy,grid_tp_baseline_revert,expert,1,2023.01.17 09:43:00,1673948580000,1906.701,2023.01.17 09:47:00,1673948820000,1907.263,0.01,0.000,2106.701,0.56,0.00,0.00,0.56,240,1,0,318.91,0.0167,1.0000,701.0,200000.0,1907.298,1,68.13,200.0,0.000
g_pg_z2000,eva028-CoreRiskV1,g_pg_z2000,XAUUSD_HIST,M1,550,550,551,grid,-1,grid_sell,grid_tp_baseline_revert,expert,1,2023.01.17 10:02:00,1673949720000,1907.531,2023.01.17 10:06:00,1673949960000,1906.485,0.01,0.000,1707.531,1.04,0.00,0.00,1.04,240,1,0,332.29,0.0174,1.0000,723.0,200000.0,1906.792,1,68.00,200.0,0.000
g_pg_z2000,eva028-CoreRiskV1,g_pg_z2000,XAUUSD_HIST,M1,553,553,554,grid,-1,grid_sell,grid_tp_baseline_revert,expert,2,2023.01.17 11:06:00,1673953560000,1907.145,2023.01.17 11:28:00,1673954880000,1906.508,0.01,0.000,1707.145,0.64,0.00,0.00,0.64,1320,1,0,288.94,0.0152,1.0000,917.0,200000.0,1905.526,1,63.55,200.0,0.000
g_pg_z2000,eva028-CoreRiskV1,g_pg_z2000,XAUUSD_HIST,M1,552,552,555,grid,-1,grid_sell,grid_tp_baseline_revert,expert,1,2023.01.17 10:49:00,1673952540000,1905.958,2023.01.17 11:28:00,1673954880000,1906.508,0.01,0.000,1705.958,-0.55,0.00,0.00,-0.55,2340,1,0,267.71,0.0140,1.0000,623.0,200000.0,1905.121,1,68.08,200.0,0.000
g_pg_z2000,eva028-CoreRiskV1,g_pg_z2000,XAUUSD_HIST,M1,557,557,558,grid,-1,grid_sell,grid_tp_baseline_revert,expert,2,2023.01.17 11:56:00,1673956560000,1911.037,2023.01.17 12:48:00,1673959680000,1909.282,0.01,0.000,1711.037,1.76,0.00,0.00,1.76,3120,1,0,464.75,0.0243,1.0000,1355.2,200000.0,1907.040,1,56.42,400.0,0.000
g_pg_z2000,eva028-CoreRiskV1,g_pg_z2000,XAUUSD_HIST,M1,556,556,559,grid,-1,grid_sell,grid_tp_baseline_revert,expert,1,2023.01.17 11:44:00,1673955840000,1907.472,2023.01.17 12:48:00,1673959680000,1909.282,0.01,0.000,1707.472,-1.81,0.00,0.00,-1.81,3840,1,0,298.64,0.0157,1.0000,670.0,200000.0,1906.753,1,51.48,200.0,0.000
g_pg_z2000,eva028-CoreRiskV1,g_pg_z2000,XAUUSD_HIST,M1,562,562,563,grid,-1,grid_sell,grid_tp_baseline_revert,expert,3,2023.01.17 14:15:00,1673964900000,1915.861,2023.01.17 14:45:00,1673966700000,1911.849,0.01,0.000,1715.861,4.01,0.00,0.00,4.01,1800,1,0,506.73,0.0264,1.0000,2077.6,200000.0,1909.972,1,108.17,200.0,0.000
g_pg_z2000,eva028-CoreRiskV1,g_pg_z2000,XAUUSD_HIST,M1,561,561,564,grid,-1,grid_sell,grid_tp_baseline_revert,expert,2,2023.01.17 13:33:00,1673962380000,1913.177,2023.01.17 14:45:00,1673966700000,1911.849,0.01,0.000,1713.177,1.33,0.00,0.00,1.33,4320,1,0,659.11,0.0345,1.0000,2079.0,200000.0,1908.064,1,106.65,200.0,0.000
g_pg_z2000,eva028-CoreRiskV1,g_pg_z2000,XAUUSD_HIST,M1,560,560,565,grid,-1,grid_sell,grid_tp_baseline_revert,expert,1,2023.01.17 13:21:00,1673961660000,1908.800,2023.01.17 14:45:00,1673966700000,1911.849,0.01,0.000,1708.800,-3.05,0.00,0.00,-3.05,5040,1,0,468.03,0.0245,1.0000,975.0,200000.0,1907.777,1,94.72,200.0,0.000
g_pg_z2000,eva028-CoreRiskV1,g_pg_z2000,XAUUSD_HIST,M1,566,566,567,grid,1,grid_buy,grid_tp_baseline_revert,expert,1,2023.01.17 15:20:00,1673968800000,1910.474,2023.01.17 16:26:00,1673972760000,1911.994,0.01,0.000,2151.574,1.52,0.00,0.00,1.52,3960,0,0,776.87,0.0407,1.2055,2342.3,241100.0,1913.373,1,180.82,200.0,0.000
g_pg_z2000,eva028-CoreRiskV1,g_pg_z2000,XAUUSD_HIST,M1,568,568,569,grid,1,grid_buy,grid_tp_baseline_revert,expert,1,2023.01.17 16:38:00,1673973480000,1910.705,2023.01.17 16:44:00,1673973840000,1912.118,0.01,0.000,2110.705,1.41,0.00,0.00,1.41,360,0,0,485.10,0.0254,1.0000,1012.0,200000.0,1912.081,1,97.92,200.0,0.000
g_pg_z2000,eva028-CoreRiskV1,g_pg_z2000,XAUUSD_HIST,M1,571,571,572,grid,1,grid_buy,grid_tp_baseline_revert,expert,2,2023.01.17 17:40:00,1673977200000,1907.259,2023.01.17 18:10:00,1673979000000,1907.596,0.01,0.000,2107.259,0.34,0.00,0.00,0.34,1800,0,0,313.63,0.0164,1.0000,970.2,200000.0,1908.835,1,76.83,200.0,0.000
g_pg_z2000,eva028-CoreRiskV1,g_pg_z2000,XAUUSD_HIST,M1,570,570,573,grid,1,grid_buy,grid_tp_baseline_revert,expert,1,2023.01.17 17:26:00,1673976360000,1908.209,2023.01.17 18:10:00,1673979000000,1907.596,0.01,0.000,2108.209,-0.61,0.00,0.00,-0.61,2640,0,0,364.88,0.0191,1.0000,777.0,200000.0,1909.169,1,79.60,200.0,0.000
g_pg_z2000,eva028-CoreRiskV1,g_pg_z2000,XAUUSD_HIST,M1,574,574,575,grid,1,grid_buy,grid_tp_baseline_revert,expert,1,2023.01.17 18:15:00,1673979300000,1906.495,2023.01.17 18:19:00,1673979540000,1906.975,0.01,0.000,2106.495,0.48,0.00,0.00,0.48,240,0,0,312.21,0.0164,1.0000,691.0,200000.0,1907.063,1,79.33,200.0,0.000
g_pg_z2000,eva028-CoreRiskV1,g_pg_z2000,XAUUSD_HIST,M1,576,576,577,grid,-1,grid_sell,grid_tp_baseline_revert,expert,1,2023.01.17 18:50:00,1673981400000,1905.838,2023.01.17 19:02:00,1673982120000,1905.268,0.01,0.000,1705.838,0.57,0.00,0.00,0.57,720,0,0,258.30,0.0136,1.0000,609.0,200000.0,1905.221,1,69.90,200.0,0.000
g_pg_z2000,eva028-CoreRiskV1,g_pg_z2000,XAUUSD_HIST,M1,578,578,579,grid,1,grid_buy,grid_tp_baseline_revert,expert,1,2023.01.17 19:16:00,1673982960000,1904.042,2023.01.17 19:20:00,1673983200000,1904.630,0.01,0.000,2104.042,0.59,0.00,0.00,0.59,240,0,0,261.97,0.0138,1.0000,614.0,200000.0,1904.605,1,58.38,200.0,0.000
g_pg_z2000,eva028-CoreRiskV1,g_pg_z2000,XAUUSD_HIST,M1,582,582,583,grid,-1,grid_sell,grid_tp_baseline_revert,expert,3,2023.01.17 20:04:00,1673985840000,1909.082,2023.01.17 20:32:00,1673987520000,1908.100,0.01,0.000,1709.082,0.98,0.00,0.00,0.98,1680,0,0,316.35,0.0166,1.0000,1366.1,200000.0,1906.332,1,62.52,200.0,0.000
g_pg_z2000,eva028-CoreRiskV1,g_pg_z2000,XAUUSD_HIST,M1,581,581,584,grid,-1,grid_sell,grid_tp_baseline_revert,expert,2,2023.01.17 19:36:00,1673984160000,1907.695,2023.01.17 20:32:00,1673987520000,1908.100,0.01,0.000,1707.695,-0.40,0.00,0.00,-0.40,3360,0,0,323.14,0.0169,1.0000,991.2,200000.0,1905.063,1,62.40,200.0,0.000
g_pg_z2000,eva028-CoreRiskV1,g_pg_z2000,XAUUSD_HIST,M1,580,580,585,grid,-1,grid_sell,grid_tp_baseline_revert,expert,1,2023.01.17 19:24:00,1673983440000,1905.546,2023.01.17 20:32:00,1673987520000,1908.100,0.01,0.000,1705.546,-2.55,0.00,0.00,-2.55,4080,0,0,326.30,0.0171,1.0000,713.0,200000.0,1904.777,1,61.85,200.0,0.000
g_pg_z2000,eva028-CoreRiskV1,g_pg_z2000,XAUUSD_HIST,M1,586,586,587,grid,1,grid_buy,grid_tp_baseline_revert,expert,1,2023.01.17 21:40:00,1673991600000,1908.036,2023.01.17 21:46:00,1673991960000,1908.309,0.01,0.000,2108.036,0.27,0.00,0.00,0.27,360,0,0,205.08,0.0107,1.0000,533.0,200000.0,1908.391,1,24.18,200.0,0.000
g_pg_z2000,eva028-CoreRiskV1,g_pg_z2000,XAUUSD_HIST,M1,588,588,589,grid,-1,grid_sell,grid_tp_baseline_revert,expert,1,2023.01.18 01:03:00,1674003780000,1908.417,2023.01.18 01:16:00,1674004560000,1907.626,0.01,0.000,1708.417,0.79,0.00,0.00,0.79,780,1,0,257.30,0.0135,1.0000,608.0,200000.0,1907.452,1,49.10,200.0,0.000
g_pg_z2000,eva028-CoreRiskV1,g_pg_z2000,XAUUSD_HIST,M1,590,590,591,grid,-1,grid_sell,grid_tp_baseline_revert,expert,1,2023.01.18 01:21:00,1674004860000,1908.518,2023.01.18 01:29:00,1674005340000,1907.519,0.01,0.000,1708.518,1.00,0.00,0.00,1.00,480,1,0,270.73,0.0142,1.0000,628.0,200000.0,1907.865,1,57.02,200.0,0.000
g_pg_z2000,eva028-CoreRiskV1,g_pg_z2000,XAUUSD_HIST,M1,592,592,593,grid,-1,grid_sell,grid_tp_baseline_revert,expert,1,2023.01.18 02:01:00,1674007260000,1909.451,2023.01.18 02:28:00,1674008880000,1909.096,0.01,0.000,1709.451,0.35,0.00,0.00,0.35,1620,1,0,347.32,0.0182,1.0000,748.0,200000.0,1908.584,1,60.90,200.0,0.000
g_pg_z2000,eva028-CoreRiskV1,g_pg_z2000,XAUUSD_HIST,M1,596,596,597,grid,1,grid_buy,stage1_daily_loss_stop,expert,3,2023.01.18 03:31:00,1674012660000,1901.759,2023.01.18 05:35:00,1674020100000,1896.980,0.01,0.000,2101.759,-4.78,0.00,0.00,-4.78,7440,1,0,344.98,0.0181,1.0000,1456.3,200000.0,1906.825,1,118.78,200.0,0.000
g_pg_z2000,eva028-CoreRiskV1,g_pg_z2000,XAUUSD_HIST,M1,595,595,598,grid,1,grid_buy,stage1_daily_loss_stop,expert,2,2023.01.18 02:56:00,1674010560000,1903.027,2023.01.18 05:35:00,1674020100000,1896.980,0.01,0.000,2131.060,-6.05,0.00,0.00,-6.05,9540,1,0,848.18,0.0446,1.1402,3677.7,228033.3,1908.407,1,171.03,200.0,0.000
g_pg_z2000,eva028-CoreRiskV1,g_pg_z2000,XAUUSD_HIST,M1,594,594,599,grid,1,grid_buy,stage1_daily_loss_stop,expert,1,2023.01.18 02:30:00,1674009000000,1908.478,2023.01.18 05:35:00,1674020100000,1896.980,0.01,0.000,2108.478,-11.50,0.00,0.00,-11.50,11100,1,0,227.00,0.0119,1.0000,564.0,200000.0,1909.027,1,55.90,200.0,0.000
g_pg_z2000,eva028-CoreRiskV1,g_pg_z2000,XAUUSD_HIST,M1,600,600,601,grid,-1,grid_sell,cutoff_line_stop,expert,1,2023.01.19 00:00:00,1674086400000,1906.848,2023.01.19 00:01:00,1674086460000,1907.259,0.01,0.000,1706.848,-0.41,0.00,0.00,-0.41,60,1,0,250.42,0.0131,1.0000,598.0,200000.0,1899.024,1,39.65,200.0,0.000
g_pg_z2000,eva028-CoreRiskV1,g_pg_z2000,XAUUSD_HIST,M1,604,604,605,grid,-1,grid_sell,grid_tp_baseline_revert,expert,3,2023.01.19 03:04:00,1674097440000,1907.982,2023.01.19 04:40:00,1674103200000,1909.207,0.01,0.000,1707.982,-1.23,0.00,0.00,-1.23,5760,1,0,262.48,0.0138,1.0000,1205.4,200000.0,1903.213,1,62.50,200.0,0.000
g_pg_z2000,eva028-CoreRiskV1,g_pg_z2000,XAUUSD_HIST,M1,603,603,606,grid,-1,grid_sell,grid_tp_baseline_revert,expert,2,2023.01.19 02:36:00,1674095760000,1904.072,2023.01.19 04:40:00,1674103200000,1909.207,0.01,0.000,1704.072,-5.14,0.00,0.00,-5.14,7440,1,0,302.74,0.0159,1.0000,946.4,200000.0,1901.945,1,61.67,200.0,0.000
g_pg_z2000,eva028-CoreRiskV1,g_pg_z2000,XAUUSD_HIST,M1,602,602,607,grid,-1,grid_sell,grid_tp_baseline_revert,expert,1,2023.01.19 02:24:00,1674095040000,1902.357,2023.01.19 04:40:00,1674103200000,1909.207,0.01,0.000,1702.357,-6.85,0.00,0.00,-6.85,8160,1,0,307.34,0.0162,1.0000,683.0,200000.0,1901.660,1,69.95,200.0,0.000
g_pg_z2000,eva028-CoreRiskV1,g_pg_z2000,XAUUSD_HIST,M1,608,608,609,grid,1,grid_buy,grid_tp_baseline_revert,expert,1,2023.01.19 05:40:00,1674106800000,1908.611,2023.01.19 05:48:00,1674107280000,1909.165,0.01,0.000,2108.611,0.56,0.00,0.00,0.56,480,1,0,326.25,0.0171,1.0000,713.0,200000.0,1909.343,1,55.45,200.0,0.000
g_pg_z2000,eva028-CoreRiskV1,g_pg_z2000,XAUUSD_HIST,M1,611,611,612,grid,1,grid_buy,grid_tp_baseline_revert,expert,2,2023.01.19 07:18:00,1674112680000,1908.312,2023.01.19 07:29:00,1674113340000,1909.219,0.01,0.000,2108.312,0.91,0.00,0.00,0.91,660,1,0,274.18,0.0144,1.0000,886.2,200000.0,1909.550,1,64.85,200.0,0.000
g_pg_z2000,eva028-CoreRiskV1,g_pg_z2000,XAUUSD_HIST,M1,610,610,613,grid,1,grid_buy,grid_tp_baseline_revert,expert,1,2023.01.19 06:56:00,1674111360000,1909.318,2023.01.19 07:29:00,1674113340000,1909.219,0.01,0.000,2109.318,-0.10,0.00,0.00,-0.10,1980,1,0,300.70,0.0158,1.0000,673.0,200000.0,1910.075,1,53.55,200.0,0.000
g_pg_z2000,eva028-CoreRiskV1,g_pg_z2000,XAUUSD_HIST,M1,615,615,616,grid,-1,grid_sell,stage1_daily_loss_stop,expert,2,2023.01.19 08:07:00,1674115620000,1912.584,2023.01.19 08:22:00,1674116520000,1915.979,0.01,0.000,1712.584,-3.40,0.00,0.00,-3.40,900,1,0,412.45,0.0216,1.0000,1208.2,200000.0,1910.562,1,83.42,200.0,0.000
g_pg_z2000,eva028-CoreRiskV1,g_pg_z2000,XAUUSD_HIST,M1,614,614,617,grid,-1,grid_sell,stage1_daily_loss_stop,expert,1,2023.01.19 07:49:00,1674114540000,1911.212,2023.01.19 08:22:00,1674116520000,1915.979,0.01,0.000,1711.212,-4.77,0.00,0.00,-4.77,1980,1,0,440.12,0.0230,1.0000,917.0,200000.0,1910.132,1,83.65,200.0,0.000
g_pg_z2000,eva028-CoreRiskV1,g_pg_z2000,XAUUSD_HIST,M1,618,618,619,grid,-1,grid_sell,cutoff_line_stop,expert,1,2023.01.20 00:00:00,1674172800000,1931.683,2023.01.20 00:01:00,1674172860000,1931.708,0.01,0.000,1731.683,-0.03,0.00,0.00,-0.03,60,0,0,183.86,0.0095,1.0000,506.0,200000.0,1911.285,1,34.48,200.0,0.000
g_pg_z2000,eva028-CoreRiskV1,g_pg_z2000,XAUUSD_HIST,M1,620,620,621,grid,-1,grid_sell,grid_tp_baseline_revert,expert,1,2023.01.20 02:01:00,1674180060000,1932.077,2023.01.20 03:47:00,1674186420000,1928.500,0.01,0.000,1732.077,3.58,0.00,0.00,3.58,6360,1,0,291.00,0.0151,1.0000,661.0,200000.0,1926.064,1,80.05,200.0,0.000
g_pg_z2000,eva028-CoreRiskV1,g_pg_z2000,XAUUSD_HIST,M1,623,623,624,grid,1,grid_buy,grid_tp_baseline_revert,expert,2,2023.01.20 04:02:00,1674187320000,1927.308,2023.01.20 04:18:00,1674188280000,1927.382,0.01,0.000,2127.308,0.07,0.00,0.00,0.07,960,1,0,232.62,0.0121,1.0000,803.6,200000.0,1928.107,1,37.83,200.0,0.000
g_pg_z2000,eva028-CoreRiskV1,g_pg_z2000,XAUUSD_HIST,M1,622,622,625,grid,1,grid_buy,grid_tp_baseline_revert,expert,1,2023.01.20 03:50:00,1674186600000,1927.921,2023.01.20 04:18:00,1674188280000,1927.382,0.01,0.000,2127.921,-0.54,0.00,0.00,-0.54,1680,1,0,191.53,0.0099,1.0000,516.0,200000.0,1928.397,1,42.17,200.0,0.000
g_pg_z2000,eva028-CoreRiskV1,g_pg_z2000,XAUUSD_HIST,M1,628,628,629,grid,1,grid_buy,grid_tp_baseline_revert,expert,3,2023.01.20 04:59:00,1674190740000,1924.304,2023.01.20 05:18:00,1674191880000,1924.436,0.01,0.000,2124.304,0.14,0.00,0.00,0.14,1140,1,0,211.35,0.0110,1.0000,1066.2,200000.0,1925.665,1,46.77,200.0,0.000
g_pg_z2000,eva028-CoreRiskV1,g_pg_z2000,XAUUSD_HIST,M1,627,627,630,grid,1,grid_buy,grid_tp_baseline_revert,expert,2,2023.01.20 04:31:00,1674189060000,1925.208,2023.01.20 05:18:00,1674191880000,1924.436,0.01,0.000,2125.208,-0.77,0.00,0.00,-0.77,2820,1,0,399.92,0.0208,1.0000,1177.4,200000.0,1926.945,1,44.67,200.0,0.000
g_pg_z2000,eva028-CoreRiskV1,g_pg_z2000,XAUUSD_HIST,M1,626,626,631,grid,1,grid_buy,grid_tp_baseline_revert,expert,1,2023.01.20 04:19:00,1674188340000,1926.524,2023.01.20 05:18:00,1674191880000,1924.436,0.01,0.000,2126.524,-2.08,0.00,0.00,-2.08,3540,1,0,335.18,0.0174,1.0000,729.0,200000.0,1927.234,1,39.85,200.0,0.000
g_pg_z2000,eva028-CoreRiskV1,g_pg_z2000,XAUUSD_HIST,M1,632,632,633,grid,1,grid_buy,grid_tp_baseline_revert,expert,1,2023.01.20 05:24:00,1674192240000,1923.745,2023.01.20 05:31:00,1674192660000,1924.149,0.01,0.000,2123.745,0.40,0.00,0.00,0.40,420,1,0,266.26,0.0138,1.0000,623.0,200000.0,1924.172,1,46.13,200.0,0.000
g_pg_z2000,eva028-CoreRiskV1,g_pg_z2000,XAUUSD_HIST,M1,636,636,637,grid,-1,grid_sell,grid_tp_baseline_revert,expert,3,2023.01.20 06:28:00,1674196080000,1928.205,2023.01.20 06:42:00,1674196920000,1927.708,0.01,0.000,1728.205,0.50,0.00,0.00,0.50,840,1,0,281.34,0.0146,1.0000,1266.2,200000.0,1926.969,1,57.08,200.0,0.000
g_pg_z2000,eva028-CoreRiskV1,g_pg_z2000,XAUUSD_HIST,M1,635,635,638,grid,-1,grid_sell,grid_tp_baseline_revert,expert,2,2023.01.20 05:50:00,1674193800000,1926.825,2023.01.20 06:42:00,1674196920000,1927.708,0.01,0.000,1726.825,-0.88,0.00,0.00,-0.88,3120,1,0,295.30,0.0153,1.0000,933.8,200000.0,1925.229,1,56.60,200.0,0.000
g_pg_z2000,eva028-CoreRiskV1,g_pg_z2000,XAUUSD_HIST,M1,634,634,639,grid,-1,grid_sell,grid_tp_baseline_revert,expert,1,2023.01.20 05:38:00,1674193080000,1925.705,2023.01.20 06:42:00,1674196920000,1927.708,0.01,0.000,1725.705,-2.00,0.00,0.00,-2.00,3840,1,0,345.38,0.0179,1.0000,746.0,200000.0,1924.940,1,53.92,200.0,0.000
g_pg_z2000,eva028-CoreRiskV1,g_pg_z2000,XAUUSD_HIST,M1,640,640,641,grid,1,grid_buy,grid_tp_baseline_revert,expert,1,2023.01.20 06:44:00,1674197040000,1927.179,2023.01.20 07:04:00,1674198240000,1927.245,0.01,0.000,2127.179,0.07,0.00,0.00,0.07,1200,1,0,261.69,0.0136,1.0000,616.0,200000.0,1927.656,1,51.17,200.0,0.000
g_pg_z2000,eva028-CoreRiskV1,g_pg_z2000,XAUUSD_HIST,M1,643,643,644,grid,-1,grid_sell,stage1_equity_kill,expert,2,2023.01.20 07:23:00,1674199380000,1929.510,2023.01.20 07:50:00,1674201000000,1931.681,0.01,0.000,1729.510,-2.17,0.00,0.00,-2.17,1620,1,0,408.19,0.0212,1.0000,1198.4,200000.0,1928.016,1,62.75,200.0,0.000
g_pg_z2000,eva028-CoreRiskV1,g_pg_z2000,XAUUSD_HIST,M1,642,642,645,grid,-1,grid_sell,stage1_equity_kill,expert,1,2023.01.20 07:08:00,1674198480000,1928.286,2023.01.20 07:50:00,1674201000000,1931.681,0.01,0.000,1728.286,-3.39,0.00,0.00,-3.39,2520,1,0,256.55,0.0133,1.0000,609.0,200000.0,1927.655,1,54.25,200.0,0.000
