run_id,strategy_version,param_set_id,symbol,timeframe,position_id,deal_in,deal_out,order_kind,direction,entry_reason,exit_reason,deal_reason_raw,order_number,entry_time,entry_time_msc,entry_price,exit_time,exit_time_msc,exit_price,volume,sl_price,tp_price,profit,commission,swap,net_pnl,holding_seconds,vol_gate_low,market_state,rv_short_pts,rv_ratio,multiplier_a,grid_dist_pts,tp_dist_pts,baseline_at_entry,risk_level_at_entry,avg_vol_per_min,spread_pts_at_entry,atr_at_entry
t_tp15,eva028-CoreRiskV1,t_tp15,XAUUSD_HIST,M1,2,2,3,trend,1,trend_buy,tp,tp,1,2023.01.04 08:06:00,1672819560000,1859.609,2023.01.04 08:16:40,1672820200000,1862.403,0.01,1852.717,1862.403,2.79,0.00,0.00,2.79,640,0,1,697.97,0.0375,1.0000,0.0,0.0,1858.463,1,120.22,200.0,1.863
t_tp15,eva028-CoreRiskV1,t_tp15,XAUUSD_HIST,M1,4,4,5,trend,1,trend_buy,trend_state_exit,expert,1,2023.01.04 08:17:00,1672820220000,1862.104,2023.01.04 09:10:00,1672823400000,1858.992,0.01,1854.693,1865.108,-3.11,0.00,0.00,-3.11,3180,0,1,617.83,0.0332,1.0000,0.0,0.0,1859.248,1,124.28,760.0,2.003
t_tp15,eva028-CoreRiskV1,t_tp15,XAUUSD_HIST,M1,6,6,7,trend,-1,trend_sell,tp,tp,1,2023.01.05 08:38:00,1672907880000,1846.760,2023.01.05 08:46:40,1672908400000,1844.170,0.01,1853.149,1844.170,2.59,0.00,0.00,2.59,520,0,2,506.58,0.0274,1.0000,0.0,0.0,1846.889,1,123.65,200.0,1.727
t_tp15,eva028-CoreRiskV1,t_tp15,XAUUSD_HIST,M1,8,8,9,trend,-1,trend_sell,trend_state_exit,expert,1,2023.01.05 08:47:00,1672908420000,1843.908,2023.01.05 09:15:00,1672910100000,1847.799,0.01,1850.432,1841.263,-3.89,0.00,0.00,-3.89,1680,0,2,416.90,0.0226,1.0000,0.0,0.0,1845.419,1,107.60,200.0,1.763
t_tp15,eva028-CoreRiskV1,t_tp15,XAUUSD_HIST,M1,10,10,11,trend,-1,trend_sell,tp,tp,1,2023.01.05 13:55:00,1672926900000,1835.113,2023.01.05 14:01:40,1672927300000,1831.551,0.01,1843.900,1831.551,3.56,0.00,0.00,3.56,400,0,2,949.41,0.0517,1.0000,0.0,0.0,1839.394,1,243.82,400.0,2.375
t_tp15,eva028-CoreRiskV1,t_tp15,XAUUSD_HIST,M1,12,12,13,trend,-1,trend_sell,tp,tp,1,2023.01.05 14:02:00,1672927320000,1831.468,2023.01.05 15:33:40,1672932820000,1827.836,0.01,1840.427,1827.836,3.63,0.00,0.00,3.63,5500,0,2,1148.15,0.0627,1.0000,0.0,0.0,1837.027,1,233.43,600.0,2.421
t_tp15,eva028-CoreRiskV1,t_tp15,XAUUSD_HIST,M1,14,14,15,trend,-1,trend_sell,trend_state_exit,expert,1,2023.01.05 15:34:00,1672932840000,1826.971,2023.01.05 16:15:00,1672935300000,1831.045,0.01,1835.797,1823.393,-4.08,0.00,0.00,-4.08,2460,0,2,770.82,0.0422,1.0000,0.0,0.0,1828.689,1,226.15,600.0,2.385
t_tp15,eva028-CoreRiskV1,t_tp15,XAUUSD_HIST,M1,16,16,17,trend,1,trend_buy,trend_state_exit,expert,1,2023.01.06 18:50:00,1673031000000,1868.535,2023.01.06 20:15:00,1673036100000,1868.231,0.01,1864.301,1870.252,-0.31,0.00,0.00,-0.31,5100,0,1,310.64,0.0166,1.0000,0.0,0.0,1866.723,1,78.08,200.0,1.144
t_tp15,eva028-CoreRiskV1,t_tp15,XAUUSD_HIST,M1,18,18,19,trend,1,trend_buy,tp,tp,1,2023.01.13 08:40:00,1673599200000,1906.567,2023.01.13 08:51:40,1673599900000,1909.455,0.01,1899.444,1909.455,2.89,0.00,0.00,2.89,700,0,1,601.73,0.0316,1.0000,0.0,0.0,1906.177,1,127.33,200.0,1.925
t_tp15,eva028-CoreRiskV1,t_tp15,XAUUSD_HIST,M1,20,20,21,trend,1,trend_buy,trend_state_exit,expert,1,2023.01.13 08:52:00,1673599920000,1909.431,2023.01.13 09:25:00,1673601900000,1905.314,0.01,1901.834,1912.511,-4.12,0.00,0.00,-4.12,1980,0,1,485.73,0.0254,1.0000,0.0,0.0,1908.311,1,121.72,200.0,2.053
t_tp15,eva028-CoreRiskV1,t_tp15,XAUUSD_HIST,M1,22,22,23,trend,1,trend_buy,tp,tp,1,2023.01.13 14:45:00,1673621100000,1907.329,2023.01.13 14:50:40,1673621440000,1910.468,0.01,1899.586,1910.468,3.14,0.00,0.00,3.14,340,0,1,641.16,0.0336,1.0000,0.0,0.0,1905.121,1,137.78,200.0,2.093
t_tp15,eva028-CoreRiskV1,t_tp15,XAUUSD_HIST,M1,24,24,25,trend,1,trend_buy,tp,tp,1,2023.01.13 14:51:00,1673621460000,1911.539,2023.01.13 15:45:40,1673624740000,1914.665,0.01,1903.829,1914.665,3.13,0.00,0.00,3.13,3280,0,1,789.48,0.0413,1.0000,0.0,0.0,1906.635,1,149.90,600.0,2.084
t_tp15,eva028-CoreRiskV1,t_tp15,XAUUSD_HIST,M1,26,26,27,trend,1,trend_buy,trend_state_exit,expert,1,2023.01.13 15:46:00,1673624760000,1915.037,2023.01.13 16:15:00,1673626500000,1911.039,0.01,1906.129,1918.648,-4.00,0.00,0.00,-4.00,1740,0,1,545.52,0.0285,1.0000,0.0,0.0,1912.904,1,151.18,400.0,2.407
t_tp15,eva028-CoreRiskV1,t_tp15,XAUUSD_HIST,M1,28,28,29,trend,1,trend_buy,trend_state_exit,expert,1,2023.01.13 18:45:00,1673635500000,1921.826,2023.01.13 20:05:00,1673640300000,1919.609,0.01,1917.227,1923.691,-2.22,0.00,0.00,-2.22,4800,0,1,385.16,0.0200,1.0000,0.0,0.0,1920.517,1,88.22,200.0,1.243
t_tp15,eva028-CoreRiskV1,t_tp15,XAUUSD_HIST,M1,30,30,31,trend,-1,trend_sell,trend_state_exit,expert,1,2023.01.16 06:35:00,1673850900000,1915.030,2023.01.16 07:25:00,1673853900000,1916.772,0.01,1919.470,1913.230,-1.74,0.00,0.00,-1.74,3000,0,2,466.29,0.0243,1.0000,0.0,0.0,1917.405,1,59.00,200.0,1.200
t_tp15,eva028-CoreRiskV1,t_tp15,XAUUSD_HIST,M1,32,32,33,trend,-1,trend_sell,trend_state_exit,expert,1,2023.01.16 08:35:00,1673858100000,1911.559,2023.01.16 09:15:00,1673860500000,1914.076,0.01,1916.403,1909.595,-2.52,0.00,0.00,-2.52,2400,0,2,326.50,0.0171,1.0000,0.0,0.0,1912.746,1,83.53,200.0,1.309
t_tp15,eva028-CoreRiskV1,t_tp15,XAUUSD_HIST,M1,34,34,35,trend,-1,trend_sell,trend_state_exit,expert,1,2023.01.16 13:10:00,1673874600000,1912.726,2023.01.16 13:40:00,1673876400000,1914.048,0.01,1917.016,1910.987,-1.32,0.00,0.00,-1.32,1800,0,2,408.72,0.0214,1.0000,0.0,0.0,1913.894,1,67.35,200.0,1.160
t_tp15,eva028-CoreRiskV1,t_tp15,XAUUSD_HIST,M1,36,36,37,trend,-1,trend_sell,trend_state_exit,expert,1,2023.01.17 17:50:00,1673977800000,1905.828,2023.01.17 19:30:00,1673983800000,1906.156,0.01,1911.046,1903.713,-0.33,0.00,0.00,-0.33,6000,0,2,426.99,0.0224,1.0000,0.0,0.0,1906.192,1,78.85,200.0,1.410
t_tp15,eva028-CoreRiskV1,t_tp15,XAUUSD_HIST,M1,38,38,39,trend,-1,trend_sell,tp,tp,1,2023.01.18 16:30:00,1674059400000,1909.155,2023.01.18 17:04:40,1674061480000,1905.808,0.01,1917.411,1905.808,3.35,0.00,0.00,3.35,2080,0,2,475.13,0.0249,1.0000,0.0,0.0,1910.606,1,139.47,200.0,2.231
t_tp15,eva028-CoreRiskV1,t_tp15,XAUUSD_HIST,M1,40,40,41,trend,-1,trend_sell,tp,tp,1,2023.01.18 17:05:00,1674061500000,1905.163,2023.01.18 17:34:40,1674063280000,1902.021,0.01,1912.913,1902.021,3.14,0.00,0.00,3.14,1780,0,2,518.20,0.0272,1.0000,0.0,0.0,1907.903,1,133.90,200.0,2.094
t_tp15,eva028-CoreRiskV1,t_tp15,XAUUSD_HIST,M1,42,42,43,trend,-1,trend_sell,trend_state_exit,expert,1,2023.01.18 17:35:00,1674063300000,1901.828,2023.01.18 18:20:00,1674066000000,1905.500,0.01,1909.355,1898.776,-3.67,0.00,0.00,-3.67,2700,0,2,378.11,0.0199,1.0000,0.0,0.0,1902.733,1,129.38,200.0,2.034
t_tp15,eva028-CoreRiskV1,t_tp15,XAUUSD_HIST,M1,44,44,45,trend,1,trend_buy,tp,tp,1,2023.01.19 14:25:00,1674138300000,1917.466,2023.01.19 15:18:20,1674141500000,1920.845,0.01,1909.131,1920.845,3.38,0.00,0.00,3.38,3200,0,1,700.90,0.0366,1.0000,0.0,0.0,1916.370,1,152.72,200.0,2.253
t_tp15,eva028-CoreRiskV1,t_tp15,XAUUSD_HIST,M1,46,46,47,trend,1,trend_buy,trend_state_exit,expert,1,2023.01.19 15:19:00,1674141540000,1920.283,2023.01.19 15:50:00,1674143400000,1919.181,0.01,1912.928,1923.265,-1.10,0.00,0.00,-1.10,1860,0,1,403.02,0.0210,1.0000,0.0,0.0,1920.086,1,164.10,200.0,1.988
t_tp15,eva028-CoreRiskV1,t_tp15,XAUUSD_HIST,M1,48,48,49,trend,1,trend_buy,tp,tp,1,2023.01.19 19:30:00,1674156600000,1928.602,2023.01.19 19:46:40,1674157600000,1930.891,0.01,1922.957,1930.891,2.29,0.00,0.00,2.29,1000,0,1,963.07,0.0499,1.0000,0.0,0.0,1926.315,1,93.55,200.0,1.526
t_tp15,eva028-CoreRiskV1,t_tp15,XAUUSD_HIST,M1,50,50,51,trend,1,trend_buy,tp,tp,1,2023.01.19 19:47:00,1674157620000,1931.069,2023.01.19 20:11:40,1674159100000,1933.251,0.01,1925.687,1933.251,2.18,0.00,0.00,2.18,1480,0,1,430.86,0.0223,1.0000,0.0,0.0,1930.002,1,109.05,200.0,1.455
t_tp15,eva028-CoreRiskV1,t_tp15,XAUUSD_HIST,M1,52,52,53,trend,1,trend_buy,trend_state_exit,expert,1,2023.01.19 20:12:00,1674159120000,1933.946,2023.01.19 21:45:00,1674164700000,1931.806,0.01,1928.477,1936.163,-2.14,0.00,0.00,-2.14,5580,0,1,453.67,0.0235,1.0000,0.0,0.0,1931.234,1,89.30,200.0,1.478
t_tp15,eva028-CoreRiskV1,t_tp15,XAUUSD_HIST,M1,54,54,55,trend,1,trend_buy,trend_state_exit,expert,1,2023.01.23 18:20:00,1674498000000,1927.812,2023.01.23 19:45:00,1674503100000,1927.225,0.01,1922.868,1929.816,-0.58,0.00,0.00,-0.58,5100,0,1,351.81,0.0183,1.0000,0.0,0.0,1926.121,1,79.88,200.0,1.336
t_tp15,eva028-CoreRiskV1,t_tp15,XAUUSD_HIST,M1,56,56,57,trend,1,trend_buy,trend_state_exit,expert,1,2023.01.23 20:45:00,1674506700000,1931.578,2023.01.24 00:00:00,1674518400000,1931.313,0.01,1927.610,1933.187,-0.27,0.00,0.00,-0.27,11700,0,1,411.42,0.0213,1.0000,0.0,0.0,1930.226,1,65.58,200.0,1.073
t_tp15,eva028-CoreRiskV1,t_tp15,XAUUSD_HIST,M1,58,58,59,trend,1,trend_buy,tp,tp,1,2023.01.25 14:50:00,1674658200000,1932.486,2023.01.25 15:05:40,1674659140000,1935.526,0.01,1924.987,1935.526,3.04,0.00,0.00,3.04,940,0,1,582.01,0.0301,1.0000,0.0,0.0,1931.527,1,151.57,200.0,2.027
t_tp15,eva028-CoreRiskV1,t_tp15,XAUUSD_HIST,M1,60,60,61,trend,1,trend_buy,sl,sl,1,2023.01.25 15:06:00,1674659160000,1935.842,2023.01.25 15:24:40,1674660280000,1930.837,0.01,1928.255,1938.918,-5.00,0.00,0.00,-5.00,1120,0,1,989.05,0.0511,1.0000,0.0,0.0,1931.814,1,182.65,400.0,2.050
t_tp15,eva028-CoreRiskV1,t_tp15,XAUUSD_HIST,M1,62,62,63,trend,1,trend_buy,trend_state_exit,expert,1,2023.01.25 15:25:00,1674660300000,1930.739,2023.01.25 15:35:00,1674660900000,1930.460,0.01,1921.859,1934.339,-0.28,0.00,0.00,-0.28,600,0,1,697.42,0.0361,1.0000,0.0,0.0,1932.590,1,216.13,200.0,2.400
t_tp15,eva028-CoreRiskV1,t_tp15,XAUUSD_HIST,M1,64,64,65,trend,1,trend_buy,tp,tp,1,2023.02.01 20:31:00,1675283460000,1947.977,2023.02.01 21:00:20,1675285220000,1954.014,0.01,1933.086,1954.014,6.03,0.00,0.00,6.03,1760,0,1,869.31,0.0446,1.0000,0.0,0.0,1944.926,1,367.82,200.0,4.025
t_tp15,eva028-CoreRiskV1,t_tp15,XAUUSD_HIST,M1,66,66,67,trend,1,trend_buy,trend_state_exit,expert,1,2023.02.01 21:01:00,1675285260000,1953.442,2023.02.02 00:20:00,1675297200000,1952.010,0.01,1938.649,1959.439,-1.43,0.00,0.00,-1.43,11940,0,1,902.19,0.0462,1.0000,0.0,0.0,1952.155,1,218.50,200.0,3.998
t_tp15,eva028-CoreRiskV1,t_tp15,XAUUSD_HIST,M1,68,68,69,trend,-1,trend_sell,tp,tp,1,2023.02.02 14:00:00,1675346400000,1944.225,2023.02.02 14:40:40,1675348840000,1940.807,0.01,1952.657,1940.807,3.42,0.00,0.00,3.42,2440,0,2,1267.97,0.0652,1.0000,0.0,0.0,1945.635,1,230.78,200.0,2.279
t_tp15,eva028-CoreRiskV1,t_tp15,XAUUSD_HIST,M1,70,70,71,trend,-1,trend_sell,tp,tp,1,2023.02.02 14:41:00,1675348860000,1940.234,2023.02.02 14:46:40,1675349200000,1935.928,0.01,1950.855,1935.928,4.30,0.00,0.00,4.30,340,0,2,689.69,0.0355,1.0000,0.0,0.0,1943.741,1,223.78,200.0,2.871
t_tp15,eva028-CoreRiskV1,t_tp15,XAUUSD_HIST,M1,72,72,73,trend,-1,trend_sell,tp,tp,1,2023.02.02 14:47:00,1675349220000,1934.184,2023.02.02 14:51:40,1675349500000,1929.823,0.01,1944.942,1929.823,4.36,0.00,0.00,4.36,280,0,2,1057.93,0.0547,1.0000,0.0,0.0,1942.098,1,229.47,200.0,2.908
t_tp15,eva028-CoreRiskV1,t_tp15,XAUUSD_HIST,M1,74,74,75,trend,-1,trend_sell,tp,tp,1,2023.02.02 14:52:00,1675349520000,1930.788,2023.02.02 14:56:40,1675349800000,1926.184,0.01,1942.145,1926.184,4.61,0.00,0.00,4.61,280,0,2,1311.89,0.0679,1.0000,0.0,0.0,1940.129,1,260.27,200.0,3.070
t_tp15,eva028-CoreRiskV1,t_tp15,XAUUSD_HIST,M1,76,76,77,trend,-1,trend_sell,tp,tp,1,2023.02.02 14:57:00,1675349820000,1924.723,2023.02.02 15:09:40,1675350580000,1919.777,0.01,1936.924,1919.777,4.94,0.00,0.00,4.94,760,0,2,1512.02,0.0786,1.0000,0.0,0.0,1937.929,1,298.60,200.0,3.298
t_tp15,eva028-CoreRiskV1,t_tp15,XAUUSD_HIST,M1,78,78,79,trend,-1,trend_sell,tp,tp,1,2023.02.02 15:34:00,1675352040000,1926.007,2023.02.02 16:25:20,1675355120000,1920.413,0.01,1939.806,1920.413,5.60,0.00,0.00,5.60,3080,0,2,779.37,0.0405,1.0000,0.0,0.0,1925.551,1,375.13,200.0,3.730
t_tp15,eva028-CoreRiskV1,t_tp15,XAUUSD_HIST,M1,80,80,81,trend,-1,trend_sell,tp,tp,1,2023.02.02 16:26:00,1675355160000,1920.522,2023.02.02 16:50:40,1675356640000,1916.094,0.01,1931.445,1916.094,4.43,0.00,0.00,4.43,1480,0,2,644.16,0.0335,1.0000,0.0,0.0,1920.664,1,152.32,200.0,2.952
t_tp15,eva028-CoreRiskV1,t_tp15,XAUUSD_HIST,M1,82,82,83,trend,-1,trend_sell,tp,tp,1,2023.02.02 16:51:00,1675356660000,1915.899,2023.02.02 17:56:40,1675360600000,1912.349,0.01,1924.657,1912.349,3.55,0.00,0.00,3.55,3940,0,2,776.13,0.0405,1.0000,0.0,0.0,1917.230,1,142.63,200.0,2.367
t_tp15,eva028-CoreRiskV1,t_tp15,XAUUSD_HIST,M1,84,84,85,trend,-1,trend_sell,trend_state_exit,expert,1,2023.02.02 17:57:00,1675360620000,1912.026,2023.02.02 18:20:00,1675362000000,1915.562,0.01,1919.594,1908.958,-3.53,0.00,0.00,-3.53,1380,0,2,307.18,0.0161,1.0000,0.0,0.0,1913.735,1,110.67,200.0,2.045
t_tp15,eva028-CoreRiskV1,t_tp15,XAUUSD_HIST,M1,86,86,87,trend,-1,trend_sell,tp,tp,1,2023.02.03 13:40:00,1675431600000,1892.443,2023.02.03 13:41:40,1675431700000,1888.444,0.01,1902.308,1888.444,4.00,0.00,0.00,4.00,100,0,2,3485.84,0.1842,1.0000,0.0,0.0,1905.366,1,296.02,800.0,2.666
t_tp15,eva028-CoreRiskV1,t_tp15,XAUUSD_HIST,M1,88,88,89,trend,-1,trend_sell,tp,tp,1,2023.02.03 13:42:00,1675431720000,1888.567,2023.02.03 13:48:40,1675432120000,1884.568,0.01,1898.432,1884.568,4.00,0.00,0.00,4.00,400,0,2,3546.64,0.1878,1.0000,0.0,0.0,1903.514,1,334.98,560.0,2.666
t_tp15,eva028-CoreRiskV1,t_tp15,XAUUSD_HIST,M1,90,90,91,trend,-1,trend_sell,tp,tp,1,2023.02.03 14:46:00,1675435560000,1883.394,2023.02.03 15:02:40,1675436560000,1874.994,0.01,1904.114,1874.994,8.40,0.00,0.00,8.40,1000,0,2,1341.30,0.0712,1.0000,0.0,0.0,1883.954,1,377.57,200.0,5.600
t_tp15,eva028-CoreRiskV1,t_tp15,XAUUSD_HIST,M1,92,92,93,trend,-1,trend_sell,tp,tp,1,2023.02.03 15:03:00,1675436580000,1875.845,2023.02.03 16:17:40,1675441060000,1868.690,0.01,1893.494,1868.690,7.16,0.00,0.00,7.16,4480,0,2,1829.05,0.0975,1.0000,0.0,0.0,1880.479,1,323.13,200.0,4.770
t_tp15,eva028-CoreRiskV1,t_tp15,XAUUSD_HIST,M1,94,94,95,trend,-1,trend_sell,tp,tp,1,2023.02.03 16:18:00,1675441080000,1867.951,2023.02.03 18:14:40,1675448080000,1862.338,0.01,1881.797,1862.338,5.61,0.00,0.00,5.61,7000,0,2,631.60,0.0338,1.0000,0.0,0.0,1870.774,1,210.05,200.0,3.742
t_tp15,eva028-CoreRiskV1,t_tp15,XAUUSD_HIST,M1,96,96,97,trend,-1,trend_sell,trend_state_exit,expert,1,2023.02.03 18:15:00,1675448100000,1861.839,2023.02.03 18:40:00,1675449600000,1864.520,0.01,1867.974,1859.352,-2.68,0.00,0.00,-2.68,1500,0,2,488.87,0.0263,1.0000,0.0,0.0,1863.057,1,106.92,2.0,1.658
t_tp15,eva028-CoreRiskV1,t_tp15,XAUUSD_HIST,M1,98,98,99,trend,-1,trend_sell,tp,tp,1,2023.02.06 15:35:00,1675697700000,1867.133,2023.02.06 15:50:20,1675698620000,1863.388,0.01,1876.371,1863.388,3.74,0.00,0.00,3.74,920,0,2,828.79,0.0444,1.0000,0.0,0.0,1867.463,1,140.72,200.0,2.497
t_tp15,eva028-CoreRiskV1,t_tp15,XAUUSD_HIST,M1,100,100,101,trend,-1,trend_sell,trend_state_exit,expert,1,2023.02.06 15:51:00,1675698660000,1864.197,2023.02.06 16:25:00,1675700700000,1869.195,0.01,1873.605,1860.383,-5.00,0.00,0.00,-5.00,2040,0,2,723.03,0.0388,1.0000,0.0,0.0,1865.004,1,142.60,200.0,2.543
t_tp15,eva028-CoreRiskV1,t_tp15,XAUUSD_HIST,M1,102,102,103,trend,1,trend_buy,tp,tp,1,2023.02.07 15:55:00,1675785300000,1876.795,2023.02.07 16:01:40,1675785700000,1879.876,0.01,1869.196,1879.876,3.08,0.00,0.00,3.08,400,0,1,700.69,0.0373,1.0000,0.0,0.0,1874.689,1,128.47,200.0,2.054
t_tp15,eva028-CoreRiskV1,t_tp15,XAUUSD_HIST,M1,104,104,105,trend,1,trend_buy,trend_state_exit,expert,1,2023.02.07 16:02:00,1675785720000,1879.751,2023.02.07 16:55:00,1675788900000,1875.381,0.01,1872.060,1882.869,-4.37,0.00,0.00,-4.37,3180,0,1,889.50,0.0473,1.0000,0.0,0.0,1876.656,1,141.10,200.0,2.079
t_tp15,eva028-CoreRiskV1,t_tp15,XAUUSD_HIST,M1,106,106,107,trend,1,trend_buy,trend_state_exit,expert,1,2023.02.09 14:15:00,1675952100000,1886.395,2023.02.09 14:35:00,1675953300000,1883.405,0.01,1879.419,1889.223,-2.99,0.00,0.00,-2.99,1200,0,1,614.97,0.0326,1.0000,0.0,0.0,1886.919,1,151.45,200.0,1.885
t_tp15,eva028-CoreRiskV1,t_tp15,XAUUSD_HIST,M1,108,108,109,trend,-1,trend_sell,tp,tp,1,2023.02.09 15:25:00,1675956300000,1877.620,2023.02.09 15:30:20,1675956620000,1874.401,0.01,1885.561,1874.401,3.22,0.00,0.00,3.22,320,0,2,502.57,0.0268,1.0000,0.0,0.0,1878.922,1,149.78,200.0,2.146
t_tp15,eva028-CoreRiskV1,t_tp15,XAUUSD_HIST,M1,110,110,111,trend,-1,trend_sell,tp,tp,1,2023.02.09 15:31:00,1675956660000,1874.629,2023.02.09 16:02:40,1675958560000,1871.277,0.01,1882.898,1871.277,3.35,0.00,0.00,3.35,1900,0,2,611.40,0.0326,1.0000,0.0,0.0,1877.648,1,153.72,400.0,2.235
t_tp15,eva028-CoreRiskV1,t_tp15,XAUUSD_HIST,M1,112,112,113,trend,-1,trend_sell,tp,tp,1,2023.02.09 16:03:00,1675958580000,1869.594,2023.02.09 16:07:40,1675958860000,1866.211,0.01,1877.938,1866.211,3.38,0.00,0.00,3.38,280,0,2,971.62,0.0520,1.0000,0.0,0.0,1873.861,1,145.45,600.0,2.255
t_tp15,eva028-CoreRiskV1,t_tp15,XAUUSD_HIST,M1,114,114,115,trend,-1,trend_sell,trend_state_exit,expert,1,2023.02.09 16:08:00,1675958880000,1866.968,2023.02.09 17:00:00,1675962000000,1874.267,0.01,1876.240,1863.209,-7.30,0.00,0.00,-7.30,3120,0,2,1180.49,0.0632,1.0000,0.0,0.0,1871.944,1,163.00,400.0,2.506
t_tp15,eva028-CoreRiskV1,t_tp15,XAUUSD_HIST,M1,116,116,117,trend,1,trend_buy,tp,tp,1,2023.02.10 07:50:00,1676015400000,1865.228,2023.02.10 08:00:40,1676016040000,1867.931,0.01,1858.560,1867.931,2.70,0.00,0.00,2.70,640,0,1,597.39,0.0320,1.0000,0.0,0.0,1863.936,1,163.85,200.0,1.802
t_tp15,eva028-CoreRiskV1,t_tp15,XAUUSD_HIST,M1,118,118,119,trend,1,trend_buy,tp,tp,1,2023.02.10 08:01:00,1676016060000,1867.998,2023.02.10 08:06:40,1676016400000,1870.784,0.01,1861.126,1870.784,2.78,0.00,0.00,2.78,340,0,1,812.60,0.0435,1.0000,0.0,0.0,1865.274,1,146.43,200.0,1.857
t_tp15,eva028-CoreRiskV1,t_tp15,XAUUSD_HIST,M1,120,120,121,trend,1,trend_buy,trend_state_exit,expert,1,2023.02.10 08:07:00,1676016420000,1871.239,2023.02.10 09:15:00,1676020500000,1867.404,0.01,1863.934,1874.200,-3.84,0.00,0.00,-3.84,4080,0,1,817.88,0.0437,1.0000,0.0,0.0,1866.882,1,157.95,600.0,1.974
t_tp15,eva028-CoreRiskV1,t_tp15,XAUUSD_HIST,M1,122,122,123,trend,1,trend_buy,trend_state_exit,expert,1,2023.02.10 13:55:00,1676037300000,1867.445,2023.02.10 14:35:00,1676039700000,1865.630,0.01,1861.029,1870.046,-1.82,0.00,0.00,-1.82,2400,0,1,742.23,0.0398,1.0000,0.0,0.0,1865.561,1,127.88,200.0,1.734
t_tp15,eva028-CoreRiskV1,t_tp15,XAUUSD_HIST,M1,124,124,125,trend,-1,trend_sell,trend_state_exit,expert,1,2023.02.15 08:53:00,1676451180000,1834.156,2023.02.15 09:10:00,1676452200000,1837.167,0.01,1842.967,1830.584,-3.01,0.00,0.00,-3.01,1020,0,2,560.98,0.0306,1.0000,0.0,0.0,1834.422,1,125.03,200.0,2.381
t_tp15,eva028-CoreRiskV1,t_tp15,XAUUSD_HIST,M1,126,126,127,trend,-1,trend_sell,tp,tp,1,2023.02.17 01:55:00,1676598900000,1829.468,2023.02.17 02:01:40,1676599300000,1827.723,0.01,1833.773,1827.723,1.75,0.00,0.00,1.75,400,0,2,408.15,0.0223,1.0000,0.0,0.0,1830.371,1,63.88,200.0,1.164
t_tp15,eva028-CoreRiskV1,t_tp15,XAUUSD_HIST,M1,128,128,129,trend,-1,trend_sell,sl,sl,1,2023.02.17 02:02:00,1676599320000,1826.513,2023.02.17 02:17:40,1676600260000,1829.888,0.01,1830.546,1824.878,-3.38,0.00,0.00,-3.38,940,0,2,520.43,0.0285,1.0000,0.0,0.0,1829.208,1,72.58,840.0,1.090
t_tp15,eva028-CoreRiskV1,t_tp15,XAUUSD_HIST,M1,130,130,131,trend,-1,trend_sell,trend_state_exit,expert,1,2023.02.17 02:18:00,1676600280000,1829.826,2023.02.17 02:50:00,1676602200000,1830.197,0.01,1834.739,1827.834,-0.37,0.00,0.00,-0.37,1920,0,2,372.10,0.0203,1.0000,0.0,0.0,1829.540,1,79.72,200.0,1.328
t_tp15,eva028-CoreRiskV1,t_tp15,XAUUSD_HIST,M1,132,132,133,trend,1,trend_buy,tp,tp,1,2023.02.17 15:10:00,1676646600000,1832.822,2023.02.17 15:20:20,1676647220000,1836.212,0.01,1824.459,1836.212,3.39,0.00,0.00,3.39,620,0,1,893.83,0.0488,1.0000,0.0,0.0,1828.994,1,174.88,200.0,2.260
t_tp15,eva028-CoreRiskV1,t_tp15,XAUUSD_HIST,M1,134,134,135,trend,1,trend_buy,tp,tp,1,2023.02.17 15:21:00,1676647260000,1835.742,2023.02.17 15:36:40,1676648200000,1839.224,0.01,1827.152,1839.224,3.48,0.00,0.00,3.48,940,0,1,767.21,0.0418,1.0000,0.0,0.0,1832.365,1,197.57,200.0,2.322
t_tp15,eva028-CoreRiskV1,t_tp15,XAUUSD_HIST,M1,136,136,137,trend,1,trend_buy,trend_state_exit,expert,1,2023.02.17 15:37:00,1676648220000,1840.981,2023.02.17 18:30:00,1676658600000,1840.305,0.01,1831.775,1844.713,-0.67,0.00,0.00,-0.67,10380,0,1,804.19,0.0437,1.0000,0.0,0.0,1835.823,1,213.25,600.0,2.488
t_tp15,eva028-CoreRiskV1,t_tp15,XAUUSD_HIST,M1,138,138,139,trend,-1,trend_sell,tp,tp,1,2023.02.21 08:01:00,1676966460000,1834.307,2023.02.21 08:17:40,1676967460000,1832.273,0.01,1839.324,1832.273,2.04,0.00,0.00,2.04,1000,0,2,444.92,0.0243,1.0000,0.0,0.0,1834.677,1,90.97,200.0,1.356
t_tp15,eva028-CoreRiskV1,t_tp15,XAUUSD_HIST,M1,140,140,141,trend,-1,trend_sell,trend_state_exit,expert,1,2023.02.21 08:18:00,1676967480000,1832.621,2023.02.21 09:00:00,1676970000000,1834.957,0.01,1838.111,1830.395,-2.34,0.00,0.00,-2.34,2520,0,2,372.05,0.0203,1.0000,0.0,0.0,1832.665,1,90.58,200.0,1.484
t_tp15,eva028-CoreRiskV1,t_tp15,XAUUSD_HIST,M1,142,142,143,trend,1,trend_buy,sl,sl,1,2023.02.21 14:35:00,1676990100000,1843.028,2023.02.21 14:45:40,1676990740000,1838.695,0.01,1837.453,1845.288,-4.33,0.00,0.00,-4.33,640,0,1,514.10,0.0279,1.0000,0.0,0.0,1841.188,1,112.97,200.0,1.507
t_tp15,eva028-CoreRiskV1,t_tp15,XAUUSD_HIST,M1,144,144,145,trend,1,trend_buy,trend_state_exit,expert,1,2023.02.21 14:46:00,1676990760000,1841.214,2023.02.21 14:50:00,1676991000000,1835.957,0.01,1835.215,1843.646,-5.25,0.00,0.00,-5.25,240,0,1,904.43,0.0491,1.0000,0.0,0.0,1841.783,1,134.07,800.0,1.621
t_tp15,eva028-CoreRiskV1,t_tp15,XAUUSD_HIST,M1,146,146,147,trend,-1,trend_sell,trend_state_exit,expert,1,2023.02.22 20:05:00,1677096300000,1823.933,2023.02.22 21:10:00,1677100200000,1825.788,0.01,1833.233,1820.163,-1.86,0.00,0.00,-1.86,3900,0,2,574.72,0.0315,1.0000,0.0,0.0,1824.781,1,124.60,200.0,2.513
t_tp15,eva028-CoreRiskV1,t_tp15,XAUUSD_HIST,M1,148,148,149,trend,1,trend_buy,trend_state_exit,expert,1,2023.02.28 17:15:00,1677604500000,1829.080,2023.02.28 17:40:00,1677606000000,1828.015,0.01,1823.744,1831.243,-1.06,0.00,0.00,-1.06,1500,0,1,383.09,0.0209,1.0000,0.0,0.0,1828.846,1,80.75,200.0,1.442
t_tp15,eva028-CoreRiskV1,t_tp15,XAUUSD_HIST,M1,150,150,151,trend,1,trend_buy,tp,tp,1,2023.03.03 19:00:00,1677870000000,1850.290,2023.03.03 19:31:40,1677871900000,1851.719,0.01,1846.765,1851.719,1.43,0.00,0.00,1.43,1900,0,1,384.66,0.0208,1.0000,0.0,0.0,1849.506,1,60.77,200.0,0.953
t_tp15,eva028-CoreRiskV1,t_tp15,XAUUSD_HIST,M1,152,152,153,trend,1,trend_buy,tp,tp,1,2023.03.03 19:32:00,1677871920000,1852.272,2023.03.03 20:02:40,1677873760000,1853.685,0.01,1848.786,1853.685,1.42,0.00,0.00,1.42,1840,0,1,371.25,0.0200,1.0000,0.0,0.0,1850.497,1,58.15,200.0,0.942
t_tp15,eva028-CoreRiskV1,t_tp15,XAUUSD_HIST,M1,154,154,155,trend,1,trend_buy,tp,tp,1,2023.03.03 20:03:00,1677873780000,1853.884,2023.03.03 20:12:40,1677874360000,1855.312,0.01,1850.362,1855.312,1.43,0.00,0.00,1.43,580,0,1,291.78,0.0157,1.0000,0.0,0.0,1853.294,1,67.78,200.0,0.952
t_tp15,eva028-CoreRiskV1,t_tp15,XAUUSD_HIST,M1,156,156,157,trend,1,trend_buy,trend_state_exit,expert,1,2023.03.03 20:13:00,1677874380000,1856.340,2023.03.03 21:15:00,1677878100000,1854.347,0.01,1852.394,1857.940,-1.99,0.00,0.00,-1.99,3720,0,1,466.11,0.0251,1.0000,0.0,0.0,1854.861,1,70.63,200.0,1.066
t_tp15,eva028-CoreRiskV1,t_tp15,XAUUSD_HIST,M1,158,158,159,trend,-1,trend_sell,tp,tp,1,2023.03.07 14:56:00,1678200960000,1831.738,2023.03.07 15:00:40,1678201240000,1828.956,0.01,1838.601,1828.956,2.78,0.00,0.00,2.78,280,0,2,463.40,0.0253,1.0000,0.0,0.0,1831.582,1,138.03,200.0,1.855
t_tp15,eva028-CoreRiskV1,t_tp15,XAUUSD_HIST,M1,160,160,161,trend,-1,trend_sell,tp,tp,1,2023.03.07 15:01:00,1678201260000,1829.001,2023.03.07 15:03:40,1678201420000,1826.271,0.01,1835.736,1826.271,2.73,0.00,0.00,2.73,160,0,2,837.60,0.0458,1.0000,0.0,0.0,1831.300,1,153.97,760.0,1.820
t_tp15,eva028-CoreRiskV1,t_tp15,XAUUSD_HIST,M1,162,162,163,trend,-1,trend_sell,tp,tp,1,2023.03.07 15:04:00,1678201440000,1824.787,2023.03.07 15:10:40,1678201840000,1822.057,0.01,1831.522,1822.057,2.73,0.00,0.00,2.73,400,0,2,1034.29,0.0567,1.0000,0.0,0.0,1830.288,1,193.95,720.0,1.820
t_tp15,eva028-CoreRiskV1,t_tp15,XAUUSD_HIST,M1,164,164,165,trend,-1,trend_sell,tp,tp,1,2023.03.07 15:11:00,1678201860000,1821.267,2023.03.07 15:51:40,1678204300000,1817.874,0.01,1829.637,1817.874,3.40,0.00,0.00,3.40,2440,0,2,1532.18,0.0841,1.0000,0.0,0.0,1827.535,1,249.72,880.0,2.262
t_tp15,eva028-CoreRiskV1,t_tp15,XAUUSD_HIST,M1,166,166,167,trend,-1,trend_sell,trend_state_exit,expert,1,2023.03.07 15:52:00,1678204320000,1817.052,2023.03.07 17:05:00,1678208700000,1820.972,0.01,1828.203,1812.531,-3.92,0.00,0.00,-3.92,4380,0,2,1108.90,0.0610,1.0000,0.0,0.0,1820.770,1,285.70,720.0,3.014
t_tp15,eva028-CoreRiskV1,t_tp15,XAUUSD_HIST,M1,168,168,169,trend,1,trend_buy,tp,tp,1,2023.03.09 14:53:00,1678373580000,1830.411,2023.03.09 15:06:40,1678374400000,1833.878,0.01,1821.859,1833.878,3.47,0.00,0.00,3.47,820,0,1,735.52,0.0402,1.0000,0.0,0.0,1830.559,1,150.70,200.0,2.311
t_tp15,eva028-CoreRiskV1,t_tp15,XAUUSD_HIST,M1,170,170,171,trend,1,trend_buy,trend_state_exit,expert,1,2023.03.09 15:07:00,1678374420000,1834.339,2023.03.09 15:55:00,1678377300000,1830.184,0.01,1826.283,1837.605,-4.16,0.00,0.00,-4.16,2880,0,1,617.12,0.0336,1.0000,0.0,0.0,1832.237,1,161.82,400.0,2.177
t_tp15,eva028-CoreRiskV1,t_tp15,XAUUSD_HIST,M1,172,172,173,trend,1,trend_buy,trend_state_exit,expert,1,2023.03.09 18:50:00,1678387800000,1834.303,2023.03.09 19:30:00,1678390200000,1831.969,0.01,1829.819,1836.121,-2.33,0.00,0.00,-2.33,2400,0,1,377.73,0.0206,1.0000,0.0,0.0,1833.177,1,100.92,200.0,1.212
t_tp15,eva028-CoreRiskV1,t_tp15,XAUUSD_HIST,M1,174,174,175,trend,1,trend_buy,tp,tp,1,2023.03.10 14:30:00,1678458600000,1849.600,2023.03.10 14:37:40,1678459060000,1854.213,0.01,1838.221,1854.213,4.61,0.00,0.00,4.61,460,0,1,760.58,0.0411,1.0000,0.0,0.0,1848.464,1,253.78,200.0,3.075
t_tp15,eva028-CoreRiskV1,t_tp15,XAUUSD_HIST,M1,176,176,177,trend,1,trend_buy,tp,tp,1,2023.03.10 14:38:00,1678459080000,1856.038,2023.03.10 15:02:40,1678460560000,1860.833,0.01,1844.211,1860.833,4.79,0.00,0.00,4.79,1480,0,1,1140.84,0.0615,1.0000,0.0,0.0,1850.884,1,267.05,600.0,3.196
t_tp15,eva028-CoreRiskV1,t_tp15,XAUUSD_HIST,M1,178,178,179,trend,1,trend_buy,tp,tp,1,2023.03.10 15:03:00,1678460580000,1861.304,2023.03.10 15:35:20,1678462520000,1866.398,0.01,1848.740,1866.398,5.10,0.00,0.00,5.10,1940,0,1,906.94,0.0487,1.0000,0.0,0.0,1859.368,1,316.30,400.0,3.396
t_tp15,eva028-CoreRiskV1,t_tp15,XAUUSD_HIST,M1,180,180,181,trend,1,trend_buy,trend_state_exit,expert,1,2023.03.10 15:36:00,1678462560000,1864.765,2023.03.10 16:15:00,1678464900000,1858.978,0.01,1853.416,1869.366,-5.79,0.00,0.00,-5.79,2340,0,1,773.78,0.0415,1.0000,0.0,0.0,1864.357,1,255.03,200.0,3.067
t_tp15,eva028-CoreRiskV1,t_tp15,XAUUSD_HIST,M1,182,182,183,trend,1,trend_buy,trend_state_exit,expert,1,2023.03.10 21:00:00,1678482000000,1869.934,2023.03.10 21:40:00,1678484400000,1867.158,0.01,1865.145,1871.875,-2.77,0.00,0.00,-2.77,2400,0,1,317.53,0.0170,1.0000,0.0,0.0,1868.601,1,94.72,200.0,1.294
t_tp15,eva028-CoreRiskV1,t_tp15,XAUUSD_HIST,M1,184,184,185,trend,-1,trend_sell,tp,tp,1,2023.03.13 06:55:00,1678690500000,1876.253,2023.03.13 06:58:40,1678690720000,1874.173,0.01,1881.383,1874.173,2.08,0.00,0.00,2.08,220,0,2,427.78,0.0228,1.0000,0.0,0.0,1876.369,1,72.35,200.0,1.386
t_tp15,eva028-CoreRiskV1,t_tp15,XAUUSD_HIST,M1,186,186,187,trend,-1,trend_sell,tp,tp,1,2023.03.13 06:59:00,1678690740000,1873.990,2023.03.13 07:04:40,1678691080000,1871.910,0.01,1879.120,1871.910,2.08,0.00,0.00,2.08,340,0,2,553.78,0.0296,1.0000,0.0,0.0,1875.655,1,72.50,200.0,1.386
t_tp15,eva028-CoreRiskV1,t_tp15,XAUUSD_HIST,M1,188,188,189,trend,-1,trend_sell,trend_state_exit,expert,1,2023.03.13 07:05:00,1678691100000,1872.247,2023.03.13 07:35:00,1678692900000,1876.148,0.01,1878.176,1869.843,-3.90,0.00,0.00,-3.90,1800,0,2,716.01,0.0382,1.0000,0.0,0.0,1874.197,1,84.17,200.0,1.602
t_tp15,eva028-CoreRiskV1,t_tp15,XAUUSD_HIST,M1,190,190,191,trend,1,trend_buy,tp,tp,1,2023.03.13 09:30:00,1678699800000,1889.503,2023.03.13 09:37:40,1678700260000,1892.675,0.01,1881.679,1892.675,3.18,0.00,0.00,3.18,460,0,1,696.19,0.0368,1.0000,0.0,0.0,1887.601,1,147.25,200.0,2.115
t_tp15,eva028-CoreRiskV1,t_tp15,XAUUSD_HIST,M1,192,192,193,trend,1,trend_buy,sl,sl,1,2023.03.13 09:38:00,1678700280000,1892.909,2023.03.13 09:58:40,1678701520000,1886.370,0.01,1884.835,1896.182,-6.54,0.00,0.00,-6.54,1240,0,1,804.86,0.0425,1.0000,0.0,0.0,1889.729,1,166.47,200.0,2.182
t_tp15,eva028-CoreRiskV1,t_tp15,XAUUSD_HIST,M1,194,194,195,trend,1,trend_buy,trend_state_exit,expert,1,2023.03.13 09:59:00,1678701540000,1886.512,2023.03.13 10:00:00,1678701600000,1885.903,0.01,1877.639,1890.109,-0.61,0.00,0.00,-0.61,60,0,1,756.16,0.0401,1.0000,0.0,0.0,1888.351,1,210.05,200.0,2.398
t_tp15,eva028-CoreRiskV1,t_tp15,XAUUSD_HIST,M1,196,196,197,trend,1,trend_buy,trend_state_exit,expert,1,2023.03.13 13:45:00,1678715100000,1907.896,2023.03.13 14:00:00,1678716000000,1896.519,0.01,1893.448,1913.753,-11.38,0.00,0.00,-11.38,900,0,1,1157.26,0.0607,1.0000,0.0,0.0,1903.751,1,295.30,200.0,3.905
t_tp15,eva028-CoreRiskV1,t_tp15,XAUUSD_HIST,M1,198,198,199,trend,-1,trend_sell,trend_state_exit,expert,1,2023.03.14 20:00:00,1678824000000,1902.453,2023.03.14 22:05:00,1678831500000,1904.523,0.01,1908.799,1899.880,-2.07,0.00,0.00,-2.07,7500,0,2,316.61,0.0166,1.0000,0.0,0.0,1902.658,1,104.05,200.0,1.715
t_tp15,eva028-CoreRiskV1,t_tp15,XAUUSD_HIST,M1,200,200,201,trend,-1,trend_sell,trend_state_exit,expert,1,2023.03.15 08:56:00,1678870560000,1888.588,2023.03.15 09:35:00,1678872900000,1890.750,0.01,1896.409,1885.417,-2.16,0.00,0.00,-2.16,2340,0,2,610.34,0.0323,1.0000,0.0,0.0,1888.382,1,97.72,200.0,2.114
t_tp15,eva028-CoreRiskV1,t_tp15,XAUUSD_HIST,M1,202,202,203,trend,1,trend_buy,tp,tp,1,2023.03.15 10:45:00,1678877100000,1909.123,2023.03.15 11:31:40,1678879900000,1913.467,0.01,1898.407,1913.467,4.35,0.00,0.00,4.35,2800,0,1,662.74,0.0347,1.0000,0.0,0.0,1908.691,1,208.75,200.0,2.896
t_tp15,eva028-CoreRiskV1,t_tp15,XAUUSD_HIST,M1,204,204,205,trend,1,trend_buy,tp,tp,1,2023.03.15 11:32:00,1678879920000,1916.526,2023.03.15 12:03:40,1678881820000,1920.704,0.01,1906.221,1920.704,4.17,0.00,0.00,4.17,1900,0,1,1112.90,0.0581,1.0000,0.0,0.0,1910.341,1,210.30,720.0,2.785
t_tp15,eva028-CoreRiskV1,t_tp15,XAUUSD_HIST,M1,206,206,207,trend,1,trend_buy,tp,tp,1,2023.03.15 12:04:00,1678881840000,1921.522,2023.03.15 12:51:40,1678884700000,1926.016,0.01,1910.436,1926.016,4.50,0.00,0.00,4.50,2860,0,1,818.43,0.0426,1.0000,0.0,0.0,1918.183,1,208.85,400.0,2.996
t_tp15,eva028-CoreRiskV1,t_tp15,XAUUSD_HIST,M1,208,208,209,trend,1,trend_buy,trend_state_exit,expert,1,2023.03.15 12:52:00,1678884720000,1927.402,2023.03.15 13:30:00,1678887000000,1923.817,0.01,1913.507,1933.035,-3.58,0.00,0.00,-3.58,2280,0,1,1023.41,0.0531,1.0000,0.0,0.0,1924.604,1,280.77,400.0,3.756
t_tp15,eva028-CoreRiskV1,t_tp15,XAUUSD_HIST,M1,210,210,211,trend,-1,trend_sell,trend_state_exit,expert,1,2023.03.16 01:10:00,1678929000000,1910.766,2023.03.16 03:00:00,1678935600000,1911.598,0.01,1918.798,1907.510,-0.83,0.00,0.00,-0.83,6600,0,2,1451.17,0.0759,1.0000,0.0,0.0,1915.134,1,183.38,200.0,2.171
t_tp15,eva028-CoreRiskV1,t_tp15,XAUUSD_HIST,M1,212,212,213,trend,1,trend_buy,trend_state_exit,expert,1,2023.03.16 05:45:00,1678945500000,1919.185,2023.03.16 06:20:00,1678947600000,1916.351,0.01,1914.831,1920.950,-2.84,0.00,0.00,-2.84,2100,0,1,728.46,0.0380,1.0000,0.0,0.0,1917.495,1,88.47,200.0,1.177
t_tp15,eva028-CoreRiskV1,t_tp15,XAUUSD_HIST,M1,214,214,215,trend,1,trend_buy,tp,tp,1,2023.03.16 11:10:00,1678965000000,1924.291,2023.03.16 11:33:40,1678966420000,1926.045,0.01,1919.964,1926.045,1.76,0.00,0.00,1.76,1420,0,1,445.58,0.0232,1.0000,0.0,0.0,1923.127,1,79.80,200.0,1.170
t_tp15,eva028-CoreRiskV1,t_tp15,XAUUSD_HIST,M1,216,216,217,trend,1,trend_buy,tp,tp,1,2023.03.16 11:34:00,1678966440000,1926.354,2023.03.16 12:03:20,1678968200000,1928.170,0.01,1921.876,1928.170,1.82,0.00,0.00,1.82,1760,0,1,444.94,0.0231,1.0000,0.0,0.0,1924.278,1,87.30,400.0,1.210
t_tp15,eva028-CoreRiskV1,t_tp15,XAUUSD_HIST,M1,218,218,219,trend,1,trend_buy,tp,tp,1,2023.03.16 12:04:00,1678968240000,1927.537,2023.03.16 12:20:40,1678969240000,1929.429,0.01,1922.869,1929.429,1.89,0.00,0.00,1.89,1000,0,1,491.25,0.0255,1.0000,0.0,0.0,1926.598,1,82.58,200.0,1.262
t_tp15,eva028-CoreRiskV1,t_tp15,XAUUSD_HIST,M1,220,220,221,trend,1,trend_buy,sl,sl,1,2023.03.16 12:21:00,1678969260000,1930.117,2023.03.16 12:30:40,1678969840000,1926.682,0.01,1925.005,1932.189,-3.44,0.00,0.00,-3.44,580,0,1,895.15,0.0464,1.0000,0.0,0.0,1926.885,1,97.42,400.0,1.382
t_tp15,eva028-CoreRiskV1,t_tp15,XAUUSD_HIST,M1,222,222,223,trend,1,trend_buy,tp,tp,1,2023.03.16 12:31:00,1678969860000,1928.183,2023.03.16 12:43:40,1678970620000,1930.636,0.01,1922.133,1930.636,2.46,0.00,0.00,2.46,760,0,1,1114.12,0.0578,1.0000,0.0,0.0,1928.802,1,126.50,600.0,1.635
t_tp15,eva028-CoreRiskV1,t_tp15,XAUUSD_HIST,M1,224,224,225,trend,1,trend_buy,trend_state_exit,expert,1,2023.03.16 12:44:00,1678970640000,1930.747,2023.03.16 13:35:00,1678973700000,1929.181,0.01,1923.249,1933.787,-1.57,0.00,0.00,-1.57,3060,0,1,1162.81,0.0602,1.0000,0.0,0.0,1928.387,1,191.97,400.0,2.026
t_tp15,eva028-CoreRiskV1,t_tp15,XAUUSD_HIST,M1,226,226,227,trend,1,trend_buy,tp,tp,1,2023.03.17 13:15:00,1679058900000,1949.597,2023.03.17 14:00:40,1679061640000,1953.060,0.01,1941.055,1953.060,3.46,0.00,0.00,3.46,2740,0,1,711.26,0.0365,1.0000,0.0,0.0,1948.081,1,176.85,200.0,2.309
t_tp15,eva028-CoreRiskV1,t_tp15,XAUUSD_HIST,M1,228,228,229,trend,1,trend_buy,tp,tp,1,2023.03.17 14:01:00,1679061660000,1954.601,2023.03.17 14:33:40,1679063620000,1958.454,0.01,1945.097,1958.454,3.85,0.00,0.00,3.85,1960,0,1,1045.79,0.0535,1.0000,0.0,0.0,1950.885,1,234.55,520.0,2.569
t_tp15,eva028-CoreRiskV1,t_tp15,XAUUSD_HIST,M1,230,230,231,trend,1,trend_buy,tp,tp,1,2023.03.17 14:34:00,1679063640000,1959.089,2023.03.17 14:51:40,1679064700000,1962.861,0.01,1949.784,1962.861,3.77,0.00,0.00,3.77,1060,0,1,950.77,0.0485,1.0000,0.0,0.0,1954.788,1,211.88,600.0,2.515
t_tp15,eva028-CoreRiskV1,t_tp15,XAUUSD_HIST,M1,232,232,233,trend,1,trend_buy,trend_state_exit,expert,1,2023.03.17 14:52:00,1679064720000,1963.149,2023.03.17 15:15:00,1679066100000,1957.039,0.01,1952.629,1967.414,-6.11,0.00,0.00,-6.11,1380,0,1,727.63,0.0371,1.0000,0.0,0.0,1960.440,1,229.03,400.0,2.843
t_tp15,eva028-CoreRiskV1,t_tp15,XAUUSD_HIST,M1,234,234,235,trend,1,trend_buy,tp,tp,1,2023.03.17 17:30:00,1679074200000,1968.693,2023.03.17 17:36:40,1679074600000,1971.855,0.01,1960.893,1971.855,3.17,0.00,0.00,3.17,400,0,1,621.49,0.0316,1.0000,0.0,0.0,1966.650,1,134.03,200.0,2.108
t_tp15,eva028-CoreRiskV1,t_tp15,XAUUSD_HIST,M1,236,236,237,trend,1,trend_buy,tp,tp,1,2023.03.17 17:37:00,1679074620000,1972.433,2023.03.17 18:05:40,1679076340000,1975.737,0.01,1964.284,1975.737,3.31,0.00,0.00,3.31,1720,0,1,820.38,0.0416,1.0000,0.0,0.0,1968.509,1,154.55,200.0,2.202
t_tp15,eva028-CoreRiskV1,t_tp15,XAUUSD_HIST,M1,238,238,239,trend,1,trend_buy,tp,tp,1,2023.03.17 18:06:00,1679076360000,1975.833,2023.03.17 18:15:40,1679076940000,1979.315,0.01,1967.245,1979.315,3.49,0.00,0.00,3.49,580,0,1,1066.27,0.0540,1.0000,0.0,0.0,1973.714,1,181.70,200.0,2.321
t_tp15,eva028-CoreRiskV1,t_tp15,XAUUSD_HIST,M1,240,240,241,trend,1,trend_buy,tp,tp,1,2023.03.17 18:16:00,1679076960000,1978.265,2023.03.17 18:47:40,1679078860000,1982.062,0.01,1968.898,1982.062,3.79,0.00,0.00,3.79,1900,0,1,1296.94,0.0656,1.0000,0.0,0.0,1974.466,1,192.15,200.0,2.532
t_tp15,eva028-CoreRiskV1,t_tp15,XAUUSD_HIST,M1,242,242,243,trend,1,trend_buy,tp,tp,1,2023.03.17 18:48:00,1679078880000,1982.715,2023.03.17 18:52:40,1679079160000,1986.789,0.01,1972.667,1986.789,4.07,0.00,0.00,4.07,280,0,1,800.65,0.0404,1.0000,0.0,0.0,1981.151,1,211.70,200.0,2.716
t_tp15,eva028-CoreRiskV1,t_tp15,XAUUSD_HIST,M1,244,244,245,trend,1,trend_buy,sl,sl,1,2023.03.17 18:53:00,1679079180000,1987.388,2023.03.17 19:23:40,1679081020000,1978.362,0.01,1977.218,1991.511,-9.03,0.00,0.00,-9.03,1840,0,1,988.71,0.0498,1.0000,0.0,0.0,1982.724,1,217.85,200.0,2.749
t_tp15,eva028-CoreRiskV1,t_tp15,XAUUSD_HIST,M1,246,246,247,trend,1,trend_buy,trend_state_exit,expert,1,2023.03.17 19:24:00,1679081040000,1978.573,2023.03.17 19:25:00,1679081100000,1977.305,0.01,1967.658,1982.998,-1.26,0.00,0.00,-1.26,60,0,1,641.17,0.0324,1.0000,0.0,0.0,1981.796,1,210.93,200.0,2.950
t_tp15,eva028-CoreRiskV1,t_tp15,XAUUSD_HIST,M1,248,248,249,trend,1,trend_buy,tp,tp,1,2023.03.20 05:45:00,1679291100000,1977.305,2023.03.20 05:46:40,1679291200000,1978.735,0.01,1973.778,1978.735,1.43,0.00,0.00,1.43,100,0,1,323.09,0.0163,1.0000,0.0,0.0,1976.709,1,59.35,200.0,0.953
t_tp15,eva028-CoreRiskV1,t_tp15,XAUUSD_HIST,M1,250,250,251,trend,1,trend_buy,tp,tp,1,2023.03.20 05:47:00,1679291220000,1978.891,2023.03.20 05:49:40,1679291380000,1980.321,0.01,1975.364,1980.321,1.43,0.00,0.00,1.43,160,0,1,414.65,0.0210,1.0000,0.0,0.0,1977.023,1,61.63,200.0,0.953
t_tp15,eva028-CoreRiskV1,t_tp15,XAUUSD_HIST,M1,252,252,253,trend,1,trend_buy,tp,tp,1,2023.03.20 05:50:00,1679291400000,1981.600,2023.03.20 05:52:40,1679291560000,1983.395,0.01,1977.172,1983.395,1.80,0.00,0.00,1.80,160,0,1,617.41,0.0312,1.0000,0.0,0.0,1977.608,1,65.78,200.0,1.197
t_tp15,eva028-CoreRiskV1,t_tp15,XAUUSD_HIST,M1,254,254,255,trend,1,trend_buy,tp,tp,1,2023.03.20 05:53:00,1679291580000,1984.197,2023.03.20 05:56:40,1679291800000,1985.992,0.01,1979.769,1985.992,1.79,0.00,0.00,1.79,220,0,1,823.05,0.0415,1.0000,0.0,0.0,1978.358,1,70.30,200.0,1.197
t_tp15,eva028-CoreRiskV1,t_tp15,XAUUSD_HIST,M1,256,256,257,trend,1,trend_buy,tp,tp,1,2023.03.20 05:57:00,1679291820000,1986.836,2023.03.20 06:01:40,1679292100000,1988.852,0.01,1981.863,1988.852,2.01,0.00,0.00,2.01,280,0,1,1030.30,0.0519,1.0000,0.0,0.0,1979.579,1,79.33,200.0,1.344
t_tp15,eva028-CoreRiskV1,t_tp15,XAUUSD_HIST,M1,258,258,259,trend,1,trend_buy,sl,sl,1,2023.03.20 06:02:00,1679292120000,1991.368,2023.03.20 06:10:40,1679292640000,1986.700,0.01,1985.559,1993.723,-4.67,0.00,0.00,-4.67,520,0,1,1402.81,0.0705,1.0000,0.0,0.0,1981.499,1,99.03,600.0,1.570
t_tp15,eva028-CoreRiskV1,t_tp15,XAUUSD_HIST,M1,260,260,261,trend,1,trend_buy,tp,tp,1,2023.03.20 06:11:00,1679292660000,1986.304,2023.03.20 06:28:40,1679293720000,1989.361,0.01,1978.762,1989.361,3.06,0.00,0.00,3.06,1060,0,1,1397.62,0.0704,1.0000,0.0,0.0,1985.505,1,133.80,200.0,2.038
t_tp15,eva028-CoreRiskV1,t_tp15,XAUUSD_HIST,M1,262,262,263,trend,1,trend_buy,tp,tp,1,2023.03.20 06:29:00,1679293740000,1988.926,2023.03.20 07:05:40,1679295940000,1992.736,0.01,1979.527,1992.736,3.81,0.00,0.00,3.81,2200,0,1,870.77,0.0438,1.0000,0.0,0.0,1986.980,1,174.00,200.0,2.540
t_tp15,eva028-CoreRiskV1,t_tp15,XAUUSD_HIST,M1,264,264,265,trend,1,trend_buy,tp,tp,1,2023.03.20 07:06:00,1679295960000,1993.921,2023.03.20 07:19:20,1679296760000,1998.883,0.01,1981.680,1998.883,4.96,0.00,0.00,4.96,800,0,1,757.16,0.0380,1.0000,0.0,0.0,1989.400,1,192.22,400.0,3.308
t_tp15,eva028-CoreRiskV1,t_tp15,XAUUSD_HIST,M1,266,266,267,trend,1,trend_buy,tp,tp,1,2023.03.20 07:20:00,1679296800000,1998.664,2023.03.20 07:25:40,1679297140000,2004.266,0.01,1984.845,2004.266,5.61,0.00,0.00,5.61,340,0,1,1329.24,0.0665,1.0000,0.0,0.0,1994.573,1,209.60,200.0,3.735
t_tp15,eva028-CoreRiskV1,t_tp15,XAUUSD_HIST,M1,268,268,269,trend,1,trend_buy,sl,sl,1,2023.03.20 07:26:00,1679297160000,2005.066,2023.03.20 08:01:40,1679299300000,1997.637,0.01,1991.270,2010.659,-7.43,0.00,0.00,-7.43,2140,0,1,1342.14,0.0670,1.0000,0.0,0.0,1997.008,1,220.72,600.0,3.729
t_tp15,eva028-CoreRiskV1,t_tp15,XAUUSD_HIST,M1,270,270,271,trend,1,trend_buy,trend_state_exit,expert,1,2023.03.20 08:02:00,1679299320000,1997.839,2023.03.20 08:05:00,1679299500000,1999.923,0.01,1984.541,2003.230,2.08,0.00,0.00,2.08,180,0,1,1280.97,0.0641,1.0000,0.0,0.0,2002.491,1,251.75,600.0,3.594
t_tp15,eva028-CoreRiskV1,t_tp15,XAUUSD_HIST,M1,272,272,273,trend,1,trend_buy,trend_state_exit,expert,1,2023.03.20 19:00:00,1679338800000,1983.935,2023.03.20 19:15:00,1679339700000,1980.814,0.01,1979.043,1985.918,-3.13,0.00,0.00,-3.13,900,0,1,533.64,0.0269,1.0000,0.0,0.0,1983.744,1,90.92,200.0,1.322
t_tp15,eva028-CoreRiskV1,t_tp15,XAUUSD_HIST,M1,274,274,275,trend,-1,trend_sell,trend_state_exit,expert,1,2023.03.21 08:44:00,1679388240000,1966.812,2023.03.21 09:30:00,1679391000000,1967.540,0.01,1975.749,1963.189,-0.73,0.00,0.00,-0.73,2760,0,2,447.53,0.0228,1.0000,0.0,0.0,1967.539,1,156.35,200.0,2.415
t_tp15,eva028-CoreRiskV1,t_tp15,XAUUSD_HIST,M1,276,276,277,trend,-1,trend_sell,tp,tp,1,2023.03.21 13:50:00,1679406600000,1953.439,2023.03.21 14:08:40,1679407720000,1949.047,0.01,1964.272,1949.047,4.39,0.00,0.00,4.39,1120,0,2,1316.87,0.0674,1.0000,0.0,0.0,1958.062,1,230.03,200.0,2.928
t_tp15,eva028-CoreRiskV1,t_tp15,XAUUSD_HIST,M1,278,278,279,trend,-1,trend_sell,trend_state_exit,expert,1,2023.03.21 14:09:00,1679407740000,1948.270,2023.03.21 14:45:00,1679409900000,1953.695,0.01,1960.004,1943.513,-5.43,0.00,0.00,-5.43,2160,0,2,1085.91,0.0557,1.0000,0.0,0.0,1951.575,1,270.18,600.0,3.171
t_tp15,eva028-CoreRiskV1,t_tp15,XAUUSD_HIST,M1,280,280,281,trend,-1,trend_sell,trend_state_exit,expert,1,2023.03.22 07:41:00,1679470860000,1937.501,2023.03.22 07:50:00,1679471400000,1940.091,0.01,1943.856,1934.925,-2.59,0.00,0.00,-2.59,540,0,2,656.18,0.0339,1.0000,0.0,0.0,1937.940,1,120.95,200.0,1.718
t_tp15,eva028-CoreRiskV1,t_tp15,XAUUSD_HIST,M1,282,282,283,trend,1,trend_buy,trend_state_exit,expert,1,2023.03.23 02:35:00,1679538900000,1975.691,2023.03.23 03:30:00,1679542200000,1973.522,0.01,1969.926,1978.028,-2.17,0.00,0.00,-2.17,3300,0,1,426.45,0.0216,1.0000,0.0,0.0,1973.501,1,80.45,200.0,1.558
t_tp15,eva028-CoreRiskV1,t_tp15,XAUUSD_HIST,M1,284,284,285,trend,1,trend_buy,trend_state_exit,expert,1,2023.03.23 06:30:00,1679553000000,1982.489,2023.03.23 06:40:00,1679553600000,1979.210,0.01,1976.732,1984.823,-3.28,0.00,0.00,-3.28,600,0,1,541.50,0.0273,1.0000,0.0,0.0,1981.245,1,86.50,200.0,1.556
t_tp15,eva028-CoreRiskV1,t_tp15,XAUUSD_HIST,M1,286,286,287,trend,1,trend_buy,trend_state_exit,expert,1,2023.03.23 14:00:00,1679580000000,1984.302,2023.03.23 14:55:00,1679583300000,1980.304,0.01,1973.096,1988.845,-4.00,0.00,0.00,-4.00,3300,0,1,972.02,0.0490,1.0000,0.0,0.0,1981.387,1,204.13,200.0,3.029
t_tp15,eva028-CoreRiskV1,t_tp15,XAUUSD_HIST,M1,288,288,289,trend,1,trend_buy,tp,tp,1,2023.03.23 16:30:00,1679589000000,1992.774,2023.03.23 17:35:40,1679592940000,1996.249,0.01,1984.201,1996.249,3.48,0.00,0.00,3.48,3940,0,1,464.04,0.0233,1.0000,0.0,0.0,1988.595,1,132.43,200.0,2.317
t_tp15,eva028-CoreRiskV1,t_tp15,XAUUSD_HIST,M1,290,290,291,trend,1,trend_buy,tp,tp,1,2023.03.23 17:36:00,1679592960000,1997.093,2023.03.23 18:03:40,1679594620000,2000.271,0.01,1989.255,2000.271,3.18,0.00,0.00,3.18,1660,0,1,677.85,0.0339,1.0000,0.0,0.0,1994.025,1,127.25,200.0,2.118
t_tp15,eva028-CoreRiskV1,t_tp15,XAUUSD_HIST,M1,292,292,293,trend,1,trend_buy,trend_state_exit,expert,1,2023.03.23 18:04:00,1679594640000,2000.348,2023.03.23 18:55:00,1679597700000,1998.706,0.01,1993.044,2003.309,-1.64,0.00,0.00,-1.64,3060,0,1,635.65,0.0318,1.0000,0.0,0.0,1999.944,1,134.20,200.0,1.974
t_tp15,eva028-CoreRiskV1,t_tp15,XAUUSD_HIST,M1,294,294,295,trend,1,trend_buy,tp,tp,1,2023.03.24 10:00:00,1679652000000,1994.592,2023.03.24 10:11:40,1679652700000,1997.793,0.01,1986.695,1997.793,3.20,0.00,0.00,3.20,700,0,1,639.31,0.0321,1.0000,0.0,0.0,1993.163,1,113.13,200.0,2.134
t_tp15,eva028-CoreRiskV1,t_tp15,XAUUSD_HIST,M1,296,296,297,trend,1,trend_buy,sl,sl,1,2023.03.24 10:12:00,1679652720000,1997.746,2023.03.24 10:47:40,1679654860000,1993.741,0.01,1990.575,2000.653,-4.01,0.00,0.00,-4.01,2140,0,1,692.91,0.0347,1.0000,0.0,0.0,1996.430,1,134.97,200.0,1.938
t_tp15,eva028-CoreRiskV1,t_tp15,XAUUSD_HIST,M1,298,298,299,trend,1,trend_buy,trend_state_exit,expert,1,2023.03.24 10:48:00,1679654880000,1994.110,2023.03.24 10:50:00,1679655000000,1993.884,0.01,1985.643,1997.543,-0.23,0.00,0.00,-0.23,120,0,1,537.74,0.0270,1.0000,0.0,0.0,1996.332,1,177.57,200.0,2.288
t_tp15,eva028-CoreRiskV1,t_tp15,XAUUSD_HIST,M1,300,300,301,trend,-1,trend_sell,tp,tp,1,2023.03.24 17:30:00,1679679000000,1980.924,2023.03.24 17:38:40,1679679520000,1977.650,0.01,1988.999,1977.650,3.27,0.00,0.00,3.27,520,0,2,677.38,0.0342,1.0000,0.0,0.0,1983.698,1,145.57,200.0,2.182
t_tp15,eva028-CoreRiskV1,t_tp15,XAUUSD_HIST,M1,302,302,303,trend,-1,trend_sell,trend_state_exit,expert,1,2023.03.24 17:39:00,1679679540000,1975.768,2023.03.24 18:55:00,1679684100000,1979.039,0.01,1983.796,1972.513,-3.27,0.00,0.00,-3.27,4560,0,2,1305.07,0.0661,1.0000,0.0,0.0,1980.969,1,162.45,200.0,2.170
t_tp15,eva028-CoreRiskV1,t_tp15,XAUUSD_HIST,M1,304,304,305,trend,-1,trend_sell,tp,tp,1,2023.03.27 10:11:00,1679911860000,1953.343,2023.03.27 10:41:40,1679913700000,1949.743,0.01,1962.224,1949.743,3.60,0.00,0.00,3.60,1840,0,2,994.89,0.0509,1.0000,0.0,0.0,1954.079,1,137.85,200.0,2.400
t_tp15,eva028-CoreRiskV1,t_tp15,XAUUSD_HIST,M1,306,306,307,trend,-1,trend_sell,trend_state_exit,expert,1,2023.03.27 10:42:00,1679913720000,1949.881,2023.03.27 11:30:00,1679916600000,1952.991,0.01,1960.082,1945.746,-3.11,0.00,0.00,-3.11,2880,0,2,802.97,0.0412,1.0000,0.0,0.0,1952.082,1,121.85,200.0,2.757
t_tp15,eva028-CoreRiskV1,t_tp15,XAUUSD_HIST,M1,308,308,309,trend,1,trend_buy,trend_state_exit,expert,1,2023.03.28 17:55:00,1680026100000,1974.146,2023.03.28 18:30:00,1680028200000,1971.911,0.01,1969.233,1976.138,-2.24,0.00,0.00,-2.24,2100,0,1,458.75,0.0232,1.0000,0.0,0.0,1973.363,1,96.70,200.0,1.328
t_tp15,eva028-CoreRiskV1,t_tp15,XAUUSD_HIST,M1,310,310,311,trend,1,trend_buy,tp,tp,1,2023.03.30 16:30:00,1680193800000,1981.228,2023.03.30 16:49:40,1680194980000,1983.798,0.01,1974.889,1983.798,2.57,0.00,0.00,2.57,1180,0,1,440.17,0.0222,1.0000,0.0,0.0,1980.216,1,104.65,200.0,1.713
t_tp15,eva028-CoreRiskV1,t_tp15,XAUUSD_HIST,M1,312,312,313,trend,1,trend_buy,trend_state_exit,expert,1,2023.03.30 16:50:00,1680195000000,1984.327,2023.03.30 17:25:00,1680197100000,1979.730,0.01,1977.595,1987.056,-4.60,0.00,0.00,-4.60,2100,0,1,642.39,0.0324,1.0000,0.0,0.0,1982.735,1,107.33,200.0,1.819
t_tp15,eva028-CoreRiskV1,t_tp15,XAUUSD_HIST,M1,314,314,315,trend,-1,trend_sell,trend_state_exit,expert,1,2023.04.03 03:20:00,1680492000000,1949.842,2023.04.03 04:40:00,1680496800000,1952.163,0.01,1955.439,1947.573,-2.32,0.00,0.00,-2.32,4800,0,2,532.07,0.0273,1.0000,0.0,0.0,1951.015,1,88.97,400.0,1.513
t_tp15,eva028-CoreRiskV1,t_tp15,XAUUSD_HIST,M1,316,316,317,trend,1,trend_buy,tp,tp,1,2023.04.03 08:05:00,1680509100000,1963.873,2023.04.03 08:52:40,1680511960000,1966.158,0.01,1958.237,1966.158,2.29,0.00,0.00,2.29,2860,0,1,537.51,0.0274,1.0000,0.0,0.0,1961.304,1,66.30,200.0,1.523
t_tp15,eva028-CoreRiskV1,t_tp15,XAUUSD_HIST,M1,318,318,319,trend,1,trend_buy,trend_state_exit,expert,1,2023.04.03 08:53:00,1680511980000,1966.412,2023.04.03 09:35:00,1680514500000,1963.635,0.01,1961.709,1968.319,-2.77,0.00,0.00,-2.77,2520,0,1,450.18,0.0229,1.0000,0.0,0.0,1964.429,1,62.10,400.0,1.271
t_tp15,eva028-CoreRiskV1,t_tp15,XAUUSD_HIST,M1,320,320,321,trend,1,trend_buy,tp,tp,1,2023.04.03 11:20:00,1680520800000,1975.387,2023.04.03 11:54:40,1680522880000,1977.542,0.01,1970.071,1977.542,2.15,0.00,0.00,2.15,2080,0,1,531.40,0.0269,1.0000,0.0,0.0,1973.393,1,74.17,400.0,1.437
t_tp15,eva028-CoreRiskV1,t_tp15,XAUUSD_HIST,M1,322,322,323,trend,1,trend_buy,tp,tp,1,2023.04.03 11:55:00,1680522900000,1977.371,2023.04.03 12:34:40,1680525280000,1979.668,0.01,1971.704,1979.668,2.30,0.00,0.00,2.30,2380,0,1,379.13,0.0192,1.0000,0.0,0.0,1976.234,1,89.33,200.0,1.532
t_tp15,eva028-CoreRiskV1,t_tp15,XAUUSD_HIST,M1,324,324,325,trend,1,trend_buy,trend_state_exit,expert,1,2023.04.03 12:35:00,1680525300000,1979.477,2023.04.03 13:15:00,1680527700000,1976.569,0.01,1972.378,1982.355,-2.91,0.00,0.00,-2.91,2400,0,1,685.54,0.0346,1.0000,0.0,0.0,1977.861,1,111.10,200.0,1.919
t_tp15,eva028-CoreRiskV1,t_tp15,XAUUSD_HIST,M1,326,326,327,trend,1,trend_buy,trend_state_exit,expert,1,2023.04.03 14:35:00,1680532500000,1989.202,2023.04.03 16:40:00,1680540000000,1988.290,0.01,1977.035,1994.135,-0.91,0.00,0.00,-0.91,7500,0,1,898.23,0.0452,1.0000,0.0,0.0,1987.585,1,237.70,200.0,3.288
t_tp15,eva028-CoreRiskV1,t_tp15,XAUUSD_HIST,M1,328,328,329,trend,1,trend_buy,tp,tp,1,2023.04.04 14:18:00,1680617880000,2016.694,2023.04.04 14:18:40,1680617920000,2021.714,0.01,2004.310,2021.714,5.02,0.00,0.00,5.02,40,0,1,2147.48,0.1065,1.0000,0.0,0.0,2001.843,1,368.73,200.0,3.347
t_tp15,eva028-CoreRiskV1,t_tp15,XAUUSD_HIST,M1,330,330,331,trend,1,trend_buy,trend_state_exit,expert,1,2023.04.04 14:55:00,1680620100000,2019.817,2023.04.04 16:45:00,1680626700000,2020.349,0.01,2002.620,2026.789,0.53,0.00,0.00,0.53,6600,0,1,1340.52,0.0664,1.0000,0.0,0.0,2019.761,1,378.20,200.0,4.648
t_tp15,eva028-CoreRiskV1,t_tp15,XAUUSD_HIST,M1,332,332,333,trend,-1,trend_sell,trend_state_exit,expert,1,2023.04.06 13:50:00,1680789000000,2004.661,2023.04.06 14:35:00,1680791700000,2009.105,0.01,2015.906,2000.102,-4.45,0.00,0.00,-4.45,2700,0,2,1173.02,0.0585,1.0000,0.0,0.0,2007.539,1,166.55,200.0,3.039
t_tp15,eva028-CoreRiskV1,t_tp15,XAUUSD_HIST,M1,334,334,335,trend,-1,trend_sell,trend_state_exit,expert,1,2023.04.10 03:00:00,1681095600000,1991.088,2023.04.10 03:30:00,1681097400000,1992.943,0.01,1996.175,1989.026,-1.85,0.00,0.00,-1.85,1800,0,2,594.65,0.0299,1.0000,0.0,0.0,1991.143,1,80.15,200.0,1.375
t_tp15,eva028-CoreRiskV1,t_tp15,XAUUSD_HIST,M1,336,336,337,trend,1,trend_buy,trend_state_exit,expert,1,2023.04.10 10:50:00,1681123800000,2002.861,2023.04.10 11:20:00,1681125600000,2000.674,0.01,1999.381,2004.272,-2.19,0.00,0.00,-2.19,1800,0,1,459.26,0.0229,1.0000,0.0,0.0,2002.380,1,54.83,200.0,0.941
t_tp15,eva028-CoreRiskV1,t_tp15,XAUUSD_HIST,M1,338,338,339,trend,-1,trend_sell,trend_state_exit,expert,1,2023.04.10 13:00:00,1681131600000,1989.389,2023.04.10 13:40:00,1681134000000,1994.293,0.01,1997.479,1986.109,-4.90,0.00,0.00,-4.90,2400,0,2,965.74,0.0485,1.0000,0.0,0.0,1995.865,1,151.03,200.0,2.187
t_tp15,eva028-CoreRiskV1,t_tp15,XAUUSD_HIST,M1,340,340,341,trend,1,trend_buy,tp,tp,1,2023.04.12 18:10:00,1681323000000,2014.605,2023.04.12 18:21:20,1681323680000,2016.753,0.01,2009.306,2016.753,2.14,0.00,0.00,2.14,680,0,1,406.85,0.0202,1.0000,0.0,0.0,2013.120,1,84.72,200.0,1.432
t_tp15,eva028-CoreRiskV1,t_tp15,XAUUSD_HIST,M1,342,342,343,trend,1,trend_buy,trend_state_exit,expert,1,2023.04.12 18:22:00,1681323720000,2016.451,2023.04.12 19:45:00,1681328700000,2015.018,0.01,2011.111,2018.616,-1.43,0.00,0.00,-1.43,4980,0,1,445.48,0.0221,1.0000,0.0,0.0,2015.206,1,92.28,200.0,1.443
t_tp15,eva028-CoreRiskV1,t_tp15,XAUUSD_HIST,M1,344,344,345,trend,1,trend_buy,tp,tp,1,2023.04.13 13:19:00,1681391940000,2043.208,2023.04.13 14:00:40,1681394440000,2047.999,0.01,2031.391,2047.999,4.79,0.00,0.00,4.79,2500,0,1,936.91,0.0459,1.0000,0.0,0.0,2042.660,1,246.63,200.0,3.194
t_tp15,eva028-CoreRiskV1,t_tp15,XAUUSD_HIST,M1,346,346,347,trend,1,trend_buy,trend_state_exit,expert,1,2023.04.13 14:01:00,1681394460000,2047.743,2023.04.13 14:25:00,1681395900000,2041.656,0.01,2035.353,2052.766,-6.08,0.00,0.00,-6.08,1440,0,1,742.17,0.0363,1.0000,0.0,0.0,2045.384,1,207.40,600.0,3.349
t_tp15,eva028-CoreRiskV1,t_tp15,XAUUSD_HIST,M1,348,348,349,trend,-1,trend_sell,trend_state_exit,expert,1,2023.04.14 13:15:00,1681478100000,2022.179,2023.04.14 13:35:00,1681479300000,2026.809,0.01,2037.091,2016.134,-4.63,0.00,0.00,-4.63,1200,0,2,910.67,0.0450,1.0000,0.0,0.0,2022.884,1,378.55,200.0,4.030
t_tp15,eva028-CoreRiskV1,t_tp15,XAUUSD_HIST,M1,350,350,351,trend,-1,trend_sell,tp,tp,1,2023.04.14 14:25:00,1681482300000,2008.928,2023.04.14 14:45:40,1681483540000,2003.549,0.01,2022.195,2003.549,5.38,0.00,0.00,5.38,1240,0,2,999.01,0.0497,1.0000,0.0,0.0,2012.258,1,255.30,200.0,3.586
t_tp15,eva028-CoreRiskV1,t_tp15,XAUUSD_HIST,M1,352,352,353,trend,-1,trend_sell,tp,tp,1,2023.04.14 14:46:00,1681483560000,2003.107,2023.04.14 15:00:20,1681484420000,1997.828,0.01,2016.128,1997.828,5.28,0.00,0.00,5.28,860,0,2,1035.25,0.0517,1.0000,0.0,0.0,2006.359,1,260.77,600.0,3.519
t_tp15,eva028-CoreRiskV1,t_tp15,XAUUSD_HIST,M1,354,354,355,trend,-1,trend_sell,tp,tp,1,2023.04.14 15:01:00,1681484460000,1998.713,2023.04.14 16:14:40,1681488880000,1993.195,0.01,2012.324,1993.195,5.51,0.00,0.00,5.51,4420,0,2,1355.93,0.0678,1.0000,0.0,0.0,2000.449,1,282.07,400.0,3.679
t_tp15,eva028-CoreRiskV1,t_tp15,XAUUSD_HIST,M1,356,356,357,trend,-1,trend_sell,trend_state_exit,expert,1,2023.04.14 16:15:00,1681488900000,1992.722,2023.04.14 16:55:00,1681491300000,1998.346,0.01,2003.044,1988.537,-5.63,0.00,0.00,-5.63,2400,0,2,467.49,0.0235,1.0000,0.0,0.0,1994.713,1,121.30,200.0,2.790
t_tp15,eva028-CoreRiskV1,t_tp15,XAUUSD_HIST,M1,358,358,359,trend,-1,trend_sell,tp,tp,1,2023.04.17 14:45:00,1681742700000,1987.116,2023.04.17 14:46:40,1681742800000,1983.100,0.01,1997.023,1983.100,4.02,0.00,0.00,4.02,100,0,2,825.82,0.0416,1.0000,0.0,0.0,1988.825,1,171.20,200.0,2.678
t_tp15,eva028-CoreRiskV1,t_tp15,XAUUSD_HIST,M1,360,360,361,trend,-1,trend_sell,trend_state_exit,expert,1,2023.04.17 14:47:00,1681742820000,1981.695,2023.04.17 15:15:00,1681744500000,1990.772,0.01,1991.602,1977.679,-9.07,0.00,0.00,-9.07,1680,0,2,1380.24,0.0696,1.0000,0.0,0.0,1988.084,1,179.60,200.0,2.678
t_tp15,eva028-CoreRiskV1,t_tp15,XAUUSD_HIST,M1,362,362,363,trend,-1,trend_sell,trend_state_exit,expert,1,2023.04.19 06:45:00,1681886700000,1992.020,2023.04.19 07:25:00,1681889100000,1995.388,0.01,1999.976,1988.795,-3.37,0.00,0.00,-3.37,2400,0,2,508.45,0.0255,1.0000,0.0,0.0,1990.964,1,150.57,200.0,2.150
t_tp15,eva028-CoreRiskV1,t_tp15,XAUUSD_HIST,M1,364,364,365,trend,-1,trend_sell,tp,tp,1,2023.04.19 08:45:00,1681893900000,1977.550,2023.04.19 09:39:40,1681897180000,1973.935,0.01,1986.467,1973.935,3.61,0.00,0.00,3.61,3280,0,2,1043.34,0.0528,1.0000,0.0,0.0,1983.132,1,124.22,200.0,2.410
t_tp15,eva028-CoreRiskV1,t_tp15,XAUUSD_HIST,M1,366,366,367,trend,-1,trend_sell,tp,tp,1,2023.04.19 09:40:00,1681897200000,1972.922,2023.04.19 11:38:40,1681904320000,1969.548,0.01,1981.245,1969.548,3.37,0.00,0.00,3.37,7120,0,2,744.34,0.0377,1.0000,0.0,0.0,1975.707,1,94.17,200.0,2.250
t_tp15,eva028-CoreRiskV1,t_tp15,XAUUSD_HIST,M1,368,368,369,trend,-1,trend_sell,trend_state_exit,expert,1,2023.04.19 11:39:00,1681904340000,1969.670,2023.04.19 12:10:00,1681906200000,1971.630,0.01,1976.113,1967.058,-1.96,0.00,0.00,-1.96,1860,0,2,364.96,0.0185,1.0000,0.0,0.0,1970.488,1,93.60,200.0,1.741
t_tp15,eva028-CoreRiskV1,t_tp15,XAUUSD_HIST,M1,370,370,371,trend,1,trend_buy,tp,tp,1,2023.04.19 13:40:00,1681911600000,1988.158,2023.04.19 13:48:40,1681912120000,1992.142,0.01,1978.331,1992.142,3.98,0.00,0.00,3.98,520,0,1,1383.92,0.0696,1.0000,0.0,0.0,1986.830,1,177.22,200.0,2.656
t_tp15,eva028-CoreRiskV1,t_tp15,XAUUSD_HIST,M1,372,372,373,trend,1,trend_buy,trend_state_exit,expert,1,2023.04.19 13:49:00,1681912140000,1992.640,2023.04.19 15:40:00,1681918800000,1991.449,0.01,1982.561,1996.726,-1.19,0.00,0.00,-1.19,6660,0,1,1557.51,0.0782,1.0000,0.0,0.0,1990.077,1,193.30,200.0,2.724
t_tp15,eva028-CoreRiskV1,t_tp15,XAUUSD_HIST,M1,374,374,375,trend,1,trend_buy,trend_state_exit,expert,1,2023.04.24 17:10:00,1682356200000,1989.099,2023.04.24 18:05:00,1682359500000,1988.068,0.01,1984.587,1990.928,-1.03,0.00,0.00,-1.03,3300,0,1,377.90,0.0190,1.0000,0.0,0.0,1987.500,1,67.22,200.0,1.219
t_tp15,eva028-CoreRiskV1,t_tp15,XAUUSD_HIST,M1,376,376,377,trend,1,trend_buy,tp,tp,1,2023.04.25 17:55:00,1682445300000,1999.137,2023.04.25 18:09:40,1682446180000,2001.483,0.01,1993.351,2001.483,2.34,0.00,0.00,2.34,880,0,1,580.07,0.0290,1.0000,0.0,0.0,1997.375,1,149.90,200.0,1.564
t_tp15,eva028-CoreRiskV1,t_tp15,XAUUSD_HIST,M1,378,378,379,trend,1,trend_buy,sl,sl,1,2023.04.25 18:10:00,1682446200000,2001.651,2023.04.25 18:32:40,1682447560000,1997.988,0.01,1995.487,2004.150,-3.66,0.00,0.00,-3.66,1360,0,1,551.99,0.0276,1.0000,0.0,0.0,2000.496,1,124.72,200.0,1.666
t_tp15,eva028-CoreRiskV1,t_tp15,XAUUSD_HIST,M1,380,380,381,trend,1,trend_buy,trend_state_exit,expert,1,2023.04.25 18:33:00,1682447580000,1997.658,2023.04.25 18:35:00,1682447700000,1996.856,0.01,1990.605,2000.517,-0.80,0.00,0.00,-0.80,120,0,1,582.75,0.0292,1.0000,0.0,0.0,1998.767,1,122.97,200.0,1.906
t_tp15,eva028-CoreRiskV1,t_tp15,XAUUSD_HIST,M1,382,382,383,trend,1,trend_buy,trend_state_exit,expert,1,2023.04.26 14:01:00,1682517660000,2003.521,2023.04.26 14:05:00,1682517900000,1999.597,0.01,1993.221,2007.697,-3.92,0.00,0.00,-3.92,240,0,1,811.32,0.0405,1.0000,0.0,0.0,2004.649,1,291.15,200.0,2.784
t_tp15,eva028-CoreRiskV1,t_tp15,XAUUSD_HIST,M1,384,384,385,trend,-1,trend_sell,tp,tp,1,2023.04.26 16:05:00,1682525100000,1989.745,2023.04.26 16:19:40,1682525980000,1986.639,0.01,1997.407,1986.639,3.11,0.00,0.00,3.11,880,0,2,622.89,0.0313,1.0000,0.0,0.0,1992.373,1,111.65,200.0,2.071
t_tp15,eva028-CoreRiskV1,t_tp15,XAUUSD_HIST,M1,386,386,387,trend,-1,trend_sell,trend_state_exit,expert,1,2023.04.26 16:20:00,1682526000000,1985.736,2023.04.26 17:50:00,1682531400000,1987.944,0.01,1993.798,1982.468,-2.20,0.00,0.00,-2.20,5400,0,2,819.15,0.0413,1.0000,0.0,0.0,1989.366,1,133.63,200.0,2.179
t_tp15,eva028-CoreRiskV1,t_tp15,XAUUSD_HIST,M1,388,388,389,trend,-1,trend_sell,tp,tp,1,2023.04.27 13:15:00,1682601300000,1983.566,2023.04.27 13:38:40,1682602720000,1978.081,0.01,1997.096,1978.081,5.49,0.00,0.00,5.49,1420,0,2,825.02,0.0416,1.0000,0.0,0.0,1985.305,1,326.23,200.0,3.657
t_tp15,eva028-CoreRiskV1,t_tp15,XAUUSD_HIST,M1,390,390,391,trend,-1,trend_sell,trend_state_exit,expert,1,2023.04.27 13:39:00,1682602740000,1976.854,2023.04.27 14:10:00,1682604600000,1985.824,0.01,1992.884,1970.355,-8.97,0.00,0.00,-8.97,1860,0,2,1233.82,0.0624,1.0000,0.0,0.0,1979.882,1,261.77,200.0,4.333
t_tp15,eva028-CoreRiskV1,t_tp15,XAUUSD_HIST,M1,392,392,393,trend,1,trend_buy,trend_state_exit,expert,1,2023.05.01 13:12:00,1682946720000,2004.507,2023.05.01 13:35:00,1682948100000,2000.115,0.01,1994.812,2008.437,-4.39,0.00,0.00,-4.39,1380,0,1,553.44,0.0276,1.0000,0.0,0.0,2003.835,1,200.90,200.0,2.620
t_tp15,eva028-CoreRiskV1,t_tp15,XAUUSD_HIST,M1,394,394,395,trend,1,trend_buy,tp,tp,1,2023.05.02 14:23:00,1683037380000,2002.706,2023.05.02 14:32:40,1683037960000,2006.529,0.01,1993.276,2006.529,3.82,0.00,0.00,3.82,580,0,1,1159.51,0.0579,1.0000,0.0,0.0,1998.157,1,298.55,200.0,2.549
t_tp15,eva028-CoreRiskV1,t_tp15,XAUUSD_HIST,M1,396,396,397,trend,1,trend_buy,tp,tp,1,2023.05.02 14:33:00,1683037980000,2007.545,2023.05.02 14:48:40,1683038920000,2011.730,0.01,1997.221,2011.730,4.18,0.00,0.00,4.18,940,0,1,1268.23,0.0632,1.0000,0.0,0.0,2002.072,1,344.95,720.0,2.790
t_tp15,eva028-CoreRiskV1,t_tp15,XAUUSD_HIST,M1,398,398,399,trend,1,trend_buy,tp,tp,1,2023.05.02 14:55:00,1683039300000,2008.182,2023.05.02 15:52:40,1683042760000,2013.042,0.01,1996.193,2013.042,4.86,0.00,0.00,4.86,3460,0,1,926.27,0.0461,1.0000,0.0,0.0,2008.329,1,378.05,200.0,3.240
t_tp15,eva028-CoreRiskV1,t_tp15,XAUUSD_HIST,M1,400,400,401,trend,1,trend_buy,tp,tp,1,2023.05.02 15:53:00,1683042780000,2014.597,2023.05.02 16:09:40,1683043780000,2018.727,0.01,2004.409,2018.727,4.13,0.00,0.00,4.13,1000,0,1,699.27,0.0347,1.0000,0.0,0.0,2011.756,1,175.03,400.0,2.754
t_tp15,eva028-CoreRiskV1,t_tp15,XAUUSD_HIST,M1,402,402,403,trend,1,trend_buy,trend_state_exit,expert,1,2023.05.02 16:10:00,1683043800000,2018.985,2023.05.02 17:30:00,1683048600000,2014.053,0.01,2008.614,2023.190,-4.94,0.00,0.00,-4.94,4800,0,1,713.71,0.0354,1.0000,0.0,0.0,2015.379,1,183.07,400.0,2.803
t_tp15,eva028-CoreRiskV1,t_tp15,XAUUSD_HIST,M1,404,404,405,trend,1,trend_buy,trend_state_exit,expert,1,2023.05.03 15:25:00,1683127500000,2025.939,2023.05.03 16:30:00,1683131400000,2023.093,0.01,2017.175,2029.492,-2.85,0.00,0.00,-2.85,3900,0,1,446.90,0.0221,1.0000,0.0,0.0,2024.530,1,132.78,200.0,2.369
t_tp15,eva028-CoreRiskV1,t_tp15,XAUUSD_HIST,M1,406,406,407,trend,-1,trend_sell,tp,tp,1,2023.05.04 06:25:00,1683181500000,2037.867,2023.05.04 07:07:40,1683184060000,2035.336,0.01,2044.111,2035.336,2.53,0.00,0.00,2.53,2560,0,2,782.55,0.0384,1.0000,0.0,0.0,2038.406,1,110.45,200.0,1.688
t_tp15,eva028-CoreRiskV1,t_tp15,XAUUSD_HIST,M1,408,408,409,trend,-1,trend_sell,tp,tp,1,2023.05.04 07:08:00,1683184080000,2034.589,2023.05.04 07:34:40,1683185680000,2031.804,0.01,2041.458,2031.804,2.79,0.00,0.00,2.79,1600,0,2,624.69,0.0307,1.0000,0.0,0.0,2037.517,1,121.55,200.0,1.856
t_tp15,eva028-CoreRiskV1,t_tp15,XAUUSD_HIST,M1,410,410,411,trend,-1,trend_sell,trend_state_exit,expert,1,2023.05.04 07:35:00,1683185700000,2031.814,2023.05.04 07:55:00,1683186900000,2035.812,0.01,2039.496,2028.700,-4.00,0.00,0.00,-4.00,1200,0,2,640.22,0.0315,1.0000,0.0,0.0,2033.536,1,118.70,200.0,2.076
t_tp15,eva028-CoreRiskV1,t_tp15,XAUUSD_HIST,M1,412,412,413,trend,1,trend_buy,tp,tp,1,2023.05.04 14:25:00,1683210300000,2052.436,2023.05.04 14:32:40,1683210760000,2057.506,0.01,2039.930,2057.506,5.07,0.00,0.00,5.07,460,0,1,1413.14,0.0689,1.0000,0.0,0.0,2048.681,1,326.55,200.0,3.380
t_tp15,eva028-CoreRiskV1,t_tp15,XAUUSD_HIST,M1,414,414,415,trend,1,trend_buy,trend_state_exit,expert,1,2023.05.04 14:33:00,1683210780000,2057.812,2023.05.04 15:10:00,1683213000000,2048.286,0.01,2045.034,2062.992,-9.52,0.00,0.00,-9.52,2220,0,1,1234.13,0.0600,1.0000,0.0,0.0,2052.457,1,336.25,200.0,3.454
t_tp15,eva028-CoreRiskV1,t_tp15,XAUUSD_HIST,M1,416,416,417,trend,-1,trend_sell,tp,tp,1,2023.05.05 13:19:00,1683292740000,2010.253,2023.05.05 13:46:40,1683294400000,2003.575,0.01,2026.726,2003.575,6.67,0.00,0.00,6.67,1660,0,2,1155.79,0.0575,1.0000,0.0,0.0,2010.371,1,375.88,200.0,4.452
t_tp15,eva028-CoreRiskV1,t_tp15,XAUUSD_HIST,M1,418,418,419,trend,-1,trend_sell,trend_state_exit,expert,1,2023.05.05 13:47:00,1683294420000,2004.003,2023.05.05 14:25:00,1683296700000,2007.563,0.01,2023.534,1996.085,-3.56,0.00,0.00,-3.56,2280,0,2,914.93,0.0457,1.0000,0.0,0.0,2005.154,1,282.07,200.0,5.279
t_tp15,eva028-CoreRiskV1,t_tp15,XAUUSD_HIST,M1,420,420,421,trend,1,trend_buy,trend_state_exit,expert,1,2023.05.08 12:50:00,1683550200000,2026.379,2023.05.08 13:05:00,1683551100000,2024.194,0.01,2021.223,2028.469,-2.19,0.00,0.00,-2.19,900,0,1,470.23,0.0232,1.0000,0.0,0.0,2025.890,1,107.45,200.0,1.393
t_tp15,eva028-CoreRiskV1,t_tp15,XAUUSD_HIST,M1,422,422,423,trend,1,trend_buy,trend_state_exit,expert,1,2023.05.09 17:20:00,1683652800000,2036.225,2023.05.09 18:55:00,1683658500000,2035.600,0.01,2030.872,2038.395,-0.63,0.00,0.00,-0.63,5700,0,1,410.06,0.0201,1.0000,0.0,0.0,2033.890,1,94.40,200.0,1.447
t_tp15,eva028-CoreRiskV1,t_tp15,XAUUSD_HIST,M1,424,424,425,trend,-1,trend_sell,trend_state_exit,expert,1,2023.05.10 15:15:00,1683731700000,2022.837,2023.05.10 16:15:00,1683735300000,2026.021,0.01,2032.507,2018.917,-3.18,0.00,0.00,-3.18,3600,0,2,1108.92,0.0548,1.0000,0.0,0.0,2026.374,1,196.40,200.0,2.613
t_tp15,eva028-CoreRiskV1,t_tp15,XAUUSD_HIST,M1,426,426,427,trend,-1,trend_sell,trend_state_exit,expert,1,2023.05.11 13:55:00,1683813300000,2012.848,2023.05.11 14:35:00,1683815700000,2020.606,0.01,2026.655,2007.251,-7.76,0.00,0.00,-7.76,2400,0,2,1546.40,0.0768,1.0000,0.0,0.0,2024.721,1,342.10,200.0,3.732
t_tp15,eva028-CoreRiskV1,t_tp15,XAUUSD_HIST,M1,428,428,429,trend,-1,trend_sell,sl,sl,1,2023.05.17 14:05:00,1684332300000,1975.994,2023.05.17 14:19:40,1684333180000,1984.560,0.01,1984.696,1972.466,-8.57,0.00,0.00,-8.57,880,0,2,983.66,0.0498,1.0000,0.0,0.0,1976.928,1,198.45,200.0,2.352
t_tp15,eva028-CoreRiskV1,t_tp15,XAUUSD_HIST,M1,430,430,431,trend,-1,trend_sell,tp,tp,1,2023.05.18 13:25:00,1684416300000,1961.000,2023.05.18 13:38:40,1684417120000,1957.101,0.01,1970.618,1957.101,3.90,0.00,0.00,3.90,820,0,2,689.35,0.0352,1.0000,0.0,0.0,1963.270,1,214.75,200.0,2.600
t_tp15,eva028-CoreRiskV1,t_tp15,XAUUSD_HIST,M1,432,432,433,trend,-1,trend_sell,tp,tp,1,2023.05.18 13:39:00,1684417140000,1956.830,2023.05.18 15:17:40,1684423060000,1952.651,0.01,1967.138,1952.651,4.18,0.00,0.00,4.18,5920,0,2,661.52,0.0338,1.0000,0.0,0.0,1959.655,1,223.75,200.0,2.786
t_tp15,eva028-CoreRiskV1,t_tp15,XAUUSD_HIST,M1,434,434,435,trend,-1,trend_sell,trend_state_exit,expert,1,2023.05.18 15:18:00,1684423080000,1952.662,2023.05.18 15:40:00,1684424400000,1955.919,0.01,1960.402,1949.524,-3.26,0.00,0.00,-3.26,1320,0,2,505.55,0.0259,1.0000,0.0,0.0,1952.856,1,123.55,200.0,2.092
t_tp15,eva028-CoreRiskV1,t_tp15,XAUUSD_HIST,M1,436,436,437,trend,-1,trend_sell,trend_state_exit,expert,1,2023.05.19 13:55:00,1684504500000,1960.980,2023.05.19 14:25:00,1684506300000,1960.985,0.01,1967.778,1958.224,-0.01,0.00,0.00,-0.01,1800,0,2,547.64,0.0279,1.0000,0.0,0.0,1960.611,1,139.82,200.0,1.837
t_tp15,eva028-CoreRiskV1,t_tp15,XAUUSD_HIST,M1,438,438,439,trend,1,trend_buy,tp,tp,1,2023.05.23 13:57:00,1684850220000,1968.675,2023.05.23 13:58:20,1684850300000,1972.636,0.01,1958.904,1972.636,3.96,0.00,0.00,3.96,80,0,1,1977.92,0.1005,1.0000,0.0,0.0,1968.138,1,242.47,200.0,2.641
t_tp15,eva028-CoreRiskV1,t_tp15,XAUUSD_HIST,M1,440,440,441,trend,1,trend_buy,trend_state_exit,expert,1,2023.05.23 13:59:00,1684850340000,1970.678,2023.05.23 14:40:00,1684852800000,1966.884,0.01,1960.907,1974.639,-3.80,0.00,0.00,-3.80,2460,0,1,2027.58,0.1029,1.0000,0.0,0.0,1969.341,1,254.47,400.0,2.641
t_tp15,eva028-CoreRiskV1,t_tp15,XAUUSD_HIST,M1,442,442,443,trend,-1,trend_sell,tp,tp,1,2023.05.24 15:55:00,1684943700000,1961.319,2023.05.24 16:19:20,1684945160000,1958.388,0.01,1968.548,1958.388,2.93,0.00,0.00,2.93,1460,0,2,1019.79,0.0520,1.0000,0.0,0.0,1966.228,1,118.30,200.0,1.954
t_tp15,eva028-CoreRiskV1,t_tp15,XAUUSD_HIST,M1,444,444,445,trend,-1,trend_sell,trend_state_exit,expert,1,2023.05.24 16:20:00,1684945200000,1959.909,2023.05.24 17:15:00,1684948500000,1961.286,0.01,1967.982,1956.636,-1.38,0.00,0.00,-1.38,3300,0,2,838.88,0.0428,1.0000,0.0,0.0,1959.833,1,172.20,200.0,2.182
t_tp15,eva028-CoreRiskV1,t_tp15,XAUUSD_HIST,M1,446,446,447,trend,-1,trend_sell,trend_state_exit,expert,1,2023.05.25 13:01:00,1685019660000,1945.852,2023.05.25 13:20:00,1685020800000,1952.140,0.01,1955.919,1941.771,-6.29,0.00,0.00,-6.29,1140,0,2,823.38,0.0423,1.0000,0.0,0.0,1947.278,1,357.50,400.0,2.721
t_tp15,eva028-CoreRiskV1,t_tp15,XAUUSD_HIST,M1,448,448,449,trend,1,trend_buy,trend_state_exit,expert,1,2023.05.30 15:35:00,1685460900000,1961.576,2023.05.30 16:45:00,1685465100000,1960.837,0.01,1955.918,1963.870,-0.74,0.00,0.00,-0.74,4200,0,1,332.12,0.0169,1.0000,0.0,0.0,1960.865,1,93.38,200.0,1.529
t_tp15,eva028-CoreRiskV1,t_tp15,XAUUSD_HIST,M1,450,450,451,trend,1,trend_buy,tp,tp,1,2023.06.01 13:40:00,1685626800000,1972.737,2023.06.01 14:00:40,1685628040000,1977.353,0.01,1961.351,1977.353,4.61,0.00,0.00,4.61,1240,0,1,790.92,0.0401,1.0000,0.0,0.0,1970.444,1,157.63,200.0,3.077
t_tp15,eva028-CoreRiskV1,t_tp15,XAUUSD_HIST,M1,452,452,453,trend,1,trend_buy,tp,tp,1,2023.06.01 14:01:00,1685628060000,1976.202,2023.06.01 15:31:40,1685633500000,1979.721,0.01,1967.521,1979.721,3.52,0.00,0.00,3.52,5440,0,1,1062.33,0.0538,1.0000,0.0,0.0,1973.622,1,172.70,200.0,2.346
t_tp15,eva028-CoreRiskV1,t_tp15,XAUUSD_HIST,M1,454,454,455,trend,1,trend_buy,trend_state_exit,expert,1,2023.06.01 15:32:00,1685633520000,1980.009,2023.06.01 16:25:00,1685636700000,1979.466,0.01,1972.268,1983.147,-0.54,0.00,0.00,-0.54,3180,0,1,401.66,0.0203,1.0000,0.0,0.0,1979.177,1,120.97,200.0,2.092
t_tp15,eva028-CoreRiskV1,t_tp15,XAUUSD_HIST,M1,456,456,457,trend,-1,trend_sell,trend_state_exit,expert,1,2023.06.02 13:50:00,1685713800000,1962.931,2023.06.02 14:40:00,1685716800000,1966.433,0.01,1975.502,1957.835,-3.50,0.00,0.00,-3.50,3000,0,2,1383.17,0.0705,1.0000,0.0,0.0,1969.403,1,207.93,200.0,3.397
t_tp15,eva028-CoreRiskV1,t_tp15,XAUUSD_HIST,M1,458,458,459,trend,-1,trend_sell,tp,tp,1,2023.06.02 16:15:00,1685722500000,1956.819,2023.06.02 16:43:40,1685724220000,1954.514,0.01,1962.505,1954.514,2.31,0.00,0.00,2.31,1720,0,2,972.01,0.0497,1.0000,0.0,0.0,1958.697,1,92.70,200.0,1.537
t_tp15,eva028-CoreRiskV1,t_tp15,XAUUSD_HIST,M1,460,460,461,trend,-1,trend_sell,tp,tp,1,2023.06.02 16:44:00,1685724240000,1954.402,2023.06.02 17:15:40,1685726140000,1952.161,0.01,1959.930,1952.161,2.24,0.00,0.00,2.24,1900,0,2,296.76,0.0152,1.0000,0.0,0.0,1954.907,1,107.25,200.0,1.494
t_tp15,eva028-CoreRiskV1,t_tp15,XAUUSD_HIST,M1,462,462,463,trend,-1,trend_sell,tp,tp,1,2023.06.02 17:16:00,1685726160000,1952.266,2023.06.02 19:30:40,1685734240000,1949.972,0.01,1957.924,1949.972,2.30,0.00,0.00,2.30,8080,0,2,361.53,0.0185,1.0000,0.0,0.0,1952.436,1,86.33,200.0,1.529
t_tp15,eva028-CoreRiskV1,t_tp15,XAUUSD_HIST,M1,464,464,465,trend,-1,trend_sell,tp,tp,1,2023.06.02 19:31:00,1685734260000,1949.787,2023.06.02 19:45:40,1685735140000,1948.765,0.01,1952.307,1948.765,1.02,0.00,0.00,1.02,880,0,2,158.01,0.0081,1.0000,0.0,0.0,1950.036,1,48.17,200.0,0.681
t_tp15,eva028-CoreRiskV1,t_tp15,XAUUSD_HIST,M1,466,466,467,trend,1,trend_buy,trend_state_exit,expert,1,2023.06.06 16:10:00,1686067800000,1965.769,2023.06.06 16:25:00,1686068700000,1962.340,0.01,1960.169,1968.039,-3.43,0.00,0.00,-3.43,900,0,1,397.76,0.0202,1.0000,0.0,0.0,1964.879,1,79.38,200.0,1.513
t_tp15,eva028-CoreRiskV1,t_tp15,XAUUSD_HIST,M1,468,468,469,trend,-1,trend_sell,tp,tp,1,2023.06.07 15:45:00,1686152700000,1950.769,2023.06.07 15:56:40,1686153400000,1947.291,0.01,1959.349,1947.291,3.48,0.00,0.00,3.48,700,0,2,529.83,0.0272,1.0000,0.0,0.0,1952.494,1,115.80,200.0,2.319
t_tp15,eva028-CoreRiskV1,t_tp15,XAUUSD_HIST,M1,470,470,471,trend,-1,trend_sell,tp,tp,1,2023.06.07 15:57:00,1686153420000,1947.340,2023.06.07 16:18:40,1686154720000,1944.011,0.01,1955.552,1944.011,3.33,0.00,0.00,3.33,1300,0,2,769.27,0.0395,1.0000,0.0,0.0,1949.679,1,127.53,200.0,2.219
t_tp15,eva028-CoreRiskV1,t_tp15,XAUUSD_HIST,M1,472,472,473,trend,-1,trend_sell,trend_state_exit,expert,1,2023.06.07 16:19:00,1686154740000,1943.478,2023.06.07 17:35:00,1686159300000,1945.119,0.01,1951.205,1940.346,-1.64,0.00,0.00,-1.64,4560,0,2,723.52,0.0372,1.0000,0.0,0.0,1944.385,1,131.10,200.0,2.088
t_tp15,eva028-CoreRiskV1,t_tp15,XAUUSD_HIST,M1,474,474,475,trend,1,trend_buy,tp,tp,1,2023.06.08 13:21:00,1686230460000,1958.892,2023.06.08 13:34:40,1686231280000,1962.755,0.01,1949.363,1962.755,3.87,0.00,0.00,3.87,820,0,1,762.98,0.0390,1.0000,0.0,0.0,1958.382,1,163.97,200.0,2.576
t_tp15,eva028-CoreRiskV1,t_tp15,XAUUSD_HIST,M1,476,476,477,trend,1,trend_buy,tp,tp,1,2023.06.08 13:35:00,1686231300000,1963.209,2023.06.08 13:46:40,1686232000000,1967.566,0.01,1952.461,1967.566,4.36,0.00,0.00,4.36,700,0,1,685.66,0.0349,1.0000,0.0,0.0,1960.286,1,149.95,200.0,2.905
t_tp15,eva028-CoreRiskV1,t_tp15,XAUUSD_HIST,M1,478,478,479,trend,1,trend_buy,trend_state_exit,expert,1,2023.06.08 13:47:00,1686232020000,1967.934,2023.06.08 15:25:00,1686237900000,1966.353,0.01,1956.576,1972.539,-1.58,0.00,0.00,-1.58,5880,0,1,804.95,0.0409,1.0000,0.0,0.0,1963.251,1,164.78,200.0,3.070
t_tp15,eva028-CoreRiskV1,t_tp15,XAUUSD_HIST,M1,480,480,481,trend,-1,trend_sell,trend_state_exit,expert,1,2023.06.12 14:20:00,1686579600000,1951.026,2023.06.12 14:55:00,1686581700000,1954.082,0.01,1960.881,1947.031,-3.05,0.00,0.00,-3.05,2100,0,2,813.40,0.0417,1.0000,0.0,0.0,1950.753,1,189.35,200.0,2.663
t_tp15,eva028-CoreRiskV1,t_tp15,XAUUSD_HIST,M1,482,482,483,trend,-1,trend_sell,tp,tp,1,2023.06.13 15:30:00,1686670200000,1945.216,2023.06.13 15:40:40,1686670840000,1942.278,0.01,1952.462,1942.278,2.94,0.00,0.00,2.94,640,0,2,525.38,0.0270,1.0000,0.0,0.0,1948.379,1,116.85,200.0,1.958
t_tp15,eva028-CoreRiskV1,t_tp15,XAUUSD_HIST,M1,484,484,485,trend,-1,trend_sell,trend_state_exit,expert,1,2023.06.13 15:41:00,1686670860000,1942.712,2023.06.13 16:20:00,1686673200000,1946.638,0.01,1949.910,1939.794,-3.93,0.00,0.00,-3.93,2340,0,2,571.68,0.0294,1.0000,0.0,0.0,1945.987,1,133.00,600.0,1.946
t_tp15,eva028-CoreRiskV1,t_tp15,XAUUSD_HIST,M1,486,486,487,trend,1,trend_buy,tp,tp,1,2023.06.15 13:25:00,1686835500000,1939.587,2023.06.15 13:41:40,1686836500000,1944.244,0.01,1928.100,1944.244,4.65,0.00,0.00,4.65,1000,0,1,506.66,0.0261,1.0000,0.0,0.0,1938.893,1,188.53,200.0,3.105
t_tp15,eva028-CoreRiskV1,t_tp15,XAUUSD_HIST,M1,488,488,489,trend,1,trend_buy,tp,tp,1,2023.06.15 13:42:00,1686836520000,1945.161,2023.06.15 13:49:40,1686836980000,1950.207,0.01,1932.714,1950.207,5.05,0.00,0.00,5.05,460,0,1,963.49,0.0495,1.0000,0.0,0.0,1942.456,1,176.05,200.0,3.364
t_tp15,eva028-CoreRiskV1,t_tp15,XAUUSD_HIST,M1,490,490,491,trend,1,trend_buy,tp,tp,1,2023.06.15 13:50:00,1686837000000,1950.404,2023.06.15 14:07:40,1686838060000,1955.618,0.01,1937.543,1955.618,5.22,0.00,0.00,5.22,1060,0,1,1044.80,0.0536,1.0000,0.0,0.0,1945.094,1,185.78,200.0,3.476
t_tp15,eva028-CoreRiskV1,t_tp15,XAUUSD_HIST,M1,492,492,493,trend,1,trend_buy,trend_state_exit,expert,1,2023.06.15 14:08:00,1686838080000,1956.344,2023.06.15 15:10:00,1686841800000,1952.336,0.01,1945.151,1960.882,-4.00,0.00,0.00,-4.00,3720,0,1,688.55,0.0352,1.0000,0.0,0.0,1950.196,1,212.43,200.0,3.025
t_tp15,eva028-CoreRiskV1,t_tp15,XAUUSD_HIST,M1,494,494,495,trend,-1,trend_sell,trend_state_exit,expert,1,2023.06.16 14:30:00,1686925800000,1954.354,2023.06.16 14:50:00,1686927000000,1959.204,0.01,1964.206,1950.360,-4.85,0.00,0.00,-4.85,1200,0,2,904.90,0.0463,1.0000,0.0,0.0,1955.726,1,212.22,200.0,2.663
t_tp15,eva028-CoreRiskV1,t_tp15,XAUUSD_HIST,M1,496,496,497,trend,-1,trend_sell,trend_state_exit,expert,1,2023.06.20 14:54:00,1687272840000,1933.028,2023.06.20 15:00:00,1687273200000,1934.969,0.01,1941.777,1929.481,-1.94,0.00,0.00,-1.94,360,0,2,673.23,0.0348,1.0000,0.0,0.0,1932.851,1,140.30,200.0,2.365
t_tp15,eva028-CoreRiskV1,t_tp15,XAUUSD_HIST,M1,498,498,499,trend,-1,trend_sell,trend_state_exit,expert,1,2023.06.22 13:16:00,1687439760000,1920.255,2023.06.22 13:40:00,1687441200000,1924.552,0.01,1928.727,1916.820,-4.29,0.00,0.00,-4.29,1440,0,2,837.96,0.0436,1.0000,0.0,0.0,1920.023,1,176.20,200.0,2.290
t_tp15,eva028-CoreRiskV1,t_tp15,XAUUSD_HIST,M1,500,500,501,trend,1,trend_buy,tp,tp,1,2023.06.23 13:14:00,1687526040000,1931.681,2023.06.23 13:30:40,1687527040000,1934.748,0.01,1924.117,1934.748,3.07,0.00,0.00,3.07,1000,0,1,681.69,0.0353,1.0000,0.0,0.0,1929.834,1,148.07,200.0,2.044
t_tp15,eva028-CoreRiskV1,t_tp15,XAUUSD_HIST,M1,502,502,503,trend,1,trend_buy,trend_state_exit,expert,1,2023.06.23 13:31:00,1687527060000,1935.412,2023.06.23 14:05:00,1687529100000,1930.797,0.01,1927.045,1938.804,-4.61,0.00,0.00,-4.61,2040,0,1,484.52,0.0250,1.0000,0.0,0.0,1933.832,1,135.15,400.0,2.261
t_tp15,eva028-CoreRiskV1,t_tp15,XAUUSD_HIST,M1,504,504,505,trend,-1,trend_sell,trend_state_exit,expert,1,2023.06.23 16:50:00,1687539000000,1918.383,2023.06.23 17:15:00,1687540500000,1920.662,0.01,1922.568,1916.687,-2.28,0.00,0.00,-2.28,1500,0,2,331.17,0.0173,1.0000,0.0,0.0,1918.786,1,68.90,200.0,1.131
t_tp15,eva028-CoreRiskV1,t_tp15,XAUUSD_HIST,M1,506,506,507,trend,1,trend_buy,trend_state_exit,expert,1,2023.06.30 13:07:00,1688130420000,1911.294,2023.06.30 13:40:00,1688132400000,1910.302,0.01,1903.015,1914.650,-0.99,0.00,0.00,-0.99,1980,0,1,796.73,0.0417,1.0000,0.0,0.0,1911.353,1,190.82,200.0,2.238
t_tp15,eva028-CoreRiskV1,t_tp15,XAUUSD_HIST,M1,508,508,509,trend,1,trend_buy,trend_state_exit,expert,1,2023.06.30 16:05:00,1688141100000,1920.224,2023.06.30 16:30:00,1688142600000,1917.634,0.01,1914.799,1922.423,-2.59,0.00,0.00,-2.59,1500,0,1,323.10,0.0168,1.0000,0.0,0.0,1918.947,1,82.30,200.0,1.466
t_tp15,eva028-CoreRiskV1,t_tp15,XAUUSD_HIST,M1,510,510,511,trend,1,trend_buy,trend_state_exit,expert,1,2023.06.30 17:15:00,1688145300000,1921.945,2023.06.30 17:35:00,1688146500000,1920.168,0.01,1918.185,1923.469,-1.78,0.00,0.00,-1.78,1200,0,1,343.57,0.0179,1.0000,0.0,0.0,1921.638,1,64.33,200.0,1.016
t_tp15,eva028-CoreRiskV1,t_tp15,XAUUSD_HIST,M1,512,512,513,trend,1,trend_buy,tp,tp,1,2023.07.03 14:28:00,1688394480000,1925.498,2023.07.03 14:44:40,1688395480000,1928.887,0.01,1917.139,1928.887,3.39,0.00,0.00,3.39,1000,0,1,515.68,0.0268,1.0000,0.0,0.0,1925.113,1,172.10,200.0,2.259
t_tp15,eva028-CoreRiskV1,t_tp15,XAUUSD_HIST,M1,514,514,515,trend,1,trend_buy,trend_state_exit,expert,1,2023.07.03 14:45:00,1688395500000,1929.473,2023.07.03 15:15:00,1688397300000,1927.202,0.01,1921.607,1932.662,-2.27,0.00,0.00,-2.27,1800,0,1,484.14,0.0251,1.0000,0.0,0.0,1927.918,1,134.30,400.0,2.126
t_tp15,eva028-CoreRiskV1,t_tp15,XAUUSD_HIST,M1,516,516,517,trend,-1,trend_sell,trend_state_exit,expert,1,2023.07.05 14:40:00,1688568000000,1919.933,2023.07.05 15:10:00,1688569800000,1923.783,0.01,1929.343,1916.118,-3.85,0.00,0.00,-3.85,1800,0,2,644.38,0.0336,1.0000,0.0,0.0,1921.737,1,142.18,400.0,2.543
t_tp15,eva028-CoreRiskV1,t_tp15,XAUUSD_HIST,M1,518,518,519,trend,-1,trend_sell,trend_state_exit,expert,1,2023.07.05 18:20:00,1688581200000,1916.422,2023.07.05 19:20:00,1688584800000,1917.218,0.01,1920.571,1914.740,-0.80,0.00,0.00,-0.80,3600,0,2,492.74,0.0257,1.0000,0.0,0.0,1918.499,1,65.20,200.0,1.121
t_tp15,eva028-CoreRiskV1,t_tp15,XAUUSD_HIST,M1,520,520,521,trend,1,trend_buy,trend_state_exit,expert,1,2023.07.07 14:40:00,1688740800000,1931.483,2023.07.07 15:10:00,1688742600000,1929.391,0.01,1922.911,1934.958,-2.09,0.00,0.00,-2.09,1800,0,1,451.62,0.0234,1.0000,0.0,0.0,1929.719,1,145.95,200.0,2.317
t_tp15,eva028-CoreRiskV1,t_tp15,XAUUSD_HIST,M1,522,522,523,trend,1,trend_buy,tp,tp,1,2023.07.12 13:25:00,1689168300000,1948.280,2023.07.12 13:31:40,1689168700000,1952.574,0.01,1937.689,1952.574,4.29,0.00,0.00,4.29,400,0,1,587.96,0.0302,1.0000,0.0,0.0,1946.715,1,203.30,200.0,2.862
t_tp15,eva028-CoreRiskV1,t_tp15,XAUUSD_HIST,M1,524,524,525,trend,1,trend_buy,tp,tp,1,2023.07.12 13:32:00,1689168720000,1953.111,2023.07.12 14:47:40,1689173260000,1957.700,0.01,1941.791,1957.700,4.59,0.00,0.00,4.59,4540,0,1,716.68,0.0367,1.0000,0.0,0.0,1948.402,1,192.72,600.0,3.059
t_tp15,eva028-CoreRiskV1,t_tp15,XAUUSD_HIST,M1,526,526,527,trend,1,trend_buy,trend_state_exit,expert,1,2023.07.12 14:48:00,1689173280000,1957.884,2023.07.12 15:10:00,1689174600000,1954.576,0.01,1949.219,1961.397,-3.30,0.00,0.00,-3.30,1320,0,1,596.49,0.0305,1.0000,0.0,0.0,1957.048,1,125.20,200.0,2.342
t_tp15,eva028-CoreRiskV1,t_tp15,XAUUSD_HIST,M1,528,528,529,trend,-1,trend_sell,trend_state_exit,expert,1,2023.07.17 13:08:00,1689599280000,1947.822,2023.07.17 14:00:00,1689602400000,1950.669,0.01,1955.463,1944.724,-2.85,0.00,0.00,-2.85,3120,0,2,553.32,0.0284,1.0000,0.0,0.0,1947.895,1,136.85,200.0,2.065
t_tp15,eva028-CoreRiskV1,t_tp15,XAUUSD_HIST,M1,530,530,531,trend,1,trend_buy,tp,tp,1,2023.07.18 14:10:00,1689689400000,1977.671,2023.07.18 14:42:40,1689691360000,1982.568,0.01,1965.591,1982.568,4.90,0.00,0.00,4.90,1960,0,1,948.57,0.0480,1.0000,0.0,0.0,1973.654,1,241.18,720.0,3.265
t_tp15,eva028-CoreRiskV1,t_tp15,XAUUSD_HIST,M1,532,532,533,trend,1,trend_buy,trend_state_exit,expert,1,2023.07.18 14:43:00,1689691380000,1983.645,2023.07.18 15:40:00,1689694800000,1979.164,0.01,1971.426,1988.599,-4.49,0.00,0.00,-4.49,3420,0,1,710.27,0.0358,1.0000,0.0,0.0,1981.990,1,185.22,600.0,3.302
t_tp15,eva028-CoreRiskV1,t_tp15,XAUUSD_HIST,M1,534,534,535,trend,-1,trend_sell,trend_state_exit,expert,1,2023.07.20 14:58:00,1689865080000,1969.392,2023.07.20 15:25:00,1689866700000,1970.745,0.01,1978.109,1965.858,-1.36,0.00,0.00,-1.36,1620,0,2,672.65,0.0342,1.0000,0.0,0.0,1969.450,1,133.63,200.0,2.356
t_tp15,eva028-CoreRiskV1,t_tp15,XAUUSD_HIST,M1,536,536,537,trend,-1,trend_sell,tp,tp,1,2023.07.27 13:11:00,1690463460000,1957.630,2023.07.27 13:32:40,1690464760000,1952.922,0.01,1969.242,1952.922,4.71,0.00,0.00,4.71,1300,0,2,1006.08,0.0514,1.0000,0.0,0.0,1958.620,1,255.07,200.0,3.138
t_tp15,eva028-CoreRiskV1,t_tp15,XAUUSD_HIST,M1,538,538,539,trend,-1,trend_sell,tp,tp,1,2023.07.27 13:33:00,1690464780000,1952.522,2023.07.27 13:40:40,1690465240000,1947.462,0.01,1965.002,1947.462,5.06,0.00,0.00,5.06,460,0,2,787.12,0.0403,1.0000,0.0,0.0,1954.968,1,195.78,400.0,3.373
t_tp15,eva028-CoreRiskV1,t_tp15,XAUUSD_HIST,M1,540,540,541,trend,-1,trend_sell,trend_state_exit,expert,1,2023.07.27 13:41:00,1690465260000,1944.622,2023.07.27 15:45:00,1690472700000,1945.738,0.01,1958.728,1938.903,-1.12,0.00,0.00,-1.12,7440,0,2,1548.16,0.0796,1.0000,0.0,0.0,1952.076,1,208.85,400.0,3.812
t_tp15,eva028-CoreRiskV1,t_tp15,XAUUSD_HIST,M1,542,542,543,trend,1,trend_buy,trend_state_exit,expert,1,2023.07.28 11:30:00,1690543800000,1957.544,2023.07.28 12:15:00,1690546500000,1955.986,0.01,1953.886,1959.027,-1.55,0.00,0.00,-1.55,2700,0,1,337.70,0.0173,1.0000,0.0,0.0,1956.597,1,60.20,200.0,0.989
t_tp15,eva028-CoreRiskV1,t_tp15,XAUUSD_HIST,M1,544,544,545,trend,-1,trend_sell,trend_state_exit,expert,1,2023.08.01 12:58:00,1690894680000,1946.309,2023.08.01 13:50:00,1690897800000,1948.204,0.01,1953.621,1943.345,-1.89,0.00,0.00,-1.89,3120,0,2,540.49,0.0278,1.0000,0.0,0.0,1947.038,1,146.97,200.0,1.976
t_tp15,eva028-CoreRiskV1,t_tp15,XAUUSD_HIST,M1,546,546,547,trend,-1,trend_sell,trend_state_exit,expert,1,2023.08.01 15:15:00,1690902900000,1943.016,2023.08.01 16:55:00,1690908900000,1943.540,0.01,1951.047,1939.760,-0.52,0.00,0.00,-0.52,6000,0,2,457.42,0.0235,1.0000,0.0,0.0,1943.349,1,100.90,200.0,2.170
t_tp15,eva028-CoreRiskV1,t_tp15,XAUUSD_HIST,M1,548,548,549,trend,-1,trend_sell,tp,tp,1,2023.08.02 14:15:00,1690985700000,1940.065,2023.08.02 14:18:40,1690985920000,1937.334,0.01,1946.802,1937.334,2.74,0.00,0.00,2.74,220,0,2,627.29,0.0323,1.0000,0.0,0.0,1941.960,1,128.80,200.0,1.821
t_tp15,eva028-CoreRiskV1,t_tp15,XAUUSD_HIST,M1,550,550,551,trend,-1,trend_sell,tp,tp,1,2023.08.02 14:19:00,1690985940000,1936.936,2023.08.02 14:57:40,1690988260000,1934.205,0.01,1943.673,1934.205,2.73,0.00,0.00,2.73,2320,0,2,820.22,0.0423,1.0000,0.0,0.0,1941.016,1,130.95,200.0,1.821
t_tp15,eva028-CoreRiskV1,t_tp15,XAUUSD_HIST,M1,552,552,553,trend,-1,trend_sell,trend_state_exit,expert,1,2023.08.02 14:58:00,1690988280000,1934.314,2023.08.02 15:55:00,1690991700000,1936.259,0.01,1942.155,1931.135,-1.95,0.00,0.00,-1.95,3420,0,2,499.43,0.0258,1.0000,0.0,0.0,1934.567,1,151.78,200.0,2.119
t_tp15,eva028-CoreRiskV1,t_tp15,XAUUSD_HIST,M1,554,554,555,trend,1,trend_buy,tp,tp,1,2023.08.04 13:25:00,1691155500000,1940.683,2023.08.04 13:36:40,1691156200000,1945.459,0.01,1928.903,1945.459,4.78,0.00,0.00,4.78,700,0,1,900.61,0.0464,1.0000,0.0,0.0,1941.610,1,212.78,200.0,3.184
t_tp15,eva028-CoreRiskV1,t_tp15,XAUUSD_HIST,M1,556,556,557,trend,1,trend_buy,trend_state_exit,expert,1,2023.08.04 13:37:00,1691156220000,1946.202,2023.08.04 14:05:00,1691157900000,1942.080,0.01,1933.944,1951.171,-4.12,0.00,0.00,-4.12,1680,0,1,943.34,0.0485,1.0000,0.0,0.0,1943.403,1,201.95,200.0,3.313
t_tp15,eva028-CoreRiskV1,t_tp15,XAUUSD_HIST,M1,558,558,559,trend,-1,trend_sell,trend_state_exit,expert,1,2023.08.08 12:56:00,1691499360000,1924.921,2023.08.08 13:10:00,1691500200000,1927.941,0.01,1931.835,1922.118,-3.02,0.00,0.00,-3.02,840,0,2,594.89,0.0309,1.0000,0.0,0.0,1925.446,1,124.85,200.0,1.869
t_tp15,eva028-CoreRiskV1,t_tp15,XAUUSD_HIST,M1,560,560,561,trend,1,trend_buy,trend_state_exit,expert,1,2023.08.15 14:40:00,1692110400000,1909.418,2023.08.15 15:20:00,1692112800000,1907.006,0.01,1901.752,1912.526,-2.41,0.00,0.00,-2.41,2400,0,1,504.13,0.0264,1.0000,0.0,0.0,1908.443,1,124.75,200.0,2.072
t_tp15,eva028-CoreRiskV1,t_tp15,XAUUSD_HIST,M1,562,562,563,trend,-1,trend_sell,tp,tp,1,2023.08.17 15:50:00,1692287400000,1891.833,2023.08.17 15:56:40,1692287800000,1890.104,0.01,1896.099,1890.104,1.73,0.00,0.00,1.73,400,0,2,405.49,0.0214,1.0000,0.0,0.0,1892.664,1,70.45,200.0,1.153
t_tp15,eva028-CoreRiskV1,t_tp15,XAUUSD_HIST,M1,564,564,565,trend,-1,trend_sell,tp,tp,1,2023.08.17 15:57:00,1692287820000,1889.839,2023.08.17 16:48:40,1692290920000,1888.148,0.01,1894.010,1888.148,1.69,0.00,0.00,1.69,3100,0,2,449.56,0.0238,1.0000,0.0,0.0,1891.468,1,71.58,200.0,1.127
t_tp15,eva028-CoreRiskV1,t_tp15,XAUUSD_HIST,M1,566,566,567,trend,-1,trend_sell,tp,tp,1,2023.08.17 16:49:00,1692290940000,1887.620,2023.08.17 17:29:40,1692293380000,1886.079,0.01,1891.421,1886.079,1.54,0.00,0.00,1.54,2440,0,2,451.86,0.0239,1.0000,0.0,0.0,1889.329,1,59.75,200.0,1.027
t_tp15,eva028-CoreRiskV1,t_tp15,XAUUSD_HIST,M1,568,568,569,trend,-1,trend_sell,trend_state_exit,expert,1,2023.08.17 17:30:00,1692293400000,1885.970,2023.08.17 18:30:00,1692297000000,1886.665,0.01,1889.840,1884.401,-0.70,0.00,0.00,-0.70,3600,0,2,235.56,0.0125,1.0000,0.0,0.0,1886.505,1,61.52,200.0,1.046
t_tp15,eva028-CoreRiskV1,t_tp15,XAUUSD_HIST,M1,570,570,571,trend,1,trend_buy,tp,tp,1,2023.08.23 13:41:00,1692798060000,1910.267,2023.08.23 13:45:40,1692798340000,1913.111,0.01,1903.252,1913.111,2.84,0.00,0.00,2.84,280,0,1,573.22,0.0300,1.0000,0.0,0.0,1909.868,1,125.25,200.0,1.896
t_tp15,eva028-CoreRiskV1,t_tp15,XAUUSD_HIST,M1,572,572,573,trend,1,trend_buy,tp,tp,1,2023.08.23 13:46:00,1692798360000,1913.119,2023.08.23 13:47:40,1692798460000,1916.032,0.01,1905.933,1916.032,2.91,0.00,0.00,2.91,100,0,1,1015.42,0.0531,1.0000,0.0,0.0,1909.670,1,135.32,960.0,1.942
t_tp15,eva028-CoreRiskV1,t_tp15,XAUUSD_HIST,M1,574,574,575,trend,1,trend_buy,tp,tp,1,2023.08.23 13:48:00,1692798480000,1917.078,2023.08.23 16:35:40,1692808540000,1919.991,0.01,1909.892,1919.991,2.91,0.00,0.00,2.91,10060,0,1,1322.04,0.0690,1.0000,0.0,0.0,1910.432,1,141.80,880.0,1.942
t_tp15,eva028-CoreRiskV1,t_tp15,XAUUSD_HIST,M1,576,576,577,trend,1,trend_buy,trend_state_exit,expert,1,2023.08.23 16:36:00,1692808560000,1920.159,2023.08.23 17:10:00,1692810600000,1918.823,0.01,1917.398,1921.278,-1.34,0.00,0.00,-1.34,2040,0,1,201.24,0.0105,1.0000,0.0,0.0,1919.698,1,56.02,200.0,0.746
t_tp15,eva028-CoreRiskV1,t_tp15,XAUUSD_HIST,M1,578,578,579,trend,-1,trend_sell,trend_state_exit,expert,1,2023.08.25 14:35:00,1692974100000,1907.923,2023.08.25 15:35:00,1692977700000,1908.209,0.01,1919.114,1903.386,-0.29,0.00,0.00,-0.29,3600,0,2,976.69,0.0512,1.0000,0.0,0.0,1912.483,1,287.65,600.0,3.025
t_tp15,eva028-CoreRiskV1,t_tp15,XAUUSD_HIST,M1,580,580,581,trend,-1,trend_sell,trend_state_exit,expert,1,2023.09.01 14:35:00,1693578900000,1934.906,2023.09.01 15:00:00,1693580400000,1940.233,0.01,1945.919,1930.441,-5.32,0.00,0.00,-5.32,1500,0,2,636.61,0.0329,1.0000,0.0,0.0,1936.436,1,200.93,400.0,2.976
t_tp15,eva028-CoreRiskV1,t_tp15,XAUUSD_HIST,M1,582,582,583,trend,1,trend_buy,tp,tp,1,2023.09.15 14:05:00,1694786700000,1927.142,2023.09.15 14:18:40,1694787520000,1929.835,0.01,1920.500,1929.835,2.70,0.00,0.00,2.70,820,0,1,665.68,0.0345,1.0000,0.0,0.0,1925.301,1,135.32,200.0,1.795
t_tp15,eva028-CoreRiskV1,t_tp15,XAUUSD_HIST,M1,584,584,585,trend,1,trend_buy,trend_state_exit,expert,1,2023.09.15 14:19:00,1694787540000,1929.877,2023.09.15 15:05:00,1694790300000,1926.690,0.01,1922.921,1932.697,-3.19,0.00,0.00,-3.19,2760,0,1,604.74,0.0313,1.0000,0.0,0.0,1928.858,1,138.82,400.0,1.880
t_tp15,eva028-CoreRiskV1,t_tp15,XAUUSD_HIST,M1,586,586,587,trend,1,trend_buy,tp,tp,1,2023.09.20 14:38:00,1695220680000,1942.866,2023.09.20 15:13:20,1695222800000,1945.476,0.01,1936.428,1945.476,2.61,0.00,0.00,2.61,2120,0,1,481.53,0.0248,1.0000,0.0,0.0,1942.661,1,100.53,200.0,1.740
t_tp15,eva028-CoreRiskV1,t_tp15,XAUUSD_HIST,M1,588,588,589,trend,1,trend_buy,trend_state_exit,expert,1,2023.09.20 15:14:00,1695222840000,1945.455,2023.09.20 15:40:00,1695224400000,1943.107,0.01,1939.914,1947.701,-2.35,0.00,0.00,-2.35,1560,0,1,223.44,0.0115,1.0000,0.0,0.0,1945.174,1,75.40,200.0,1.497
t_tp15,eva028-CoreRiskV1,t_tp15,XAUUSD_HIST,M1,590,590,591,trend,-1,trend_sell,tp,tp,1,2023.09.20 19:50:00,1695239400000,1934.757,2023.09.20 20:08:40,1695240520000,1931.641,0.01,1942.444,1931.641,3.12,0.00,0.00,3.12,1120,0,2,488.03,0.0252,1.0000,0.0,0.0,1935.450,1,90.67,200.0,2.077
t_tp15,eva028-CoreRiskV1,t_tp15,XAUUSD_HIST,M1,592,592,593,trend,-1,trend_sell,trend_state_exit,expert,1,2023.09.20 20:09:00,1695240540000,1931.318,2023.09.20 22:25:00,1695248700000,1931.385,0.01,1938.144,1928.551,-0.07,0.00,0.00,-0.07,8160,0,2,287.78,0.0149,1.0000,0.0,0.0,1932.755,1,77.75,200.0,1.845
t_tp15,eva028-CoreRiskV1,t_tp15,XAUUSD_HIST,M1,594,594,595,trend,-1,trend_sell,tp,tp,1,2023.09.27 14:26:00,1695824760000,1886.694,2023.09.27 14:52:40,1695826360000,1884.103,0.01,1893.085,1884.103,2.59,0.00,0.00,2.59,1600,0,2,617.78,0.0327,1.0000,0.0,0.0,1886.309,1,109.55,200.0,1.727
t_tp15,eva028-CoreRiskV1,t_tp15,XAUUSD_HIST,M1,596,596,597,trend,-1,trend_sell,tp,tp,1,2023.09.27 14:53:00,1695826380000,1883.771,2023.09.27 15:22:40,1695828160000,1881.013,0.01,1890.574,1881.013,2.76,0.00,0.00,2.76,1780,0,2,479.23,0.0254,1.0000,0.0,0.0,1885.067,1,96.67,600.0,1.839
t_tp15,eva028-CoreRiskV1,t_tp15,XAUUSD_HIST,M1,598,598,599,trend,-1,trend_sell,tp,tp,1,2023.09.27 15:23:00,1695828180000,1880.126,2023.09.27 16:26:40,1695832000000,1877.447,0.01,1886.734,1877.447,2.68,0.00,0.00,2.68,3820,0,2,483.13,0.0257,1.0000,0.0,0.0,1882.030,1,94.17,720.0,1.786
t_tp15,eva028-CoreRiskV1,t_tp15,XAUUSD_HIST,M1,600,600,601,trend,-1,trend_sell,tp,tp,1,2023.09.27 16:27:00,1695832020000,1877.160,2023.09.27 17:17:40,1695835060000,1874.953,0.01,1882.604,1874.953,2.21,0.00,0.00,2.21,3040,0,2,411.41,0.0219,1.0000,0.0,0.0,1877.536,1,72.75,200.0,1.471
t_tp15,eva028-CoreRiskV1,t_tp15,XAUUSD_HIST,M1,602,602,603,trend,-1,trend_sell,tp,tp,1,2023.09.27 17:18:00,1695835080000,1874.808,2023.09.27 17:31:40,1695835900000,1872.998,0.01,1879.272,1872.998,1.81,0.00,0.00,1.81,820,0,2,446.04,0.0238,1.0000,0.0,0.0,1875.418,1,68.53,400.0,1.206
t_tp15,eva028-CoreRiskV1,t_tp15,XAUUSD_HIST,M1,604,604,605,trend,-1,trend_sell,trend_state_exit,expert,1,2023.09.27 17:32:00,1695835920000,1873.173,2023.09.27 18:35:00,1695839700000,1875.872,0.01,1877.694,1871.340,-2.70,0.00,0.00,-2.70,3780,0,2,484.85,0.0259,1.0000,0.0,0.0,1873.549,1,76.40,400.0,1.222
t_tp15,eva028-CoreRiskV1,t_tp15,XAUUSD_HIST,M1,606,606,607,trend,-1,trend_sell,tp,tp,1,2023.09.28 15:05:00,1695913500000,1864.049,2023.09.28 15:12:40,1695913960000,1860.783,0.01,1872.106,1860.783,3.27,0.00,0.00,3.27,460,0,2,571.76,0.0307,1.0000,0.0,0.0,1865.904,1,117.58,200.0,2.177
t_tp15,eva028-CoreRiskV1,t_tp15,XAUUSD_HIST,M1,608,608,609,trend,-1,trend_sell,sl,sl,1,2023.09.28 15:13:00,1695913980000,1859.665,2023.09.28 15:44:40,1695915880000,1865.415,0.01,1867.773,1856.378,-5.75,0.00,0.00,-5.75,1900,0,2,606.29,0.0326,1.0000,0.0,0.0,1864.068,1,115.40,600.0,2.191
t_tp15,eva028-CoreRiskV1,t_tp15,XAUUSD_HIST,M1,610,610,611,trend,-1,trend_sell,tp,tp,1,2023.09.29 14:25:00,1695997500000,1859.229,2023.09.29 15:29:40,1696001380000,1855.154,0.01,1869.281,1855.154,4.08,0.00,0.00,4.08,3880,0,2,920.09,0.0495,1.0000,0.0,0.0,1863.892,1,178.80,600.0,2.717
t_tp15,eva028-CoreRiskV1,t_tp15,XAUUSD_HIST,M1,612,612,613,trend,-1,trend_sell,trend_state_exit,expert,1,2023.09.29 15:30:00,1696001400000,1854.665,2023.09.29 16:30:00,1696005000000,1856.183,0.01,1864.421,1850.710,-1.51,0.00,0.00,-1.51,3600,0,2,466.69,0.0252,1.0000,0.0,0.0,1856.052,1,129.50,400.0,2.637
t_tp15,eva028-CoreRiskV1,t_tp15,XAUUSD_HIST,M1,614,614,615,trend,-1,trend_sell,trend_state_exit,expert,1,2023.09.29 18:25:00,1696011900000,1848.000,2023.09.29 19:00:00,1696014000000,1849.042,0.01,1851.806,1846.457,-1.04,0.00,0.00,-1.04,2100,0,2,345.82,0.0187,1.0000,0.0,0.0,1848.734,1,57.45,200.0,1.029
t_tp15,eva028-CoreRiskV1,t_tp15,XAUUSD_HIST,M1,616,616,617,trend,1,trend_buy,trend_state_exit,expert,1,2023.10.06 14:30:00,1696602600000,1829.615,2023.10.06 14:55:00,1696604100000,1823.782,0.01,1818.315,1834.196,-5.84,0.00,0.00,-5.84,1500,0,1,709.10,0.0388,1.0000,0.0,0.0,1827.907,1,191.03,200.0,3.054
t_tp15,eva028-CoreRiskV1,t_tp15,XAUUSD_HIST,M1,618,618,619,trend,1,trend_buy,tp,tp,1,2023.10.09 17:45:00,1696873500000,1855.089,2023.10.09 18:55:40,1696877740000,1856.462,0.01,1851.703,1856.462,1.37,0.00,0.00,1.37,4240,0,1,438.94,0.0237,1.0000,0.0,0.0,1853.389,1,56.33,200.0,0.915
t_tp15,eva028-CoreRiskV1,t_tp15,XAUUSD_HIST,M1,620,620,621,trend,1,trend_buy,tp,tp,1,2023.10.09 18:56:00,1696877760000,1856.744,2023.10.09 19:02:40,1696878160000,1858.039,0.01,1853.549,1858.039,1.30,0.00,0.00,1.30,400,0,1,327.39,0.0176,1.0000,0.0,0.0,1855.344,1,43.33,200.0,0.864
t_tp15,eva028-CoreRiskV1,t_tp15,XAUUSD_HIST,M1,622,622,623,trend,1,trend_buy,tp,tp,1,2023.10.09 19:03:00,1696878180000,1858.892,2023.10.09 19:14:40,1696878880000,1860.184,0.01,1855.706,1860.184,1.29,0.00,0.00,1.29,700,0,1,523.21,0.0281,1.0000,0.0,0.0,1856.623,1,48.40,200.0,0.861
t_tp15,eva028-CoreRiskV1,t_tp15,XAUUSD_HIST,M1,624,624,625,trend,1,trend_buy,tp,tp,1,2023.10.09 19:15:00,1696878900000,1860.435,2023.10.09 19:20:40,1696879240000,1861.767,0.01,1857.149,1861.767,1.33,0.00,0.00,1.33,340,0,1,431.22,0.0232,1.0000,0.0,0.0,1858.955,1,56.20,200.0,0.888
t_tp15,eva028-CoreRiskV1,t_tp15,XAUUSD_HIST,M1,626,626,627,trend,1,trend_buy,trend_state_exit,expert,1,2023.10.09 19:21:00,1696879260000,1862.027,2023.10.09 20:30:00,1696883400000,1861.439,0.01,1858.591,1863.420,-0.59,0.00,0.00,-0.59,4140,0,1,348.63,0.0187,1.0000,0.0,0.0,1859.878,1,59.08,200.0,0.929
t_tp15,eva028-CoreRiskV1,t_tp15,XAUUSD_HIST,M1,628,628,629,trend,1,trend_buy,trend_state_exit,expert,1,2023.10.11 16:10:00,1697040600000,1876.691,2023.10.11 16:55:00,1697043300000,1874.486,0.01,1871.658,1878.731,-2.20,0.00,0.00,-2.20,2700,0,1,573.19,0.0305,1.0000,0.0,0.0,1874.701,1,84.50,200.0,1.360
t_tp15,eva028-CoreRiskV1,t_tp15,XAUUSD_HIST,M1,630,630,631,trend,1,trend_buy,trend_state_exit,expert,1,2023.10.13 12:49:00,1697201340000,1915.271,2023.10.13 13:25:00,1697203500000,1906.049,0.01,1903.413,1920.078,-9.22,0.00,0.00,-9.22,2160,0,1,1543.87,0.0806,1.0000,0.0,0.0,1912.536,1,244.97,200.0,3.205
t_tp15,eva028-CoreRiskV1,t_tp15,XAUUSD_HIST,M1,632,632,633,trend,1,trend_buy,tp,tp,1,2023.10.13 16:05:00,1697213100000,1924.337,2023.10.13 16:59:40,1697216380000,1926.970,0.01,1917.842,1926.970,2.63,0.00,0.00,2.63,3280,0,1,340.76,0.0177,1.0000,0.0,0.0,1923.006,1,97.58,200.0,1.755
t_tp15,eva028-CoreRiskV1,t_tp15,XAUUSD_HIST,M1,634,634,635,trend,1,trend_buy,tp,tp,1,2023.10.13 17:00:00,1697216400000,1927.327,2023.10.13 17:53:40,1697219620000,1929.505,0.01,1921.954,1929.505,2.18,0.00,0.00,2.18,3220,0,1,499.70,0.0259,1.0000,0.0,0.0,1926.578,1,82.25,200.0,1.452
t_tp15,eva028-CoreRiskV1,t_tp15,XAUUSD_HIST,M1,636,636,637,trend,1,trend_buy,trend_state_exit,expert,1,2023.10.13 17:54:00,1697219640000,1929.869,2023.10.13 18:40:00,1697222400000,1927.885,0.01,1924.708,1931.961,-1.98,0.00,0.00,-1.98,2760,0,1,271.00,0.0140,1.0000,0.0,0.0,1928.812,1,77.63,200.0,1.395
t_tp15,eva028-CoreRiskV1,t_tp15,XAUUSD_HIST,M1,638,638,639,trend,1,trend_buy,trend_state_exit,expert,1,2023.10.18 14:26:00,1697639160000,1954.333,2023.10.18 14:30:00,1697639400000,1952.163,0.01,1943.321,1958.797,-2.17,0.00,0.00,-2.17,240,0,1,821.81,0.0421,1.0000,0.0,0.0,1954.931,1,191.82,200.0,2.976
t_tp15,eva028-CoreRiskV1,t_tp15,XAUUSD_HIST,M1,640,640,641,trend,1,trend_buy,trend_state_exit,expert,1,2023.10.19 07:30:00,1697700600000,1951.835,2023.10.19 08:00:00,1697702400000,1949.427,0.01,1947.179,1953.723,-2.41,0.00,0.00,-2.41,1800,0,1,515.26,0.0264,1.0000,0.0,0.0,1950.935,1,82.65,200.0,1.258
t_tp15,eva028-CoreRiskV1,t_tp15,XAUUSD_HIST,M1,642,642,643,trend,1,trend_buy,sl,sl,1,2023.10.19 15:40:00,1697730000000,1959.470,2023.10.19 16:00:20,1697731220000,1954.344,0.01,1953.334,1961.958,-5.13,0.00,0.00,-5.13,1220,0,1,538.89,0.0275,1.0000,0.0,0.0,1957.704,1,105.30,200.0,1.658
t_tp15,eva028-CoreRiskV1,t_tp15,XAUUSD_HIST,M1,644,644,645,trend,1,trend_buy,tp,tp,1,2023.10.19 16:01:00,1697731260000,1957.045,2023.10.19 16:02:40,1697731360000,1959.671,0.01,1950.567,1959.671,2.62,0.00,0.00,2.62,100,0,1,520.27,0.0266,1.0000,0.0,0.0,1956.575,1,109.00,200.0,1.751
t_tp15,eva028-CoreRiskV1,t_tp15,XAUUSD_HIST,M1,646,646,647,trend,1,trend_buy,trend_state_exit,expert,1,2023.10.19 16:03:00,1697731380000,1960.991,2023.10.19 16:30:00,1697733000000,1956.219,0.01,1954.513,1963.617,-4.77,0.00,0.00,-4.77,1620,0,1,856.82,0.0437,1.0000,0.0,0.0,1957.125,1,115.97,200.0,1.751
t_tp15,eva028-CoreRiskV1,t_tp15,XAUUSD_HIST,M1,648,648,649,trend,1,trend_buy,trend_state_exit,expert,1,2023.10.19 18:05:00,1697738700000,1974.808,2023.10.19 20:00:00,1697745600000,1974.348,0.01,1964.333,1979.055,-0.46,0.00,0.00,-0.46,6900,0,1,789.80,0.0400,1.0000,0.0,0.0,1973.251,1,136.88,200.0,2.831
t_tp15,eva028-CoreRiskV1,t_tp15,XAUUSD_HIST,M1,650,650,651,trend,1,trend_buy,trend_state_exit,expert,1,2023.10.20 15:10:00,1697814600000,1993.700,2023.10.20 15:55:00,1697817300000,1992.594,0.01,1983.255,1997.934,-1.11,0.00,0.00,-1.11,2700,0,1,505.22,0.0253,1.0000,0.0,0.0,1992.192,1,129.22,200.0,2.823
t_tp15,eva028-CoreRiskV1,t_tp15,XAUUSD_HIST,M1,652,652,653,trend,1,trend_buy,tp,tp,1,2023.10.23 07:40:00,1698046800000,1979.176,2023.10.23 08:07:40,1698048460000,1980.875,0.01,1974.986,1980.875,1.70,0.00,0.00,1.70,1660,0,1,402.57,0.0203,1.0000,0.0,0.0,1977.672,1,82.63,200.0,1.132
t_tp15,eva028-CoreRiskV1,t_tp15,XAUUSD_HIST,M1,654,654,655,trend,1,trend_buy,trend_state_exit,expert,1,2023.10.23 08:08:00,1698048480000,1981.235,2023.10.23 09:15:00,1698052500000,1980.533,0.01,1976.920,1982.984,-0.71,0.00,0.00,-0.71,4020,0,1,465.00,0.0235,1.0000,0.0,0.0,1980.723,1,77.90,200.0,1.166
t_tp15,eva028-CoreRiskV1,t_tp15,XAUUSD_HIST,M1,656,656,657,trend,1,trend_buy,tp,tp,1,2023.10.24 16:20:00,1698164400000,1972.208,2023.10.24 16:32:40,1698165160000,1974.759,0.01,1965.916,1974.759,2.55,0.00,0.00,2.55,760,0,1,489.85,0.0248,1.0000,0.0,0.0,1970.834,1,88.47,200.0,1.700
t_tp15,eva028-CoreRiskV1,t_tp15,XAUUSD_HIST,M1,658,658,659,trend,1,trend_buy,trend_state_exit,expert,1,2023.10.24 16:33:00,1698165180000,1975.146,2023.10.24 18:10:00,1698171000000,1974.372,0.01,1969.171,1977.569,-0.78,0.00,0.00,-0.78,5820,0,1,409.50,0.0207,1.0000,0.0,0.0,1973.156,1,88.00,200.0,1.615
t_tp15,eva028-CoreRiskV1,t_tp15,XAUUSD_HIST,M1,660,660,661,trend,1,trend_buy,trend_state_exit,expert,1,2023.10.26 17:10:00,1698340200000,1987.201,2023.10.26 18:10:00,1698343800000,1985.501,0.01,1981.616,1989.465,-1.70,0.00,0.00,-1.70,3600,0,1,476.07,0.0240,1.0000,0.0,0.0,1985.498,1,87.55,200.0,1.509
t_tp15,eva028-CoreRiskV1,t_tp15,XAUUSD_HIST,M1,662,662,663,trend,1,trend_buy,tp,tp,1,2023.10.27 17:35:00,1698428100000,1991.712,2023.10.27 17:39:40,1698428380000,1993.819,0.01,1986.515,1993.819,2.11,0.00,0.00,2.11,280,0,1,579.76,0.0291,1.0000,0.0,0.0,1988.054,1,89.10,200.0,1.405
t_tp15,eva028-CoreRiskV1,t_tp15,XAUUSD_HIST,M1,664,664,665,trend,1,trend_buy,tp,tp,1,2023.10.27 17:40:00,1698428400000,1995.489,2023.10.27 18:05:40,1698429940000,1997.977,0.01,1989.353,1997.977,2.49,0.00,0.00,2.49,1540,0,1,977.91,0.0490,1.0000,0.0,0.0,1989.239,1,101.10,200.0,1.658
t_tp15,eva028-CoreRiskV1,t_tp15,XAUUSD_HIST,M1,666,666,667,trend,1,trend_buy,tp,tp,1,2023.10.27 18:06:00,1698429960000,1998.173,2023.10.27 18:11:40,1698430300000,2001.114,0.01,1990.918,2001.114,2.94,0.00,0.00,2.94,340,0,1,435.63,0.0218,1.0000,0.0,0.0,1996.204,1,116.15,200.0,1.961
t_tp15,eva028-CoreRiskV1,t_tp15,XAUUSD_HIST,M1,668,668,669,trend,1,trend_buy,tp,tp,1,2023.10.27 18:12:00,1698430320000,2002.104,2023.10.27 18:15:40,1698430540000,2005.209,0.01,1994.445,2005.209,3.11,0.00,0.00,3.11,220,0,1,675.24,0.0337,1.0000,0.0,0.0,1997.609,1,125.00,200.0,2.070
t_tp15,eva028-CoreRiskV1,t_tp15,XAUUSD_HIST,M1,670,670,671,trend,1,trend_buy,tp,tp,1,2023.10.27 18:16:00,1698430560000,2004.569,2023.10.27 18:27:40,1698431260000,2007.924,0.01,1996.294,2007.924,3.35,0.00,0.00,3.35,700,0,1,881.30,0.0440,1.0000,0.0,0.0,1998.767,1,134.03,200.0,2.237
t_tp15,eva028-CoreRiskV1,t_tp15,XAUUSD_HIST,M1,672,672,673,trend,1,trend_buy,trend_state_exit,expert,1,2023.10.27 18:28:00,1698431280000,2008.175,2023.10.27 20:10:00,1698437400000,2005.393,0.01,1999.030,2011.883,-2.79,0.00,0.00,-2.79,6120,0,1,784.85,0.0391,1.0000,0.0,0.0,2002.379,1,138.68,200.0,2.472
t_tp15,eva028-CoreRiskV1,t_tp15,XAUUSD_HIST,M1,674,674,675,trend,1,trend_buy,trend_state_exit,expert,1,2023.10.31 14:25:00,1698762300000,2006.294,2023.10.31 14:50:00,1698763800000,2001.470,0.01,1997.935,2009.683,-4.82,0.00,0.00,-4.82,1500,0,1,925.79,0.0461,1.0000,0.0,0.0,2006.077,1,163.95,200.0,2.259
t_tp15,eva028-CoreRiskV1,t_tp15,XAUUSD_HIST,M1,676,676,677,trend,-1,trend_sell,tp,tp,1,2023.10.31 16:15:00,1698768900000,1989.064,2023.10.31 17:22:40,1698772960000,1985.201,0.01,1998.593,1985.201,3.86,0.00,0.00,3.86,4060,0,2,925.07,0.0465,1.0000,0.0,0.0,1990.978,1,122.75,200.0,2.575
t_tp15,eva028-CoreRiskV1,t_tp15,XAUUSD_HIST,M1,678,678,679,trend,-1,trend_sell,tp,tp,1,2023.10.31 17:23:00,1698772980000,1985.311,2023.10.31 18:17:40,1698776260000,1982.106,0.01,1993.216,1982.106,3.20,0.00,0.00,3.20,3280,0,2,676.88,0.0341,1.0000,0.0,0.0,1988.205,1,110.08,200.0,2.136
t_tp15,eva028-CoreRiskV1,t_tp15,XAUUSD_HIST,M1,680,680,681,trend,-1,trend_sell,tp,tp,1,2023.10.31 18:18:00,1698776280000,1981.859,2023.10.31 18:34:20,1698777260000,1979.329,0.01,1988.100,1979.329,2.53,0.00,0.00,2.53,980,0,2,288.30,0.0145,1.0000,0.0,0.0,1982.888,1,67.97,200.0,1.687
t_tp15,eva028-CoreRiskV1,t_tp15,XAUUSD_HIST,M1,682,682,683,trend,-1,trend_sell,trend_state_exit,expert,1,2023.10.31 18:35:00,1698777300000,1980.309,2023.10.31 18:50:00,1698778200000,1984.175,0.01,1986.588,1977.763,-3.87,0.00,0.00,-3.87,900,0,2,563.51,0.0285,1.0000,0.0,0.0,1980.602,1,81.90,200.0,1.697
t_tp15,eva028-CoreRiskV1,t_tp15,XAUUSD_HIST,M1,684,684,685,trend,-1,trend_sell,tp,tp,1,2023.11.01 16:25:00,1698855900000,1977.275,2023.11.01 16:44:40,1698857080000,1974.798,0.01,1983.385,1974.798,2.48,0.00,0.00,2.48,1180,0,2,441.47,0.0223,1.0000,0.0,0.0,1977.623,1,79.80,200.0,1.651
t_tp15,eva028-CoreRiskV1,t_tp15,XAUUSD_HIST,M1,686,686,687,trend,-1,trend_sell,trend_state_exit,expert,1,2023.11.01 16:45:00,1698857100000,1975.045,2023.11.01 17:05:00,1698858300000,1979.306,0.01,1981.269,1972.522,-4.26,0.00,0.00,-4.26,1200,0,2,413.43,0.0209,1.0000,0.0,0.0,1975.938,1,79.72,200.0,1.682
t_tp15,eva028-CoreRiskV1,t_tp15,XAUUSD_HIST,M1,688,688,689,trend,1,trend_buy,trend_state_exit,expert,1,2023.11.07 18:50:00,1699383000000,1969.595,2023.11.07 19:40:00,1699386000000,1967.601,0.01,1965.688,1971.179,-2.00,0.00,0.00,-2.00,3000,0,1,377.31,0.0192,1.0000,0.0,0.0,1968.686,1,68.70,200.0,1.056
t_tp15,eva028-CoreRiskV1,t_tp15,XAUUSD_HIST,M1,690,690,691,trend,-1,trend_sell,trend_state_exit,expert,1,2023.11.08 16:18:00,1699460280000,1955.258,2023.11.08 16:20:00,1699460400000,1957.197,0.01,1963.900,1951.754,-1.94,0.00,0.00,-1.94,120,0,2,756.25,0.0387,1.0000,0.0,0.0,1954.669,1,138.68,200.0,2.336
t_tp15,eva028-CoreRiskV1,t_tp15,XAUUSD_HIST,M1,692,692,693,trend,1,trend_buy,tp,tp,1,2023.11.09 15:12:00,1699542720000,1958.469,2023.11.09 15:39:40,1699544380000,1961.615,0.01,1950.708,1961.615,3.15,0.00,0.00,3.15,1660,0,1,794.10,0.0406,1.0000,0.0,0.0,1957.597,1,149.65,200.0,2.098
t_tp15,eva028-CoreRiskV1,t_tp15,XAUUSD_HIST,M1,694,694,695,trend,1,trend_buy,trend_state_exit,expert,1,2023.11.09 15:40:00,1699544400000,1962.179,2023.11.09 16:55:00,1699548900000,1960.786,0.01,1954.105,1965.452,-1.39,0.00,0.00,-1.39,4500,0,1,564.68,0.0288,1.0000,0.0,0.0,1959.362,1,128.88,200.0,2.182
t_tp15,eva028-CoreRiskV1,t_tp15,XAUUSD_HIST,M1,696,696,697,trend,-1,trend_sell,sl,sl,1,2023.11.10 18:30:00,1699641000000,1933.715,2023.11.10 18:48:40,1699642120000,1937.268,0.01,1937.511,1932.176,-3.55,0.00,0.00,-3.55,1120,0,2,444.47,0.0230,1.0000,0.0,0.0,1935.101,1,67.95,200.0,1.026
t_tp15,eva028-CoreRiskV1,t_tp15,XAUUSD_HIST,M1,698,698,699,trend,-1,trend_sell,trend_state_exit,expert,1,2023.11.10 18:49:00,1699642140000,1937.157,2023.11.10 18:50:00,1699642200000,1937.733,0.01,1941.243,1935.501,-0.57,0.00,0.00,-0.57,60,0,2,486.52,0.0251,1.0000,0.0,0.0,1935.946,1,73.10,200.0,1.104
t_tp15,eva028-CoreRiskV1,t_tp15,XAUUSD_HIST,M1,700,700,701,trend,1,trend_buy,trend_state_exit,expert,1,2023.11.14 14:40:00,1699972800000,1970.964,2023.11.14 15:50:00,1699977000000,1965.189,0.01,1955.333,1977.301,-5.77,0.00,0.00,-5.77,4200,0,1,1365.43,0.0693,1.0000,0.0,0.0,1961.664,1,185.30,200.0,4.225
t_tp15,eva028-CoreRiskV1,t_tp15,XAUUSD_HIST,M1,702,702,703,trend,-1,trend_sell,trend_state_exit,expert,1,2023.11.15 14:55:00,1700060100000,1956.962,2023.11.15 15:35:00,1700062500000,1961.336,0.01,1966.639,1953.039,-4.38,0.00,0.00,-4.38,2400,0,2,1054.03,0.0539,1.0000,0.0,0.0,1959.806,1,141.90,200.0,2.615
t_tp15,eva028-CoreRiskV1,t_tp15,XAUUSD_HIST,M1,704,704,705,trend,1,trend_buy,tp,tp,1,2023.11.16 15:14:00,1700147640000,1982.667,2023.11.16 15:26:40,1700148400000,1985.907,0.01,1974.675,1985.907,3.24,0.00,0.00,3.24,760,0,1,688.12,0.0347,1.0000,0.0,0.0,1981.735,1,160.80,200.0,2.160
t_tp15,eva028-CoreRiskV1,t_tp15,XAUUSD_HIST,M1,706,706,707,trend,1,trend_buy,trend_state_exit,expert,1,2023.11.16 15:27:00,1700148420000,1985.816,2023.11.16 16:25:00,1700151900000,1983.507,0.01,1977.423,1989.219,-2.31,0.00,0.00,-2.31,3480,0,1,586.85,0.0296,1.0000,0.0,0.0,1985.055,1,146.55,200.0,2.268
t_tp15,eva028-CoreRiskV1,t_tp15,XAUUSD_HIST,M1,708,708,709,trend,-1,trend_sell,trend_state_exit,expert,1,2023.11.17 14:55:00,1700232900000,1979.580,2023.11.17 15:35:00,1700235300000,1983.343,0.01,1987.160,1976.507,-3.76,0.00,0.00,-3.76,2400,0,2,657.77,0.0332,1.0000,0.0,0.0,1981.420,1,126.35,200.0,2.049
t_tp15,eva028-CoreRiskV1,t_tp15,XAUUSD_HIST,M1,710,710,711,trend,1,trend_buy,trend_state_exit,expert,1,2023.11.21 15:05:00,1700579100000,2005.327,2023.11.21 16:15:00,1700583300000,2002.433,0.01,1997.408,2008.537,-2.90,0.00,0.00,-2.90,4200,0,1,887.00,0.0442,1.0000,0.0,0.0,2005.565,1,141.55,199.0,2.140
t_tp15,eva028-CoreRiskV1,t_tp15,XAUUSD_HIST,M1,712,712,713,trend,1,trend_buy,tp,tp,1,2023.11.28 17:01:00,1701190860000,2039.888,2023.11.28 17:16:40,1701191800000,2042.991,0.01,2032.234,2042.991,3.10,0.00,0.00,3.10,940,0,1,456.51,0.0224,1.0000,0.0,0.0,2039.801,1,101.40,200.0,2.069
t_tp15,eva028-CoreRiskV1,t_tp15,XAUUSD_HIST,M1,714,714,715,trend,1,trend_buy,trend_state_exit,expert,1,2023.11.28 17:17:00,1701191820000,2042.882,2023.11.28 18:15:00,1701195300000,2039.289,0.01,2035.642,2045.817,-3.59,0.00,0.00,-3.59,3480,0,1,504.20,0.0247,1.0000,0.0,0.0,2040.879,1,88.40,200.0,1.957
t_tp15,eva028-CoreRiskV1,t_tp15,XAUUSD_HIST,M1,716,716,717,trend,1,trend_buy,trend_state_exit,expert,1,2023.11.30 17:30:00,1701365400000,2041.012,2023.11.30 17:35:00,1701365700000,2039.197,0.01,2036.083,2043.010,-1.81,0.00,0.00,-1.81,300,0,1,390.15,0.0191,1.0000,0.0,0.0,2040.834,1,76.45,200.0,1.332
t_tp15,eva028-CoreRiskV1,t_tp15,XAUUSD_HIST,M1,718,718,719,trend,1,trend_buy,tp,tp,1,2023.12.01 16:55:00,1701449700000,2060.471,2023.12.01 17:48:40,1701452920000,2064.971,0.01,2049.370,2064.971,4.50,0.00,0.00,4.50,3220,0,1,621.24,0.0302,1.0000,0.0,0.0,2059.467,1,155.53,200.0,3.000
t_tp15,eva028-CoreRiskV1,t_tp15,XAUUSD_HIST,M1,720,720,721,trend,1,trend_buy,tp,tp,1,2023.12.01 17:49:00,1701452940000,2065.543,2023.12.01 18:15:40,1701454540000,2068.598,0.01,2058.007,2068.598,3.06,0.00,0.00,3.06,1600,0,1,460.26,0.0223,1.0000,0.0,0.0,2063.045,1,103.35,200.0,2.037
t_tp15,eva028-CoreRiskV1,t_tp15,XAUUSD_HIST,M1,722,722,723,trend,1,trend_buy,tp,tp,1,2023.12.01 18:16:00,1701454560000,2068.983,2023.12.01 18:33:40,1701455620000,2071.844,0.01,2061.926,2071.844,2.86,0.00,0.00,2.86,1060,0,1,710.25,0.0343,1.0000,0.0,0.0,2067.353,1,93.33,370.0,1.907
t_tp15,eva028-CoreRiskV1,t_tp15,XAUUSD_HIST,M1,724,724,725,trend,1,trend_buy,trend_state_exit,expert,1,2023.12.01 18:34:00,1701455640000,2072.863,2023.12.01 19:30:00,1701459000000,2069.760,0.01,2065.401,2075.888,-3.10,0.00,0.00,-3.10,3360,0,1,680.17,0.0328,1.0000,0.0,0.0,2069.307,1,81.92,372.0,2.017
t_tp15,eva028-CoreRiskV1,t_tp15,XAUUSD_HIST,M1,726,726,727,trend,-1,trend_sell,tp,tp,1,2023.12.04 06:55:00,1701672900000,2075.443,2023.12.04 07:41:40,1701675700000,2072.613,0.01,2082.424,2072.613,2.83,0.00,0.00,2.83,2800,0,2,797.76,0.0384,1.0000,0.0,0.0,2080.828,1,113.95,200.0,1.887
t_tp15,eva028-CoreRiskV1,t_tp15,XAUUSD_HIST,M1,728,728,729,trend,-1,trend_sell,tp,tp,1,2023.12.04 07:42:00,1701675720000,2071.008,2023.12.04 07:43:40,1701675820000,2067.326,0.01,2080.090,2067.326,3.68,0.00,0.00,3.68,100,0,2,857.66,0.0414,1.0000,0.0,0.0,2074.267,1,131.32,200.0,2.455
t_tp15,eva028-CoreRiskV1,t_tp15,XAUUSD_HIST,M1,730,730,731,trend,-1,trend_sell,tp,tp,1,2023.12.04 07:44:00,1701675840000,2067.711,2023.12.04 07:56:40,1701676600000,2064.029,0.01,2076.793,2064.029,3.68,0.00,0.00,3.68,760,0,2,1171.20,0.0566,1.0000,0.0,0.0,2073.484,1,147.22,200.0,2.455
t_tp15,eva028-CoreRiskV1,t_tp15,XAUUSD_HIST,M1,732,732,733,trend,-1,trend_sell,tp,tp,1,2023.12.04 07:57:00,1701676620000,2063.843,2023.12.04 08:01:40,1701676900000,2059.041,0.01,2075.688,2059.041,4.80,0.00,0.00,4.80,280,0,2,1677.58,0.0813,1.0000,0.0,0.0,2068.107,1,171.95,199.0,3.201
t_tp15,eva028-CoreRiskV1,t_tp15,XAUUSD_HIST,M1,734,734,735,trend,-1,trend_sell,trend_state_exit,expert,1,2023.12.04 08:02:00,1701676920000,2058.881,2023.12.04 08:45:00,1701679500000,2068.491,0.01,2071.701,2053.684,-9.61,0.00,0.00,-9.61,2580,0,2,1533.41,0.0745,1.0000,0.0,0.0,2065.624,1,213.53,199.0,3.465
t_tp15,eva028-CoreRiskV1,t_tp15,XAUUSD_HIST,M1,736,736,737,trend,-1,trend_sell,trend_state_exit,expert,1,2023.12.04 14:20:00,1701699600000,2047.360,2023.12.04 15:05:00,1701702300000,2051.659,0.01,2059.277,2042.529,-4.30,0.00,0.00,-4.30,2700,0,2,1003.02,0.0490,1.0000,0.0,0.0,2050.939,1,212.55,200.0,3.221
t_tp15,eva028-CoreRiskV1,t_tp15,XAUUSD_HIST,M1,738,738,739,trend,-1,trend_sell,tp,tp,1,2023.12.04 15:30:00,1701703800000,2033.286,2023.12.04 15:33:40,1701704020000,2026.054,0.01,2051.125,2026.054,7.24,0.00,0.00,7.24,220,0,2,2989.05,0.1470,1.0000,0.0,0.0,2044.052,1,340.57,200.0,4.821
t_tp15,eva028-CoreRiskV1,t_tp15,XAUUSD_HIST,M1,740,740,741,trend,-1,trend_sell,trend_state_exit,expert,1,2023.12.04 15:34:00,1701704040000,2024.328,2023.12.04 17:10:00,1701709800000,2028.877,0.01,2042.167,2017.096,-4.55,0.00,0.00,-4.55,5760,0,2,3374.15,0.1667,1.0000,0.0,0.0,2040.686,1,374.38,200.0,4.821
t_tp15,eva028-CoreRiskV1,t_tp15,XAUUSD_HIST,M1,742,742,743,trend,1,trend_buy,tp,tp,1,2023.12.05 00:30:00,1701736200000,2037.603,2023.12.05 00:32:20,1701736340000,2039.747,0.01,2032.314,2039.747,2.15,0.00,0.00,2.15,140,0,1,448.07,0.0220,1.0000,0.0,0.0,2035.994,1,93.70,200.0,1.429
t_tp15,eva028-CoreRiskV1,t_tp15,XAUUSD_HIST,M1,744,744,745,trend,1,trend_buy,sl,sl,1,2023.12.05 00:33:00,1701736380000,2039.589,2023.12.05 01:00:40,1701738040000,2035.919,0.01,2034.300,2041.733,-3.67,0.00,0.00,-3.67,1660,0,1,564.33,0.0277,1.0000,0.0,0.0,2036.637,1,97.55,200.0,1.429
t_tp15,eva028-CoreRiskV1,t_tp15,XAUUSD_HIST,M1,746,746,747,trend,1,trend_buy,trend_state_exit,expert,1,2023.12.05 01:01:00,1701738060000,2036.424,2023.12.05 01:40:00,1701740400000,2035.008,0.01,2030.036,2039.014,-1.41,0.00,0.00,-1.41,2340,0,1,381.52,0.0187,1.0000,0.0,0.0,2036.847,1,95.25,200.0,1.726
t_tp15,eva028-CoreRiskV1,t_tp15,XAUUSD_HIST,M1,748,748,749,trend,-1,trend_sell,trend_state_exit,expert,1,2023.12.05 10:30:00,1701772200000,2023.647,2023.12.05 12:30:00,1701779400000,2025.066,0.01,2030.427,2020.898,-1.42,0.00,0.00,-1.42,7200,0,2,625.57,0.0309,1.0000,0.0,0.0,2025.215,1,88.33,200.0,1.833
t_tp15,eva028-CoreRiskV1,t_tp15,XAUUSD_HIST,M1,750,750,751,trend,-1,trend_sell,trend_state_exit,expert,1,2023.12.05 15:45:00,1701791100000,2011.504,2023.12.05 16:05:00,1701792300000,2019.216,0.01,2025.677,2005.758,-7.72,0.00,0.00,-7.72,1200,0,2,1040.84,0.0517,1.0000,0.0,0.0,2014.669,1,290.15,199.0,3.830
t_tp15,eva028-CoreRiskV1,t_tp15,XAUUSD_HIST,M1,752,752,753,trend,-1,trend_sell,sl,sl,1,2023.12.07 17:10:00,1701969000000,2021.246,2023.12.07 17:42:40,1701970960000,2026.448,0.01,2028.207,2018.424,-5.20,0.00,0.00,-5.20,1960,0,2,752.40,0.0372,1.0000,0.0,0.0,2024.447,1,98.55,200.0,1.881
t_tp15,eva028-CoreRiskV1,t_tp15,XAUUSD_HIST,M1,754,754,755,trend,-1,trend_sell,trend_state_exit,expert,1,2023.12.07 17:43:00,1701970980000,2026.675,2023.12.07 17:45:00,1701971100000,2027.374,0.01,2033.434,2023.935,-0.69,0.00,0.00,-0.69,120,0,2,609.72,0.0301,1.0000,0.0,0.0,2024.865,1,102.05,199.0,1.827
t_tp15,eva028-CoreRiskV1,t_tp15,XAUUSD_HIST,M1,756,756,757,trend,-1,trend_sell,trend_state_exit,expert,1,2023.12.08 14:25:00,1702045500000,2004.824,2023.12.08 15:15:00,1702048500000,2011.277,0.01,2020.323,1998.541,-6.46,0.00,0.00,-6.46,3000,0,2,1024.70,0.0511,1.0000,0.0,0.0,2010.999,1,317.25,200.0,4.189
t_tp15,eva028-CoreRiskV1,t_tp15,XAUUSD_HIST,M1,758,758,759,trend,-1,trend_sell,tp,tp,1,2023.12.08 17:05:00,1702055100000,1998.330,2023.12.08 17:16:40,1702055800000,1994.945,0.01,2006.680,1994.945,3.38,0.00,0.00,3.38,700,0,2,809.38,0.0405,1.0000,0.0,0.0,2001.841,1,108.42,199.0,2.257
t_tp15,eva028-CoreRiskV1,t_tp15,XAUUSD_HIST,M1,760,760,761,trend,-1,trend_sell,trend_state_exit,expert,1,2023.12.08 17:17:00,1702055820000,1994.674,2023.12.08 18:20:00,1702059600000,1998.583,0.01,2002.886,1991.345,-3.91,0.00,0.00,-3.91,3780,0,2,828.77,0.0415,1.0000,0.0,0.0,1998.132,1,125.58,200.0,2.219
t_tp15,eva028-CoreRiskV1,t_tp15,XAUUSD_HIST,M1,762,762,763,trend,1,trend_buy,stage1_equity_kill,expert,1,2023.12.13 19:55:00,1702497300000,2015.113,2023.12.13 19:58:00,1702497480000,2011.919,0.01,1999.879,2021.289,-3.19,0.00,0.00,-3.19,180,0,1,1290.14,0.0640,1.0000,0.0,0.0,2011.623,1,351.60,200.0,4.117
